priority,release_date,launch_price,brand,model_name,ram_gb,storage_gb,variant_name,platform,search_url,store_name,external_id,sku_text,product_title,product_url,region,regular_price,public_sale_price,gov_price,billion_subsidy_price,promotion_labels,promotion_stackable,in_stock,evidence_text_path,screenshot_path,reviewer,review_status
HIGH,2026-05-01,,荣耀,荣耀600 Pro,12,512,12GB+512GB,jd,https://search.jd.com/Search?keyword=%E8%8D%A3%E8%80%80%20%E8%8D%A3%E8%80%80600%20Pro%2012GB%2B512GB%20%E5%AE%98%E6%96%B9%E6%97%97%E8%88%B0%E5%BA%97,,,12GB+512GB,,,中国大陆,,,,,,unknown,true,,,,pending
HIGH,2026-05-01,,荣耀,荣耀600 Pro,12,512,12GB+512GB,pdd,https://mobile.yangkeduo.com/search_result.html?search_key=%E8%8D%A3%E8%80%80%20%E8%8D%A3%E8%80%80600%20Pro%2012GB%2B512GB%20%E5%AE%98%E6%96%B9%E6%97%97%E8%88%B0%E5%BA%97,,,12GB+512GB,,,中国大陆,,,,,,unknown,true,,,,pending
HIGH,2026-05-01,,荣耀,荣耀600 Pro,12,512,12GB+512GB,tmall,https://list.tmall.com/search_product.htm?q=%E8%8D%A3%E8%80%80%20%E8%8D%A3%E8%80%80600%20Pro%2012GB%2B512GB%20%E5%AE%98%E6%96%B9%E6%97%97%E8%88%B0%E5%BA%97,,,12GB+512GB,,,中国大陆,,,,,,unknown,true,,,,pending
HIGH,2026-03-01,6999.00,vivo,vivo X300 Ultra,12,256,12GB+256,jd,https://search.jd.com/Search?keyword=vivo%20vivo%20X300%20Ultra%2012GB%2B256%20%E5%AE%98%E6%96%B9%E6%97%97%E8%88%B0%E5%BA%97,,,12GB+256,,,中国大陆,,,,,,unknown,true,,,,pending
HIGH,2026-03-01,6999.00,vivo,vivo X300 Ultra,12,256,12GB+256,pdd,https://mobile.yangkeduo.com/search_result.html?search_key=vivo%20vivo%20X300%20Ultra%2012GB%2B256%20%E5%AE%98%E6%96%B9%E6%97%97%E8%88%B0%E5%BA%97,,,12GB+256,,,中国大陆,,,,,,unknown,true,,,,pending
HIGH,2026-03-01,6999.00,vivo,vivo X300 Ultra,12,256,12GB+256,tmall,https://list.tmall.com/search_product.htm?q=vivo%20vivo%20X300%20Ultra%2012GB%2B256%20%E5%AE%98%E6%96%B9%E6%97%97%E8%88%B0%E5%BA%97,,,12GB+256,,,中国大陆,,,,,,unknown,true,,,,pending
HIGH,2026-03-01,7499.00,vivo,vivo X300 Ultra,12,512,12GB+512,jd,https://search.jd.com/Search?keyword=vivo%20vivo%20X300%20Ultra%2012GB%2B512%20%E5%AE%98%E6%96%B9%E6%97%97%E8%88%B0%E5%BA%97,,,12GB+512,,,中国大陆,,,,,,unknown,true,,,,pending
HIGH,2026-03-01,7999.00,vivo,vivo X300 Ultra,16,512,16GB+512,jd,https://search.jd.com/Search?keyword=vivo%20vivo%20X300%20Ultra%2016GB%2B512%20%E5%AE%98%E6%96%B9%E6%97%97%E8%88%B0%E5%BA%97,,,16GB+512,,,中国大陆,,,,,,unknown,true,,,,pending
HIGH,2026-03-01,7499.00,vivo,vivo X300 Ultra,12,512,12GB+512,pdd,https://mobile.yangkeduo.com/search_result.html?search_key=vivo%20vivo%20X300%20Ultra%2012GB%2B512%20%E5%AE%98%E6%96%B9%E6%97%97%E8%88%B0%E5%BA%97,,,12GB+512,,,中国大陆,,,,,,unknown,true,,,,pending
HIGH,2026-03-01,7999.00,vivo,vivo X300 Ultra,16,512,16GB+512,pdd,https://mobile.yangkeduo.com/search_result.html?search_key=vivo%20vivo%20X300%20Ultra%2016GB%2B512%20%E5%AE%98%E6%96%B9%E6%97%97%E8%88%B0%E5%BA%97,,,16GB+512,,,中国大陆,,,,,,unknown,true,,,,pending
HIGH,2026-03-01,7499.00,vivo,vivo X300 Ultra,12,512,12GB+512,tmall,https://list.tmall.com/search_product.htm?q=vivo%20vivo%20X300%20Ultra%2012GB%2B512%20%E5%AE%98%E6%96%B9%E6%97%97%E8%88%B0%E5%BA%97,,,12GB+512,,,中国大陆,,,,,,unknown,true,,,,pending
HIGH,2026-03-01,7999.00,vivo,vivo X300 Ultra,16,512,16GB+512,tmall,https://list.tmall.com/search_product.htm?q=vivo%20vivo%20X300%20Ultra%2016GB%2B512%20%E5%AE%98%E6%96%B9%E6%97%97%E8%88%B0%E5%BA%97,,,16GB+512,,,中国大陆,,,,,,unknown,true,,,,pending
HIGH,2026-03-01,,vivo,vivo X300 Ultra,16,1024,16GB+1TB,jd,https://search.jd.com/Search?keyword=vivo%20vivo%20X300%20Ultra%2016GB%2B1TB%20%E5%AE%98%E6%96%B9%E6%97%97%E8%88%B0%E5%BA%97,,,16GB+1TB,,,中国大陆,,,,,,unknown,true,,,,pending
HIGH,2026-03-01,,vivo,vivo X300 Ultra,16,1024,16GB+1TB,pdd,https://mobile.yangkeduo.com/search_result.html?search_key=vivo%20vivo%20X300%20Ultra%2016GB%2B1TB%20%E5%AE%98%E6%96%B9%E6%97%97%E8%88%B0%E5%BA%97,,,16GB+1TB,,,中国大陆,,,,,,unknown,true,,,,pending
HIGH,2026-03-01,,vivo,vivo X300 Ultra,16,1024,16GB+1TB,tmall,https://list.tmall.com/search_product.htm?q=vivo%20vivo%20X300%20Ultra%2016GB%2B1TB%20%E5%AE%98%E6%96%B9%E6%97%97%E8%88%B0%E5%BA%97,,,16GB+1TB,,,中国大陆,,,,,,unknown,true,,,,pending
HIGH,2026-02-01,,vivo,iQOO 15 Ultra,16,256,16GB+256,jd,https://search.jd.com/Search?keyword=vivo%20iQOO%2015%20Ultra%2016GB%2B256%20%E5%AE%98%E6%96%B9%E6%97%97%E8%88%B0%E5%BA%97,,,16GB+256,,,中国大陆,,,,,,unknown,true,,,,pending
HIGH,2026-02-01,,vivo,iQOO 15 Ultra,16,256,16GB+256,pdd,https://mobile.yangkeduo.com/search_result.html?search_key=vivo%20iQOO%2015%20Ultra%2016GB%2B256%20%E5%AE%98%E6%96%B9%E6%97%97%E8%88%B0%E5%BA%97,,,16GB+256,,,中国大陆,,,,,,unknown,true,,,,pending
HIGH,2026-02-01,,vivo,iQOO 15 Ultra,16,256,16GB+256,tmall,https://list.tmall.com/search_product.htm?q=vivo%20iQOO%2015%20Ultra%2016GB%2B256%20%E5%AE%98%E6%96%B9%E6%97%97%E8%88%B0%E5%BA%97,,,16GB+256,,,中国大陆,,,,,,unknown,true,,,,pending
HIGH,2026-02-01,6499.00,vivo,iQOO 15 Ultra,16,512,16GB+512,jd,https://search.jd.com/Search?keyword=vivo%20iQOO%2015%20Ultra%2016GB%2B512%20%E5%AE%98%E6%96%B9%E6%97%97%E8%88%B0%E5%BA%97,,,16GB+512,,,中国大陆,,,,,,unknown,true,,,,pending
HIGH,2026-02-01,6499.00,vivo,iQOO 15 Ultra,16,512,16GB+512,pdd,https://mobile.yangkeduo.com/search_result.html?search_key=vivo%20iQOO%2015%20Ultra%2016GB%2B512%20%E5%AE%98%E6%96%B9%E6%97%97%E8%88%B0%E5%BA%97,,,16GB+512,,,中国大陆,,,,,,unknown,true,,,,pending
HIGH,2026-02-01,6499.00,vivo,iQOO 15 Ultra,16,512,16GB+512,tmall,https://list.tmall.com/search_product.htm?q=vivo%20iQOO%2015%20Ultra%2016GB%2B512%20%E5%AE%98%E6%96%B9%E6%97%97%E8%88%B0%E5%BA%97,,,16GB+512,,,中国大陆,,,,,,unknown,true,,,,pending
HIGH,2026-02-01,7499.00,vivo,iQOO 15 Ultra,16,1024,16GB+1TB,jd,https://search.jd.com/Search?keyword=vivo%20iQOO%2015%20Ultra%2016GB%2B1TB%20%E5%AE%98%E6%96%B9%E6%97%97%E8%88%B0%E5%BA%97,,,16GB+1TB,,,中国大陆,,,,,,unknown,true,,,,pending
HIGH,2026-02-01,8199.00,vivo,iQOO 15 Ultra,24,1024,24GB+1TB,jd,https://search.jd.com/Search?keyword=vivo%20iQOO%2015%20Ultra%2024GB%2B1TB%20%E5%AE%98%E6%96%B9%E6%97%97%E8%88%B0%E5%BA%97,,,24GB+1TB,,,中国大陆,,,,,,unknown,true,,,,pending
HIGH,2026-02-01,7499.00,vivo,iQOO 15 Ultra,16,1024,16GB+1TB,pdd,https://mobile.yangkeduo.com/search_result.html?search_key=vivo%20iQOO%2015%20Ultra%2016GB%2B1TB%20%E5%AE%98%E6%96%B9%E6%97%97%E8%88%B0%E5%BA%97,,,16GB+1TB,,,中国大陆,,,,,,unknown,true,,,,pending
HIGH,2026-02-01,8199.00,vivo,iQOO 15 Ultra,24,1024,24GB+1TB,pdd,https://mobile.yangkeduo.com/search_result.html?search_key=vivo%20iQOO%2015%20Ultra%2024GB%2B1TB%20%E5%AE%98%E6%96%B9%E6%97%97%E8%88%B0%E5%BA%97,,,24GB+1TB,,,中国大陆,,,,,,unknown,true,,,,pending
HIGH,2026-02-01,7499.00,vivo,iQOO 15 Ultra,16,1024,16GB+1TB,tmall,https://list.tmall.com/search_product.htm?q=vivo%20iQOO%2015%20Ultra%2016GB%2B1TB%20%E5%AE%98%E6%96%B9%E6%97%97%E8%88%B0%E5%BA%97,,,16GB+1TB,,,中国大陆,,,,,,unknown,true,,,,pending
HIGH,2026-02-01,8199.00,vivo,iQOO 15 Ultra,24,1024,24GB+1TB,tmall,https://list.tmall.com/search_product.htm?q=vivo%20iQOO%2015%20Ultra%2024GB%2B1TB%20%E5%AE%98%E6%96%B9%E6%97%97%E8%88%B0%E5%BA%97,,,24GB+1TB,,,中国大陆,,,,,,unknown,true,,,,pending
HIGH,2025-12-01,2999.00,vivo,vivo S50,12,256,12GB+256,jd,https://search.jd.com/Search?keyword=vivo%20vivo%20S50%2012GB%2B256%20%E5%AE%98%E6%96%B9%E6%97%97%E8%88%B0%E5%BA%97,,,12GB+256,,,中国大陆,,,,,,unknown,true,,,,pending
HIGH,2025-12-01,3399.00,vivo,vivo S50,16,256,16GB+256,jd,https://search.jd.com/Search?keyword=vivo%20vivo%20S50%2016GB%2B256%20%E5%AE%98%E6%96%B9%E6%97%97%E8%88%B0%E5%BA%97,,,16GB+256,,,中国大陆,,,,,,unknown,true,,,,pending
HIGH,2025-12-01,2999.00,vivo,vivo S50,12,256,12GB+256,pdd,https://mobile.yangkeduo.com/search_result.html?search_key=vivo%20vivo%20S50%2012GB%2B256%20%E5%AE%98%E6%96%B9%E6%97%97%E8%88%B0%E5%BA%97,,,12GB+256,,,中国大陆,,,,,,unknown,true,,,,pending
HIGH,2025-12-01,3399.00,vivo,vivo S50,16,256,16GB+256,pdd,https://mobile.yangkeduo.com/search_result.html?search_key=vivo%20vivo%20S50%2016GB%2B256%20%E5%AE%98%E6%96%B9%E6%97%97%E8%88%B0%E5%BA%97,,,16GB+256,,,中国大陆,,,,,,unknown,true,,,,pending
HIGH,2025-12-01,2999.00,vivo,vivo S50,12,256,12GB+256,tmall,https://list.tmall.com/search_product.htm?q=vivo%20vivo%20S50%2012GB%2B256%20%E5%AE%98%E6%96%B9%E6%97%97%E8%88%B0%E5%BA%97,,,12GB+256,,,中国大陆,,,,,,unknown,true,,,,pending
HIGH,2025-12-01,3399.00,vivo,vivo S50,16,256,16GB+256,tmall,https://list.tmall.com/search_product.htm?q=vivo%20vivo%20S50%2016GB%2B256%20%E5%AE%98%E6%96%B9%E6%97%97%E8%88%B0%E5%BA%97,,,16GB+256,,,中国大陆,,,,,,unknown,true,,,,pending
HIGH,2025-12-01,3299.00,vivo,vivo S50,12,512,12GB+512,jd,https://search.jd.com/Search?keyword=vivo%20vivo%20S50%2012GB%2B512%20%E5%AE%98%E6%96%B9%E6%97%97%E8%88%B0%E5%BA%97,,,12GB+512,,,中国大陆,,,,,,unknown,true,,,,pending
HIGH,2025-12-01,3599.00,vivo,vivo S50,16,512,16GB+512,jd,https://search.jd.com/Search?keyword=vivo%20vivo%20S50%2016GB%2B512%20%E5%AE%98%E6%96%B9%E6%97%97%E8%88%B0%E5%BA%97,,,16GB+512,,,中国大陆,,,,,,unknown,true,,,,pending
HIGH,2025-12-01,3299.00,vivo,vivo S50,12,512,12GB+512,pdd,https://mobile.yangkeduo.com/search_result.html?search_key=vivo%20vivo%20S50%2012GB%2B512%20%E5%AE%98%E6%96%B9%E6%97%97%E8%88%B0%E5%BA%97,,,12GB+512,,,中国大陆,,,,,,unknown,true,,,,pending
HIGH,2025-12-01,3599.00,vivo,vivo S50,16,512,16GB+512,pdd,https://mobile.yangkeduo.com/search_result.html?search_key=vivo%20vivo%20S50%2016GB%2B512%20%E5%AE%98%E6%96%B9%E6%97%97%E8%88%B0%E5%BA%97,,,16GB+512,,,中国大陆,,,,,,unknown,true,,,,pending
HIGH,2025-12-01,3299.00,vivo,vivo S50,12,512,12GB+512,tmall,https://list.tmall.com/search_product.htm?q=vivo%20vivo%20S50%2012GB%2B512%20%E5%AE%98%E6%96%B9%E6%97%97%E8%88%B0%E5%BA%97,,,12GB+512,,,中国大陆,,,,,,unknown,true,,,,pending
HIGH,2025-12-01,3599.00,vivo,vivo S50,16,512,16GB+512,tmall,https://list.tmall.com/search_product.htm?q=vivo%20vivo%20S50%2016GB%2B512%20%E5%AE%98%E6%96%B9%E6%97%97%E8%88%B0%E5%BA%97,,,16GB+512,,,中国大陆,,,,,,unknown,true,,,,pending
HIGH,2025-12-01,3699.00,vivo,vivo S50 Pro mini,12,256,12GB+256,jd,https://search.jd.com/Search?keyword=vivo%20vivo%20S50%20Pro%20mini%2012GB%2B256%20%E5%AE%98%E6%96%B9%E6%97%97%E8%88%B0%E5%BA%97,,,12GB+256,,,中国大陆,,,,,,unknown,true,,,,pending
HIGH,2025-12-01,3699.00,vivo,vivo S50 Pro mini,12,256,12GB+256,pdd,https://mobile.yangkeduo.com/search_result.html?search_key=vivo%20vivo%20S50%20Pro%20mini%2012GB%2B256%20%E5%AE%98%E6%96%B9%E6%97%97%E8%88%B0%E5%BA%97,,,12GB+256,,,中国大陆,,,,,,unknown,true,,,,pending
HIGH,2025-12-01,3699.00,vivo,vivo S50 Pro mini,12,256,12GB+256,tmall,https://list.tmall.com/search_product.htm?q=vivo%20vivo%20S50%20Pro%20mini%2012GB%2B256%20%E5%AE%98%E6%96%B9%E6%97%97%E8%88%B0%E5%BA%97,,,12GB+256,,,中国大陆,,,,,,unknown,true,,,,pending
HIGH,2025-12-01,3999.00,vivo,vivo S50 Pro mini,12,512,12GB+512,jd,https://search.jd.com/Search?keyword=vivo%20vivo%20S50%20Pro%20mini%2012GB%2B512%20%E5%AE%98%E6%96%B9%E6%97%97%E8%88%B0%E5%BA%97,,,12GB+512,,,中国大陆,,,,,,unknown,true,,,,pending
HIGH,2025-12-01,4299.00,vivo,vivo S50 Pro mini,16,512,16GB+512,jd,https://search.jd.com/Search?keyword=vivo%20vivo%20S50%20Pro%20mini%2016GB%2B512%20%E5%AE%98%E6%96%B9%E6%97%97%E8%88%B0%E5%BA%97,,,16GB+512,,,中国大陆,,,,,,unknown,true,,,,pending
HIGH,2025-12-01,3999.00,vivo,vivo S50 Pro mini,12,512,12GB+512,pdd,https://mobile.yangkeduo.com/search_result.html?search_key=vivo%20vivo%20S50%20Pro%20mini%2012GB%2B512%20%E5%AE%98%E6%96%B9%E6%97%97%E8%88%B0%E5%BA%97,,,12GB+512,,,中国大陆,,,,,,unknown,true,,,,pending
HIGH,2025-12-01,4299.00,vivo,vivo S50 Pro mini,16,512,16GB+512,pdd,https://mobile.yangkeduo.com/search_result.html?search_key=vivo%20vivo%20S50%20Pro%20mini%2016GB%2B512%20%E5%AE%98%E6%96%B9%E6%97%97%E8%88%B0%E5%BA%97,,,16GB+512,,,中国大陆,,,,,,unknown,true,,,,pending
HIGH,2025-12-01,3999.00,vivo,vivo S50 Pro mini,12,512,12GB+512,tmall,https://list.tmall.com/search_product.htm?q=vivo%20vivo%20S50%20Pro%20mini%2012GB%2B512%20%E5%AE%98%E6%96%B9%E6%97%97%E8%88%B0%E5%BA%97,,,12GB+512,,,中国大陆,,,,,,unknown,true,,,,pending
HIGH,2025-12-01,4299.00,vivo,vivo S50 Pro mini,16,512,16GB+512,tmall,https://list.tmall.com/search_product.htm?q=vivo%20vivo%20S50%20Pro%20mini%2016GB%2B512%20%E5%AE%98%E6%96%B9%E6%97%97%E8%88%B0%E5%BA%97,,,16GB+512,,,中国大陆,,,,,,unknown,true,,,,pending
HIGH,2025-10-01,5299.00,vivo,iQOO 15,16,256,16GB+256,jd,https://search.jd.com/Search?keyword=vivo%20iQOO%2015%2016GB%2B256%20%E5%AE%98%E6%96%B9%E6%97%97%E8%88%B0%E5%BA%97,,,16GB+256,,,中国大陆,,,,,,unknown,true,,,,pending
HIGH,2025-10-01,,vivo,iQOO 15,12,256,12GB+256,pdd,https://mobile.yangkeduo.com/search_result.html?search_key=vivo%20iQOO%2015%2012GB%2B256%20%E5%AE%98%E6%96%B9%E6%97%97%E8%88%B0%E5%BA%97,,,12GB+256,,,中国大陆,,,,,,unknown,true,,,,pending
HIGH,2025-10-01,5299.00,vivo,iQOO 15,16,256,16GB+256,pdd,https://mobile.yangkeduo.com/search_result.html?search_key=vivo%20iQOO%2015%2016GB%2B256%20%E5%AE%98%E6%96%B9%E6%97%97%E8%88%B0%E5%BA%97,,,16GB+256,,,中国大陆,,,,,,unknown,true,,,,pending
HIGH,2025-10-01,,vivo,iQOO 15,12,256,12GB+256,tmall,https://list.tmall.com/search_product.htm?q=vivo%20iQOO%2015%2012GB%2B256%20%E5%AE%98%E6%96%B9%E6%97%97%E8%88%B0%E5%BA%97,,,12GB+256,,,中国大陆,,,,,,unknown,true,,,,pending
HIGH,2025-10-01,5599.00,vivo,iQOO 15,12,512,12GB+512,jd,https://search.jd.com/Search?keyword=vivo%20iQOO%2015%2012GB%2B512%20%E5%AE%98%E6%96%B9%E6%97%97%E8%88%B0%E5%BA%97,,,12GB+512,,,中国大陆,,,,,,unknown,true,,,,pending
HIGH,2025-10-01,5999.00,vivo,iQOO 15,16,512,16GB+512,jd,https://search.jd.com/Search?keyword=vivo%20iQOO%2015%2016GB%2B512%20%E5%AE%98%E6%96%B9%E6%97%97%E8%88%B0%E5%BA%97,,,16GB+512,,,中国大陆,,,,,,unknown,true,,,,pending
HIGH,2025-10-01,5599.00,vivo,iQOO 15,12,512,12GB+512,pdd,https://mobile.yangkeduo.com/search_result.html?search_key=vivo%20iQOO%2015%2012GB%2B512%20%E5%AE%98%E6%96%B9%E6%97%97%E8%88%B0%E5%BA%97,,,12GB+512,,,中国大陆,,,,,,unknown,true,,,,pending
HIGH,2025-10-01,5999.00,vivo,iQOO 15,16,512,16GB+512,pdd,https://mobile.yangkeduo.com/search_result.html?search_key=vivo%20iQOO%2015%2016GB%2B512%20%E5%AE%98%E6%96%B9%E6%97%97%E8%88%B0%E5%BA%97,,,16GB+512,,,中国大陆,,,,,,unknown,true,,,,pending
HIGH,2025-10-01,5599.00,vivo,iQOO 15,12,512,12GB+512,tmall,https://list.tmall.com/search_product.htm?q=vivo%20iQOO%2015%2012GB%2B512%20%E5%AE%98%E6%96%B9%E6%97%97%E8%88%B0%E5%BA%97,,,12GB+512,,,中国大陆,,,,,,unknown,true,,,,pending
HIGH,2025-10-01,5999.00,vivo,iQOO 15,16,512,16GB+512,tmall,https://list.tmall.com/search_product.htm?q=vivo%20iQOO%2015%2016GB%2B512%20%E5%AE%98%E6%96%B9%E6%97%97%E8%88%B0%E5%BA%97,,,16GB+512,,,中国大陆,,,,,,unknown,true,,,,pending
HIGH,2025-10-01,6999.00,vivo,iQOO 15,16,1024,16GB+1TB,jd,https://search.jd.com/Search?keyword=vivo%20iQOO%2015%2016GB%2B1TB%20%E5%AE%98%E6%96%B9%E6%97%97%E8%88%B0%E5%BA%97,,,16GB+1TB,,,中国大陆,,,,,,unknown,true,,,,pending
HIGH,2025-10-01,6999.00,vivo,iQOO 15,16,1024,16GB+1TB,pdd,https://mobile.yangkeduo.com/search_result.html?search_key=vivo%20iQOO%2015%2016GB%2B1TB%20%E5%AE%98%E6%96%B9%E6%97%97%E8%88%B0%E5%BA%97,,,16GB+1TB,,,中国大陆,,,,,,unknown,true,,,,pending
HIGH,2025-10-01,6999.00,vivo,iQOO 15,16,1024,16GB+1TB,tmall,https://list.tmall.com/search_product.htm?q=vivo%20iQOO%2015%2016GB%2B1TB%20%E5%AE%98%E6%96%B9%E6%97%97%E8%88%B0%E5%BA%97,,,16GB+1TB,,,中国大陆,,,,,,unknown,true,,,,pending
HIGH,2025-10-01,4599.00,vivo,vivo X300,12,256,12GB+256,jd,https://search.jd.com/Search?keyword=vivo%20vivo%20X300%2012GB%2B256%20%E5%AE%98%E6%96%B9%E6%97%97%E8%88%B0%E5%BA%97,,,12GB+256,,,中国大陆,,,,,,unknown,true,,,,pending
HIGH,2025-10-01,4999.00,vivo,vivo X300,16,256,16GB+256,jd,https://search.jd.com/Search?keyword=vivo%20vivo%20X300%2016GB%2B256%20%E5%AE%98%E6%96%B9%E6%97%97%E8%88%B0%E5%BA%97,,,16GB+256,,,中国大陆,,,,,,unknown,true,,,,pending
HIGH,2025-10-01,4599.00,vivo,vivo X300,12,256,12GB+256,pdd,https://mobile.yangkeduo.com/search_result.html?search_key=vivo%20vivo%20X300%2012GB%2B256%20%E5%AE%98%E6%96%B9%E6%97%97%E8%88%B0%E5%BA%97,,,12GB+256,,,中国大陆,,,,,,unknown,true,,,,pending
HIGH,2025-10-01,4999.00,vivo,vivo X300,16,256,16GB+256,pdd,https://mobile.yangkeduo.com/search_result.html?search_key=vivo%20vivo%20X300%2016GB%2B256%20%E5%AE%98%E6%96%B9%E6%97%97%E8%88%B0%E5%BA%97,,,16GB+256,,,中国大陆,,,,,,unknown,true,,,,pending
HIGH,2025-10-01,4599.00,vivo,vivo X300,12,256,12GB+256,tmall,https://list.tmall.com/search_product.htm?q=vivo%20vivo%20X300%2012GB%2B256%20%E5%AE%98%E6%96%B9%E6%97%97%E8%88%B0%E5%BA%97,,,12GB+256,,,中国大陆,,,,,,unknown,true,,,,pending
HIGH,2025-10-01,4999.00,vivo,vivo X300,16,256,16GB+256,tmall,https://list.tmall.com/search_product.htm?q=vivo%20vivo%20X300%2016GB%2B256%20%E5%AE%98%E6%96%B9%E6%97%97%E8%88%B0%E5%BA%97,,,16GB+256,,,中国大陆,,,,,,unknown,true,,,,pending
HIGH,2025-10-01,5299.00,vivo,vivo X300,12,512,12GB+512,jd,https://search.jd.com/Search?keyword=vivo%20vivo%20X300%2012GB%2B512%20%E5%AE%98%E6%96%B9%E6%97%97%E8%88%B0%E5%BA%97,,,12GB+512,,,中国大陆,,,,,,unknown,true,,,,pending
HIGH,2025-10-01,5699.00,vivo,vivo X300,16,512,16GB+512,jd,https://search.jd.com/Search?keyword=vivo%20vivo%20X300%2016GB%2B512%20%E5%AE%98%E6%96%B9%E6%97%97%E8%88%B0%E5%BA%97,,,16GB+512,,,中国大陆,,,,,,unknown,true,,,,pending
HIGH,2025-10-01,5299.00,vivo,vivo X300,12,512,12GB+512,pdd,https://mobile.yangkeduo.com/search_result.html?search_key=vivo%20vivo%20X300%2012GB%2B512%20%E5%AE%98%E6%96%B9%E6%97%97%E8%88%B0%E5%BA%97,,,12GB+512,,,中国大陆,,,,,,unknown,true,,,,pending
HIGH,2025-10-01,5699.00,vivo,vivo X300,16,512,16GB+512,pdd,https://mobile.yangkeduo.com/search_result.html?search_key=vivo%20vivo%20X300%2016GB%2B512%20%E5%AE%98%E6%96%B9%E6%97%97%E8%88%B0%E5%BA%97,,,16GB+512,,,中国大陆,,,,,,unknown,true,,,,pending
HIGH,2025-10-01,5299.00,vivo,vivo X300,12,512,12GB+512,tmall,https://list.tmall.com/search_product.htm?q=vivo%20vivo%20X300%2012GB%2B512%20%E5%AE%98%E6%96%B9%E6%97%97%E8%88%B0%E5%BA%97,,,12GB+512,,,中国大陆,,,,,,unknown,true,,,,pending
HIGH,2025-10-01,5699.00,vivo,vivo X300,16,512,16GB+512,tmall,https://list.tmall.com/search_product.htm?q=vivo%20vivo%20X300%2016GB%2B512%20%E5%AE%98%E6%96%B9%E6%97%97%E8%88%B0%E5%BA%97,,,16GB+512,,,中国大陆,,,,,,unknown,true,,,,pending
HIGH,2025-10-01,6299.00,vivo,vivo X300,16,1024,16GB+1TB,jd,https://search.jd.com/Search?keyword=vivo%20vivo%20X300%2016GB%2B1TB%20%E5%AE%98%E6%96%B9%E6%97%97%E8%88%B0%E5%BA%97,,,16GB+1TB,,,中国大陆,,,,,,unknown,true,,,,pending
HIGH,2025-10-01,6299.00,vivo,vivo X300,16,1024,16GB+1TB,pdd,https://mobile.yangkeduo.com/search_result.html?search_key=vivo%20vivo%20X300%2016GB%2B1TB%20%E5%AE%98%E6%96%B9%E6%97%97%E8%88%B0%E5%BA%97,,,16GB+1TB,,,中国大陆,,,,,,unknown,true,,,,pending
HIGH,2025-10-01,6299.00,vivo,vivo X300,16,1024,16GB+1TB,tmall,https://list.tmall.com/search_product.htm?q=vivo%20vivo%20X300%2016GB%2B1TB%20%E5%AE%98%E6%96%B9%E6%97%97%E8%88%B0%E5%BA%97,,,16GB+1TB,,,中国大陆,,,,,,unknown,true,,,,pending
HIGH,2025-10-01,5699.00,vivo,vivo X300 Pro,12,256,12GB+256,jd,https://search.jd.com/Search?keyword=vivo%20vivo%20X300%20Pro%2012GB%2B256%20%E5%AE%98%E6%96%B9%E6%97%97%E8%88%B0%E5%BA%97,,,12GB+256,,,中国大陆,,,,,,unknown,true,,,,pending
HIGH,2025-10-01,5699.00,vivo,vivo X300 Pro,12,256,12GB+256,pdd,https://mobile.yangkeduo.com/search_result.html?search_key=vivo%20vivo%20X300%20Pro%2012GB%2B256%20%E5%AE%98%E6%96%B9%E6%97%97%E8%88%B0%E5%BA%97,,,12GB+256,,,中国大陆,,,,,,unknown,true,,,,pending
HIGH,2025-10-01,5699.00,vivo,vivo X300 Pro,12,256,12GB+256,tmall,https://list.tmall.com/search_product.htm?q=vivo%20vivo%20X300%20Pro%2012GB%2B256%20%E5%AE%98%E6%96%B9%E6%97%97%E8%88%B0%E5%BA%97,,,12GB+256,,,中国大陆,,,,,,unknown,true,,,,pending
HIGH,2025-10-01,6499.00,vivo,vivo X300 Pro,16,512,16GB+512,jd,https://search.jd.com/Search?keyword=vivo%20vivo%20X300%20Pro%2016GB%2B512%20%E5%AE%98%E6%96%B9%E6%97%97%E8%88%B0%E5%BA%97,,,16GB+512,,,中国大陆,,,,,,unknown,true,,,,pending
HIGH,2025-10-01,5999.00,vivo,vivo X300 Pro,12,512,12GB+512,jd,https://search.jd.com/Search?keyword=vivo%20vivo%20X300%20Pro%2012GB%2B512%20%E5%AE%98%E6%96%B9%E6%97%97%E8%88%B0%E5%BA%97,,,12GB+512,,,中国大陆,,,,,,unknown,true,,,,pending
HIGH,2025-10-01,6499.00,vivo,vivo X300 Pro,16,512,16GB+512,pdd,https://mobile.yangkeduo.com/search_result.html?search_key=vivo%20vivo%20X300%20Pro%2016GB%2B512%20%E5%AE%98%E6%96%B9%E6%97%97%E8%88%B0%E5%BA%97,,,16GB+512,,,中国大陆,,,,,,unknown,true,,,,pending
HIGH,2025-10-01,5999.00,vivo,vivo X300 Pro,12,512,12GB+512,pdd,https://mobile.yangkeduo.com/search_result.html?search_key=vivo%20vivo%20X300%20Pro%2012GB%2B512%20%E5%AE%98%E6%96%B9%E6%97%97%E8%88%B0%E5%BA%97,,,12GB+512,,,中国大陆,,,,,,unknown,true,,,,pending
HIGH,2025-10-01,6499.00,vivo,vivo X300 Pro,16,512,16GB+512,tmall,https://list.tmall.com/search_product.htm?q=vivo%20vivo%20X300%20Pro%2016GB%2B512%20%E5%AE%98%E6%96%B9%E6%97%97%E8%88%B0%E5%BA%97,,,16GB+512,,,中国大陆,,,,,,unknown,true,,,,pending
HIGH,2025-10-01,5999.00,vivo,vivo X300 Pro,12,512,12GB+512,tmall,https://list.tmall.com/search_product.htm?q=vivo%20vivo%20X300%20Pro%2012GB%2B512%20%E5%AE%98%E6%96%B9%E6%97%97%E8%88%B0%E5%BA%97,,,12GB+512,,,中国大陆,,,,,,unknown,true,,,,pending
HIGH,2025-10-01,,vivo,vivo X300 Pro,16,1024,16GB+1TB,jd,https://search.jd.com/Search?keyword=vivo%20vivo%20X300%20Pro%2016GB%2B1TB%20%E5%AE%98%E6%96%B9%E6%97%97%E8%88%B0%E5%BA%97,,,16GB+1TB,,,中国大陆,,,,,,unknown,true,,,,pending
HIGH,2025-10-01,,vivo,vivo X300 Pro,16,1024,16GB+1TB,pdd,https://mobile.yangkeduo.com/search_result.html?search_key=vivo%20vivo%20X300%20Pro%2016GB%2B1TB%20%E5%AE%98%E6%96%B9%E6%97%97%E8%88%B0%E5%BA%97,,,16GB+1TB,,,中国大陆,,,,,,unknown,true,,,,pending
HIGH,2025-10-01,,vivo,vivo X300 Pro,16,1024,16GB+1TB,tmall,https://list.tmall.com/search_product.htm?q=vivo%20vivo%20X300%20Pro%2016GB%2B1TB%20%E5%AE%98%E6%96%B9%E6%97%97%E8%88%B0%E5%BA%97,,,16GB+1TB,,,中国大陆,,,,,,unknown,true,,,,pending
HIGH,2025-09-25,4499.00,小米,Xiaomi 17,12,256,12GB+256GB,pdd,https://mobile.yangkeduo.com/search_result.html?search_key=%E5%B0%8F%E7%B1%B3%20Xiaomi%2017%2012GB%2B256GB%20%E5%AE%98%E6%96%B9%E6%97%97%E8%88%B0%E5%BA%97,,,12GB+256GB,,,中国大陆,,,,,,unknown,true,,,,pending
HIGH,2025-09-25,4499.00,小米,Xiaomi 17,12,256,12GB+256GB,tmall,https://list.tmall.com/search_product.htm?q=%E5%B0%8F%E7%B1%B3%20Xiaomi%2017%2012GB%2B256GB%20%E5%AE%98%E6%96%B9%E6%97%97%E8%88%B0%E5%BA%97,,,12GB+256GB,,,中国大陆,,,,,,unknown,true,,,,pending
HIGH,,,Apple,iPhone 16,,128,128,jd,https://search.jd.com/Search?keyword=Apple%20iPhone%2016%20128%20%E5%AE%98%E6%96%B9%E6%97%97%E8%88%B0%E5%BA%97,,,128,,,中国大陆,,,,,,unknown,true,,,,pending
HIGH,,,Apple,iPhone 16,,128,128,pdd,https://mobile.yangkeduo.com/search_result.html?search_key=Apple%20iPhone%2016%20128%20%E5%AE%98%E6%96%B9%E6%97%97%E8%88%B0%E5%BA%97,,,128,,,中国大陆,,,,,,unknown,true,,,,pending
HIGH,,,Apple,iPhone 16,,128,128,tmall,https://list.tmall.com/search_product.htm?q=Apple%20iPhone%2016%20128%20%E5%AE%98%E6%96%B9%E6%97%97%E8%88%B0%E5%BA%97,,,128,,,中国大陆,,,,,,unknown,true,,,,pending
HIGH,,,Apple,iPhone 16,,256,256,jd,https://search.jd.com/Search?keyword=Apple%20iPhone%2016%20256%20%E5%AE%98%E6%96%B9%E6%97%97%E8%88%B0%E5%BA%97,,,256,,,中国大陆,,,,,,unknown,true,,,,pending
HIGH,,,Apple,iPhone 16,,256,256,pdd,https://mobile.yangkeduo.com/search_result.html?search_key=Apple%20iPhone%2016%20256%20%E5%AE%98%E6%96%B9%E6%97%97%E8%88%B0%E5%BA%97,,,256,,,中国大陆,,,,,,unknown,true,,,,pending
HIGH,,,Apple,iPhone 16,,256,256,tmall,https://list.tmall.com/search_product.htm?q=Apple%20iPhone%2016%20256%20%E5%AE%98%E6%96%B9%E6%97%97%E8%88%B0%E5%BA%97,,,256,,,中国大陆,,,,,,unknown,true,,,,pending
HIGH,,,Apple,iPhone 16,,512,512,jd,https://search.jd.com/Search?keyword=Apple%20iPhone%2016%20512%20%E5%AE%98%E6%96%B9%E6%97%97%E8%88%B0%E5%BA%97,,,512,,,中国大陆,,,,,,unknown,true,,,,pending
HIGH,,,Apple,iPhone 16,,512,512,pdd,https://mobile.yangkeduo.com/search_result.html?search_key=Apple%20iPhone%2016%20512%20%E5%AE%98%E6%96%B9%E6%97%97%E8%88%B0%E5%BA%97,,,512,,,中国大陆,,,,,,unknown,true,,,,pending
HIGH,,,Apple,iPhone 16,,512,512,tmall,https://list.tmall.com/search_product.htm?q=Apple%20iPhone%2016%20512%20%E5%AE%98%E6%96%B9%E6%97%97%E8%88%B0%E5%BA%97,,,512,,,中国大陆,,,,,,unknown,true,,,,pending
HIGH,,,Apple,iPhone 17 Pro,,256,256,jd,https://search.jd.com/Search?keyword=Apple%20iPhone%2017%20Pro%20256%20%E5%AE%98%E6%96%B9%E6%97%97%E8%88%B0%E5%BA%97,,,256,,,中国大陆,,,,,,unknown,true,,,,pending
HIGH,,,Apple,iPhone 17 Pro,,256,256,pdd,https://mobile.yangkeduo.com/search_result.html?search_key=Apple%20iPhone%2017%20Pro%20256%20%E5%AE%98%E6%96%B9%E6%97%97%E8%88%B0%E5%BA%97,,,256,,,中国大陆,,,,,,unknown,true,,,,pending
HIGH,,,Apple,iPhone 17 Pro,,256,256,tmall,https://list.tmall.com/search_product.htm?q=Apple%20iPhone%2017%20Pro%20256%20%E5%AE%98%E6%96%B9%E6%97%97%E8%88%B0%E5%BA%97,,,256,,,中国大陆,,,,,,unknown,true,,,,pending
HIGH,,,Apple,iPhone 17 Pro,,512,512,jd,https://search.jd.com/Search?keyword=Apple%20iPhone%2017%20Pro%20512%20%E5%AE%98%E6%96%B9%E6%97%97%E8%88%B0%E5%BA%97,,,512,,,中国大陆,,,,,,unknown,true,,,,pending
HIGH,,,Apple,iPhone 17 Pro,,512,512,pdd,https://mobile.yangkeduo.com/search_result.html?search_key=Apple%20iPhone%2017%20Pro%20512%20%E5%AE%98%E6%96%B9%E6%97%97%E8%88%B0%E5%BA%97,,,512,,,中国大陆,,,,,,unknown,true,,,,pending
HIGH,,,Apple,iPhone 17 Pro,,512,512,tmall,https://list.tmall.com/search_product.htm?q=Apple%20iPhone%2017%20Pro%20512%20%E5%AE%98%E6%96%B9%E6%97%97%E8%88%B0%E5%BA%97,,,512,,,中国大陆,,,,,,unknown,true,,,,pending
HIGH,,,Apple,iPhone 17 Pro,,1024,1TB,jd,https://search.jd.com/Search?keyword=Apple%20iPhone%2017%20Pro%201TB%20%E5%AE%98%E6%96%B9%E6%97%97%E8%88%B0%E5%BA%97,,,1TB,,,中国大陆,,,,,,unknown,true,,,,pending
HIGH,,,Apple,iPhone 17 Pro,,1024,1TB,pdd,https://mobile.yangkeduo.com/search_result.html?search_key=Apple%20iPhone%2017%20Pro%201TB%20%E5%AE%98%E6%96%B9%E6%97%97%E8%88%B0%E5%BA%97,,,1TB,,,中国大陆,,,,,,unknown,true,,,,pending
HIGH,,,Apple,iPhone 17 Pro,,1024,1TB,tmall,https://list.tmall.com/search_product.htm?q=Apple%20iPhone%2017%20Pro%201TB%20%E5%AE%98%E6%96%B9%E6%97%97%E8%88%B0%E5%BA%97,,,1TB,,,中国大陆,,,,,,unknown,true,,,,pending
HIGH,,,Apple,iPhone 17 Pro Max,,256,256,jd,https://search.jd.com/Search?keyword=Apple%20iPhone%2017%20Pro%20Max%20256%20%E5%AE%98%E6%96%B9%E6%97%97%E8%88%B0%E5%BA%97,,,256,,,中国大陆,,,,,,unknown,true,,,,pending
HIGH,,,Apple,iPhone 17 Pro Max,,256,256,pdd,https://mobile.yangkeduo.com/search_result.html?search_key=Apple%20iPhone%2017%20Pro%20Max%20256%20%E5%AE%98%E6%96%B9%E6%97%97%E8%88%B0%E5%BA%97,,,256,,,中国大陆,,,,,,unknown,true,,,,pending
HIGH,,,Apple,iPhone 17 Pro Max,,256,256,tmall,https://list.tmall.com/search_product.htm?q=Apple%20iPhone%2017%20Pro%20Max%20256%20%E5%AE%98%E6%96%B9%E6%97%97%E8%88%B0%E5%BA%97,,,256,,,中国大陆,,,,,,unknown,true,,,,pending
HIGH,,,Apple,iPhone 17 Pro Max,,512,512,jd,https://search.jd.com/Search?keyword=Apple%20iPhone%2017%20Pro%20Max%20512%20%E5%AE%98%E6%96%B9%E6%97%97%E8%88%B0%E5%BA%97,,,512,,,中国大陆,,,,,,unknown,true,,,,pending
HIGH,,,Apple,iPhone 17 Pro Max,,512,512,pdd,https://mobile.yangkeduo.com/search_result.html?search_key=Apple%20iPhone%2017%20Pro%20Max%20512%20%E5%AE%98%E6%96%B9%E6%97%97%E8%88%B0%E5%BA%97,,,512,,,中国大陆,,,,,,unknown,true,,,,pending
HIGH,,,Apple,iPhone 17 Pro Max,,512,512,tmall,https://list.tmall.com/search_product.htm?q=Apple%20iPhone%2017%20Pro%20Max%20512%20%E5%AE%98%E6%96%B9%E6%97%97%E8%88%B0%E5%BA%97,,,512,,,中国大陆,,,,,,unknown,true,,,,pending
HIGH,,,Apple,iPhone 17 Pro Max,,1024,1TB,jd,https://search.jd.com/Search?keyword=Apple%20iPhone%2017%20Pro%20Max%201TB%20%E5%AE%98%E6%96%B9%E6%97%97%E8%88%B0%E5%BA%97,,,1TB,,,中国大陆,,,,,,unknown,true,,,,pending
HIGH,,,Apple,iPhone 17 Pro Max,,1024,1TB,pdd,https://mobile.yangkeduo.com/search_result.html?search_key=Apple%20iPhone%2017%20Pro%20Max%201TB%20%E5%AE%98%E6%96%B9%E6%97%97%E8%88%B0%E5%BA%97,,,1TB,,,中国大陆,,,,,,unknown,true,,,,pending
HIGH,,,Apple,iPhone 17 Pro Max,,1024,1TB,tmall,https://list.tmall.com/search_product.htm?q=Apple%20iPhone%2017%20Pro%20Max%201TB%20%E5%AE%98%E6%96%B9%E6%97%97%E8%88%B0%E5%BA%97,,,1TB,,,中国大陆,,,,,,unknown,true,,,,pending
HIGH,,,Apple,iPhone 17 Pro Max,,2048,2TB,jd,https://search.jd.com/Search?keyword=Apple%20iPhone%2017%20Pro%20Max%202TB%20%E5%AE%98%E6%96%B9%E6%97%97%E8%88%B0%E5%BA%97,,,2TB,,,中国大陆,,,,,,unknown,true,,,,pending
HIGH,,,Apple,iPhone 17 Pro Max,,2048,2TB,pdd,https://mobile.yangkeduo.com/search_result.html?search_key=Apple%20iPhone%2017%20Pro%20Max%202TB%20%E5%AE%98%E6%96%B9%E6%97%97%E8%88%B0%E5%BA%97,,,2TB,,,中国大陆,,,,,,unknown,true,,,,pending
HIGH,,,Apple,iPhone 17 Pro Max,,2048,2TB,tmall,https://list.tmall.com/search_product.htm?q=Apple%20iPhone%2017%20Pro%20Max%202TB%20%E5%AE%98%E6%96%B9%E6%97%97%E8%88%B0%E5%BA%97,,,2TB,,,中国大陆,,,,,,unknown,true,,,,pending
HIGH,,,Apple,iPhone 17e,,128,128,jd,https://search.jd.com/Search?keyword=Apple%20iPhone%2017e%20128%20%E5%AE%98%E6%96%B9%E6%97%97%E8%88%B0%E5%BA%97,,,128,,,中国大陆,,,,,,unknown,true,,,,pending
HIGH,,,Apple,iPhone 17e,,128,128,pdd,https://mobile.yangkeduo.com/search_result.html?search_key=Apple%20iPhone%2017e%20128%20%E5%AE%98%E6%96%B9%E6%97%97%E8%88%B0%E5%BA%97,,,128,,,中国大陆,,,,,,unknown,true,,,,pending
HIGH,,,Apple,iPhone 17e,,128,128,tmall,https://list.tmall.com/search_product.htm?q=Apple%20iPhone%2017e%20128%20%E5%AE%98%E6%96%B9%E6%97%97%E8%88%B0%E5%BA%97,,,128,,,中国大陆,,,,,,unknown,true,,,,pending
HIGH,,,Apple,iPhone 17e,,256,256,jd,https://search.jd.com/Search?keyword=Apple%20iPhone%2017e%20256%20%E5%AE%98%E6%96%B9%E6%97%97%E8%88%B0%E5%BA%97,,,256,,,中国大陆,,,,,,unknown,true,,,,pending
HIGH,,,Apple,iPhone 17e,,256,256,pdd,https://mobile.yangkeduo.com/search_result.html?search_key=Apple%20iPhone%2017e%20256%20%E5%AE%98%E6%96%B9%E6%97%97%E8%88%B0%E5%BA%97,,,256,,,中国大陆,,,,,,unknown,true,,,,pending
HIGH,,,Apple,iPhone 17e,,256,256,tmall,https://list.tmall.com/search_product.htm?q=Apple%20iPhone%2017e%20256%20%E5%AE%98%E6%96%B9%E6%97%97%E8%88%B0%E5%BA%97,,,256,,,中国大陆,,,,,,unknown,true,,,,pending
HIGH,,,Apple,iPhone 17e,,512,512,jd,https://search.jd.com/Search?keyword=Apple%20iPhone%2017e%20512%20%E5%AE%98%E6%96%B9%E6%97%97%E8%88%B0%E5%BA%97,,,512,,,中国大陆,,,,,,unknown,true,,,,pending
HIGH,,,Apple,iPhone 17e,,512,512,pdd,https://mobile.yangkeduo.com/search_result.html?search_key=Apple%20iPhone%2017e%20512%20%E5%AE%98%E6%96%B9%E6%97%97%E8%88%B0%E5%BA%97,,,512,,,中国大陆,,,,,,unknown,true,,,,pending
HIGH,,,Apple,iPhone 17e,,512,512,tmall,https://list.tmall.com/search_product.htm?q=Apple%20iPhone%2017e%20512%20%E5%AE%98%E6%96%B9%E6%97%97%E8%88%B0%E5%BA%97,,,512,,,中国大陆,,,,,,unknown,true,,,,pending
HIGH,,,Apple,iPhone 18 Pro,,256,256,jd,https://search.jd.com/Search?keyword=Apple%20iPhone%2018%20Pro%20256%20%E5%AE%98%E6%96%B9%E6%97%97%E8%88%B0%E5%BA%97,,,256,,,中国大陆,,,,,,unknown,true,,,,pending
HIGH,,,Apple,iPhone 18 Pro,,256,256,pdd,https://mobile.yangkeduo.com/search_result.html?search_key=Apple%20iPhone%2018%20Pro%20256%20%E5%AE%98%E6%96%B9%E6%97%97%E8%88%B0%E5%BA%97,,,256,,,中国大陆,,,,,,unknown,true,,,,pending
HIGH,,,Apple,iPhone 18 Pro,,256,256,tmall,https://list.tmall.com/search_product.htm?q=Apple%20iPhone%2018%20Pro%20256%20%E5%AE%98%E6%96%B9%E6%97%97%E8%88%B0%E5%BA%97,,,256,,,中国大陆,,,,,,unknown,true,,,,pending
HIGH,,,Apple,iPhone 18 Pro,,512,512,jd,https://search.jd.com/Search?keyword=Apple%20iPhone%2018%20Pro%20512%20%E5%AE%98%E6%96%B9%E6%97%97%E8%88%B0%E5%BA%97,,,512,,,中国大陆,,,,,,unknown,true,,,,pending
HIGH,,,Apple,iPhone 18 Pro,,512,512,pdd,https://mobile.yangkeduo.com/search_result.html?search_key=Apple%20iPhone%2018%20Pro%20512%20%E5%AE%98%E6%96%B9%E6%97%97%E8%88%B0%E5%BA%97,,,512,,,中国大陆,,,,,,unknown,true,,,,pending
HIGH,,,Apple,iPhone 18 Pro,,512,512,tmall,https://list.tmall.com/search_product.htm?q=Apple%20iPhone%2018%20Pro%20512%20%E5%AE%98%E6%96%B9%E6%97%97%E8%88%B0%E5%BA%97,,,512,,,中国大陆,,,,,,unknown,true,,,,pending
HIGH,,,Apple,iPhone 18 Pro,,1024,1TB,jd,https://search.jd.com/Search?keyword=Apple%20iPhone%2018%20Pro%201TB%20%E5%AE%98%E6%96%B9%E6%97%97%E8%88%B0%E5%BA%97,,,1TB,,,中国大陆,,,,,,unknown,true,,,,pending
HIGH,,,Apple,iPhone 18 Pro,,1024,1TB,pdd,https://mobile.yangkeduo.com/search_result.html?search_key=Apple%20iPhone%2018%20Pro%201TB%20%E5%AE%98%E6%96%B9%E6%97%97%E8%88%B0%E5%BA%97,,,1TB,,,中国大陆,,,,,,unknown,true,,,,pending
HIGH,,,Apple,iPhone 18 Pro,,1024,1TB,tmall,https://list.tmall.com/search_product.htm?q=Apple%20iPhone%2018%20Pro%201TB%20%E5%AE%98%E6%96%B9%E6%97%97%E8%88%B0%E5%BA%97,,,1TB,,,中国大陆,,,,,,unknown,true,,,,pending
HIGH,,,Apple,iPhone 18 Pro,,2048,2TB,jd,https://search.jd.com/Search?keyword=Apple%20iPhone%2018%20Pro%202TB%20%E5%AE%98%E6%96%B9%E6%97%97%E8%88%B0%E5%BA%97,,,2TB,,,中国大陆,,,,,,unknown,true,,,,pending
HIGH,,,Apple,iPhone 18 Pro,,2048,2TB,pdd,https://mobile.yangkeduo.com/search_result.html?search_key=Apple%20iPhone%2018%20Pro%202TB%20%E5%AE%98%E6%96%B9%E6%97%97%E8%88%B0%E5%BA%97,,,2TB,,,中国大陆,,,,,,unknown,true,,,,pending
HIGH,,,Apple,iPhone 18 Pro,,2048,2TB,tmall,https://list.tmall.com/search_product.htm?q=Apple%20iPhone%2018%20Pro%202TB%20%E5%AE%98%E6%96%B9%E6%97%97%E8%88%B0%E5%BA%97,,,2TB,,,中国大陆,,,,,,unknown,true,,,,pending
HIGH,,,Apple,iPhone Air,,256,256,jd,https://search.jd.com/Search?keyword=Apple%20iPhone%20Air%20256%20%E5%AE%98%E6%96%B9%E6%97%97%E8%88%B0%E5%BA%97,,,256,,,中国大陆,,,,,,unknown,true,,,,pending
HIGH,,,Apple,iPhone Air,,256,256,pdd,https://mobile.yangkeduo.com/search_result.html?search_key=Apple%20iPhone%20Air%20256%20%E5%AE%98%E6%96%B9%E6%97%97%E8%88%B0%E5%BA%97,,,256,,,中国大陆,,,,,,unknown,true,,,,pending
HIGH,,,Apple,iPhone Air,,256,256,tmall,https://list.tmall.com/search_product.htm?q=Apple%20iPhone%20Air%20256%20%E5%AE%98%E6%96%B9%E6%97%97%E8%88%B0%E5%BA%97,,,256,,,中国大陆,,,,,,unknown,true,,,,pending
HIGH,,,Apple,iPhone Air,,512,512,jd,https://search.jd.com/Search?keyword=Apple%20iPhone%20Air%20512%20%E5%AE%98%E6%96%B9%E6%97%97%E8%88%B0%E5%BA%97,,,512,,,中国大陆,,,,,,unknown,true,,,,pending
HIGH,,,Apple,iPhone Air,,512,512,pdd,https://mobile.yangkeduo.com/search_result.html?search_key=Apple%20iPhone%20Air%20512%20%E5%AE%98%E6%96%B9%E6%97%97%E8%88%B0%E5%BA%97,,,512,,,中国大陆,,,,,,unknown,true,,,,pending
HIGH,,,Apple,iPhone Air,,512,512,tmall,https://list.tmall.com/search_product.htm?q=Apple%20iPhone%20Air%20512%20%E5%AE%98%E6%96%B9%E6%97%97%E8%88%B0%E5%BA%97,,,512,,,中国大陆,,,,,,unknown,true,,,,pending
HIGH,,,Apple,iPhone Air,,1024,1TB,jd,https://search.jd.com/Search?keyword=Apple%20iPhone%20Air%201TB%20%E5%AE%98%E6%96%B9%E6%97%97%E8%88%B0%E5%BA%97,,,1TB,,,中国大陆,,,,,,unknown,true,,,,pending
HIGH,,,Apple,iPhone Air,,1024,1TB,pdd,https://mobile.yangkeduo.com/search_result.html?search_key=Apple%20iPhone%20Air%201TB%20%E5%AE%98%E6%96%B9%E6%97%97%E8%88%B0%E5%BA%97,,,1TB,,,中国大陆,,,,,,unknown,true,,,,pending
HIGH,,,Apple,iPhone Air,,1024,1TB,tmall,https://list.tmall.com/search_product.htm?q=Apple%20iPhone%20Air%201TB%20%E5%AE%98%E6%96%B9%E6%97%97%E8%88%B0%E5%BA%97,,,1TB,,,中国大陆,,,,,,unknown,true,,,,pending
HIGH,,,Apple,iPhone Duo,,256,256,jd,https://search.jd.com/Search?keyword=Apple%20iPhone%20Duo%20256%20%E5%AE%98%E6%96%B9%E6%97%97%E8%88%B0%E5%BA%97,,,256,,,中国大陆,,,,,,unknown,true,,,,pending
HIGH,,,Apple,iPhone Duo,,256,256,pdd,https://mobile.yangkeduo.com/search_result.html?search_key=Apple%20iPhone%20Duo%20256%20%E5%AE%98%E6%96%B9%E6%97%97%E8%88%B0%E5%BA%97,,,256,,,中国大陆,,,,,,unknown,true,,,,pending
HIGH,,,Apple,iPhone Duo,,256,256,tmall,https://list.tmall.com/search_product.htm?q=Apple%20iPhone%20Duo%20256%20%E5%AE%98%E6%96%B9%E6%97%97%E8%88%B0%E5%BA%97,,,256,,,中国大陆,,,,,,unknown,true,,,,pending
HIGH,,,Apple,iPhone Duo,,512,512,jd,https://search.jd.com/Search?keyword=Apple%20iPhone%20Duo%20512%20%E5%AE%98%E6%96%B9%E6%97%97%E8%88%B0%E5%BA%97,,,512,,,中国大陆,,,,,,unknown,true,,,,pending
HIGH,,,Apple,iPhone Duo,,512,512,pdd,https://mobile.yangkeduo.com/search_result.html?search_key=Apple%20iPhone%20Duo%20512%20%E5%AE%98%E6%96%B9%E6%97%97%E8%88%B0%E5%BA%97,,,512,,,中国大陆,,,,,,unknown,true,,,,pending
HIGH,,,Apple,iPhone Duo,,512,512,tmall,https://list.tmall.com/search_product.htm?q=Apple%20iPhone%20Duo%20512%20%E5%AE%98%E6%96%B9%E6%97%97%E8%88%B0%E5%BA%97,,,512,,,中国大陆,,,,,,unknown,true,,,,pending
HIGH,,,Apple,iPhone Duo,,1024,1TB,jd,https://search.jd.com/Search?keyword=Apple%20iPhone%20Duo%201TB%20%E5%AE%98%E6%96%B9%E6%97%97%E8%88%B0%E5%BA%97,,,1TB,,,中国大陆,,,,,,unknown,true,,,,pending
HIGH,,,Apple,iPhone Duo,,1024,1TB,pdd,https://mobile.yangkeduo.com/search_result.html?search_key=Apple%20iPhone%20Duo%201TB%20%E5%AE%98%E6%96%B9%E6%97%97%E8%88%B0%E5%BA%97,,,1TB,,,中国大陆,,,,,,unknown,true,,,,pending
HIGH,,,Apple,iPhone Duo,,1024,1TB,tmall,https://list.tmall.com/search_product.htm?q=Apple%20iPhone%20Duo%201TB%20%E5%AE%98%E6%96%B9%E6%97%97%E8%88%B0%E5%BA%97,,,1TB,,,中国大陆,,,,,,unknown,true,,,,pending
HIGH,,,OPPO,OPPO A5,8,128,8GB+128,jd,https://search.jd.com/Search?keyword=OPPO%20OPPO%20A5%208GB%2B128%20%E5%AE%98%E6%96%B9%E6%97%97%E8%88%B0%E5%BA%97,,,8GB+128,,,中国大陆,,,,,,unknown,true,,,,pending
HIGH,,,OPPO,OPPO A5,8,128,8GB+128,pdd,https://mobile.yangkeduo.com/search_result.html?search_key=OPPO%20OPPO%20A5%208GB%2B128%20%E5%AE%98%E6%96%B9%E6%97%97%E8%88%B0%E5%BA%97,,,8GB+128,,,中国大陆,,,,,,unknown,true,,,,pending
HIGH,,,OPPO,OPPO A5,8,128,8GB+128,tmall,https://list.tmall.com/search_product.htm?q=OPPO%20OPPO%20A5%208GB%2B128%20%E5%AE%98%E6%96%B9%E6%97%97%E8%88%B0%E5%BA%97,,,8GB+128,,,中国大陆,,,,,,unknown,true,,,,pending
HIGH,,,OPPO,OPPO A5,8,256,8GB+256,jd,https://search.jd.com/Search?keyword=OPPO%20OPPO%20A5%208GB%2B256%20%E5%AE%98%E6%96%B9%E6%97%97%E8%88%B0%E5%BA%97,,,8GB+256,,,中国大陆,,,,,,unknown,true,,,,pending
HIGH,,,OPPO,OPPO A5,12,256,12GB+256,jd,https://search.jd.com/Search?keyword=OPPO%20OPPO%20A5%2012GB%2B256%20%E5%AE%98%E6%96%B9%E6%97%97%E8%88%B0%E5%BA%97,,,12GB+256,,,中国大陆,,,,,,unknown,true,,,,pending
HIGH,,,OPPO,OPPO A5,8,256,8GB+256,pdd,https://mobile.yangkeduo.com/search_result.html?search_key=OPPO%20OPPO%20A5%208GB%2B256%20%E5%AE%98%E6%96%B9%E6%97%97%E8%88%B0%E5%BA%97,,,8GB+256,,,中国大陆,,,,,,unknown,true,,,,pending
HIGH,,,OPPO,OPPO A5,12,256,12GB+256,pdd,https://mobile.yangkeduo.com/search_result.html?search_key=OPPO%20OPPO%20A5%2012GB%2B256%20%E5%AE%98%E6%96%B9%E6%97%97%E8%88%B0%E5%BA%97,,,12GB+256,,,中国大陆,,,,,,unknown,true,,,,pending
HIGH,,,OPPO,OPPO A5,8,256,8GB+256,tmall,https://list.tmall.com/search_product.htm?q=OPPO%20OPPO%20A5%208GB%2B256%20%E5%AE%98%E6%96%B9%E6%97%97%E8%88%B0%E5%BA%97,,,8GB+256,,,中国大陆,,,,,,unknown,true,,,,pending
HIGH,,,OPPO,OPPO A5,12,256,12GB+256,tmall,https://list.tmall.com/search_product.htm?q=OPPO%20OPPO%20A5%2012GB%2B256%20%E5%AE%98%E6%96%B9%E6%97%97%E8%88%B0%E5%BA%97,,,12GB+256,,,中国大陆,,,,,,unknown,true,,,,pending
HIGH,,,OPPO,OPPO A5,12,512,12GB+512,jd,https://search.jd.com/Search?keyword=OPPO%20OPPO%20A5%2012GB%2B512%20%E5%AE%98%E6%96%B9%E6%97%97%E8%88%B0%E5%BA%97,,,12GB+512,,,中国大陆,,,,,,unknown,true,,,,pending
HIGH,,,OPPO,OPPO A5,12,512,12GB+512,pdd,https://mobile.yangkeduo.com/search_result.html?search_key=OPPO%20OPPO%20A5%2012GB%2B512%20%E5%AE%98%E6%96%B9%E6%97%97%E8%88%B0%E5%BA%97,,,12GB+512,,,中国大陆,,,,,,unknown,true,,,,pending
HIGH,,,OPPO,OPPO A5,12,512,12GB+512,tmall,https://list.tmall.com/search_product.htm?q=OPPO%20OPPO%20A5%2012GB%2B512%20%E5%AE%98%E6%96%B9%E6%97%97%E8%88%B0%E5%BA%97,,,12GB+512,,,中国大陆,,,,,,unknown,true,,,,pending
HIGH,,,OPPO,OPPO A5 Pro,8,256,8GB+256,jd,https://search.jd.com/Search?keyword=OPPO%20OPPO%20A5%20Pro%208GB%2B256%20%E5%AE%98%E6%96%B9%E6%97%97%E8%88%B0%E5%BA%97,,,8GB+256,,,中国大陆,,,,,,unknown,true,,,,pending
HIGH,,,OPPO,OPPO A5 Pro,12,256,12GB+256,jd,https://search.jd.com/Search?keyword=OPPO%20OPPO%20A5%20Pro%2012GB%2B256%20%E5%AE%98%E6%96%B9%E6%97%97%E8%88%B0%E5%BA%97,,,12GB+256,,,中国大陆,,,,,,unknown,true,,,,pending
HIGH,,,OPPO,OPPO A5 Pro,8,256,8GB+256,pdd,https://mobile.yangkeduo.com/search_result.html?search_key=OPPO%20OPPO%20A5%20Pro%208GB%2B256%20%E5%AE%98%E6%96%B9%E6%97%97%E8%88%B0%E5%BA%97,,,8GB+256,,,中国大陆,,,,,,unknown,true,,,,pending
HIGH,,,OPPO,OPPO A5 Pro,12,256,12GB+256,pdd,https://mobile.yangkeduo.com/search_result.html?search_key=OPPO%20OPPO%20A5%20Pro%2012GB%2B256%20%E5%AE%98%E6%96%B9%E6%97%97%E8%88%B0%E5%BA%97,,,12GB+256,,,中国大陆,,,,,,unknown,true,,,,pending
HIGH,,,OPPO,OPPO A5 Pro,8,256,8GB+256,tmall,https://list.tmall.com/search_product.htm?q=OPPO%20OPPO%20A5%20Pro%208GB%2B256%20%E5%AE%98%E6%96%B9%E6%97%97%E8%88%B0%E5%BA%97,,,8GB+256,,,中国大陆,,,,,,unknown,true,,,,pending
HIGH,,,OPPO,OPPO A5 Pro,12,256,12GB+256,tmall,https://list.tmall.com/search_product.htm?q=OPPO%20OPPO%20A5%20Pro%2012GB%2B256%20%E5%AE%98%E6%96%B9%E6%97%97%E8%88%B0%E5%BA%97,,,12GB+256,,,中国大陆,,,,,,unknown,true,,,,pending
HIGH,,,OPPO,OPPO A5 Pro,8,512,8GB+512,jd,https://search.jd.com/Search?keyword=OPPO%20OPPO%20A5%20Pro%208GB%2B512%20%E5%AE%98%E6%96%B9%E6%97%97%E8%88%B0%E5%BA%97,,,8GB+512,,,中国大陆,,,,,,unknown,true,,,,pending
HIGH,,,OPPO,OPPO A5 Pro,12,512,12GB+512,jd,https://search.jd.com/Search?keyword=OPPO%20OPPO%20A5%20Pro%2012GB%2B512%20%E5%AE%98%E6%96%B9%E6%97%97%E8%88%B0%E5%BA%97,,,12GB+512,,,中国大陆,,,,,,unknown,true,,,,pending
HIGH,,,OPPO,OPPO A5 Pro,8,512,8GB+512,pdd,https://mobile.yangkeduo.com/search_result.html?search_key=OPPO%20OPPO%20A5%20Pro%208GB%2B512%20%E5%AE%98%E6%96%B9%E6%97%97%E8%88%B0%E5%BA%97,,,8GB+512,,,中国大陆,,,,,,unknown,true,,,,pending
HIGH,,,OPPO,OPPO A5 Pro,12,512,12GB+512,pdd,https://mobile.yangkeduo.com/search_result.html?search_key=OPPO%20OPPO%20A5%20Pro%2012GB%2B512%20%E5%AE%98%E6%96%B9%E6%97%97%E8%88%B0%E5%BA%97,,,12GB+512,,,中国大陆,,,,,,unknown,true,,,,pending
HIGH,,,OPPO,OPPO A5 Pro,8,512,8GB+512,tmall,https://list.tmall.com/search_product.htm?q=OPPO%20OPPO%20A5%20Pro%208GB%2B512%20%E5%AE%98%E6%96%B9%E6%97%97%E8%88%B0%E5%BA%97,,,8GB+512,,,中国大陆,,,,,,unknown,true,,,,pending
HIGH,,,OPPO,OPPO A5 Pro,12,512,12GB+512,tmall,https://list.tmall.com/search_product.htm?q=OPPO%20OPPO%20A5%20Pro%2012GB%2B512%20%E5%AE%98%E6%96%B9%E6%97%97%E8%88%B0%E5%BA%97,,,12GB+512,,,中国大陆,,,,,,unknown,true,,,,pending
HIGH,,,OPPO,OPPO A5 活力版,8,256,8GB+256,jd,https://search.jd.com/Search?keyword=OPPO%20OPPO%20A5%20%E6%B4%BB%E5%8A%9B%E7%89%88%208GB%2B256%20%E5%AE%98%E6%96%B9%E6%97%97%E8%88%B0%E5%BA%97,,,8GB+256,,,中国大陆,,,,,,unknown,true,,,,pending
HIGH,,,OPPO,OPPO A5 活力版,12,256,12GB+256,jd,https://search.jd.com/Search?keyword=OPPO%20OPPO%20A5%20%E6%B4%BB%E5%8A%9B%E7%89%88%2012GB%2B256%20%E5%AE%98%E6%96%B9%E6%97%97%E8%88%B0%E5%BA%97,,,12GB+256,,,中国大陆,,,,,,unknown,true,,,,pending
HIGH,,,OPPO,OPPO A5 活力版,8,256,8GB+256,pdd,https://mobile.yangkeduo.com/search_result.html?search_key=OPPO%20OPPO%20A5%20%E6%B4%BB%E5%8A%9B%E7%89%88%208GB%2B256%20%E5%AE%98%E6%96%B9%E6%97%97%E8%88%B0%E5%BA%97,,,8GB+256,,,中国大陆,,,,,,unknown,true,,,,pending
HIGH,,,OPPO,OPPO A5 活力版,12,256,12GB+256,pdd,https://mobile.yangkeduo.com/search_result.html?search_key=OPPO%20OPPO%20A5%20%E6%B4%BB%E5%8A%9B%E7%89%88%2012GB%2B256%20%E5%AE%98%E6%96%B9%E6%97%97%E8%88%B0%E5%BA%97,,,12GB+256,,,中国大陆,,,,,,unknown,true,,,,pending
HIGH,,,OPPO,OPPO A5 活力版,8,256,8GB+256,tmall,https://list.tmall.com/search_product.htm?q=OPPO%20OPPO%20A5%20%E6%B4%BB%E5%8A%9B%E7%89%88%208GB%2B256%20%E5%AE%98%E6%96%B9%E6%97%97%E8%88%B0%E5%BA%97,,,8GB+256,,,中国大陆,,,,,,unknown,true,,,,pending
HIGH,,,OPPO,OPPO A5 活力版,12,256,12GB+256,tmall,https://list.tmall.com/search_product.htm?q=OPPO%20OPPO%20A5%20%E6%B4%BB%E5%8A%9B%E7%89%88%2012GB%2B256%20%E5%AE%98%E6%96%B9%E6%97%97%E8%88%B0%E5%BA%97,,,12GB+256,,,中国大陆,,,,,,unknown,true,,,,pending
HIGH,,,OPPO,OPPO A5 活力版,12,512,12GB+512,jd,https://search.jd.com/Search?keyword=OPPO%20OPPO%20A5%20%E6%B4%BB%E5%8A%9B%E7%89%88%2012GB%2B512%20%E5%AE%98%E6%96%B9%E6%97%97%E8%88%B0%E5%BA%97,,,12GB+512,,,中国大陆,,,,,,unknown,true,,,,pending
HIGH,,,OPPO,OPPO A5 活力版,12,512,12GB+512,pdd,https://mobile.yangkeduo.com/search_result.html?search_key=OPPO%20OPPO%20A5%20%E6%B4%BB%E5%8A%9B%E7%89%88%2012GB%2B512%20%E5%AE%98%E6%96%B9%E6%97%97%E8%88%B0%E5%BA%97,,,12GB+512,,,中国大陆,,,,,,unknown,true,,,,pending
HIGH,,,OPPO,OPPO A5 活力版,12,512,12GB+512,tmall,https://list.tmall.com/search_product.htm?q=OPPO%20OPPO%20A5%20%E6%B4%BB%E5%8A%9B%E7%89%88%2012GB%2B512%20%E5%AE%98%E6%96%B9%E6%97%97%E8%88%B0%E5%BA%97,,,12GB+512,,,中国大陆,,,,,,unknown,true,,,,pending
HIGH,,,OPPO,OPPO A5m,6,128,6GB+128,jd,https://search.jd.com/Search?keyword=OPPO%20OPPO%20A5m%206GB%2B128%20%E5%AE%98%E6%96%B9%E6%97%97%E8%88%B0%E5%BA%97,,,6GB+128,,,中国大陆,,,,,,unknown,true,,,,pending
HIGH,,,OPPO,OPPO A5m,6,128,6GB+128,pdd,https://mobile.yangkeduo.com/search_result.html?search_key=OPPO%20OPPO%20A5m%206GB%2B128%20%E5%AE%98%E6%96%B9%E6%97%97%E8%88%B0%E5%BA%97,,,6GB+128,,,中国大陆,,,,,,unknown,true,,,,pending
HIGH,,,OPPO,OPPO A5m,6,128,6GB+128,tmall,https://list.tmall.com/search_product.htm?q=OPPO%20OPPO%20A5m%206GB%2B128%20%E5%AE%98%E6%96%B9%E6%97%97%E8%88%B0%E5%BA%97,,,6GB+128,,,中国大陆,,,,,,unknown,true,,,,pending
HIGH,,,OPPO,OPPO A5m,8,256,8GB+256,jd,https://search.jd.com/Search?keyword=OPPO%20OPPO%20A5m%208GB%2B256%20%E5%AE%98%E6%96%B9%E6%97%97%E8%88%B0%E5%BA%97,,,8GB+256,,,中国大陆,,,,,,unknown,true,,,,pending
HIGH,,,OPPO,OPPO A5m,8,256,8GB+256,pdd,https://mobile.yangkeduo.com/search_result.html?search_key=OPPO%20OPPO%20A5m%208GB%2B256%20%E5%AE%98%E6%96%B9%E6%97%97%E8%88%B0%E5%BA%97,,,8GB+256,,,中国大陆,,,,,,unknown,true,,,,pending
HIGH,,,OPPO,OPPO A5m,8,256,8GB+256,tmall,https://list.tmall.com/search_product.htm?q=OPPO%20OPPO%20A5m%208GB%2B256%20%E5%AE%98%E6%96%B9%E6%97%97%E8%88%B0%E5%BA%97,,,8GB+256,,,中国大陆,,,,,,unknown,true,,,,pending
HIGH,,,OPPO,OPPO A5x,6,128,6GB+128,jd,https://search.jd.com/Search?keyword=OPPO%20OPPO%20A5x%206GB%2B128%20%E5%AE%98%E6%96%B9%E6%97%97%E8%88%B0%E5%BA%97,,,6GB+128,,,中国大陆,,,,,,unknown,true,,,,pending
HIGH,,,OPPO,OPPO A5x,6,128,6GB+128,pdd,https://mobile.yangkeduo.com/search_result.html?search_key=OPPO%20OPPO%20A5x%206GB%2B128%20%E5%AE%98%E6%96%B9%E6%97%97%E8%88%B0%E5%BA%97,,,6GB+128,,,中国大陆,,,,,,unknown,true,,,,pending
HIGH,,,OPPO,OPPO A5x,6,128,6GB+128,tmall,https://list.tmall.com/search_product.htm?q=OPPO%20OPPO%20A5x%206GB%2B128%20%E5%AE%98%E6%96%B9%E6%97%97%E8%88%B0%E5%BA%97,,,6GB+128,,,中国大陆,,,,,,unknown,true,,,,pending
HIGH,,,OPPO,OPPO A5x,8,256,8GB+256,jd,https://search.jd.com/Search?keyword=OPPO%20OPPO%20A5x%208GB%2B256%20%E5%AE%98%E6%96%B9%E6%97%97%E8%88%B0%E5%BA%97,,,8GB+256,,,中国大陆,,,,,,unknown,true,,,,pending
HIGH,,,OPPO,OPPO A5x,12,256,12GB+256,jd,https://search.jd.com/Search?keyword=OPPO%20OPPO%20A5x%2012GB%2B256%20%E5%AE%98%E6%96%B9%E6%97%97%E8%88%B0%E5%BA%97,,,12GB+256,,,中国大陆,,,,,,unknown,true,,,,pending
HIGH,,,OPPO,OPPO A5x,8,256,8GB+256,pdd,https://mobile.yangkeduo.com/search_result.html?search_key=OPPO%20OPPO%20A5x%208GB%2B256%20%E5%AE%98%E6%96%B9%E6%97%97%E8%88%B0%E5%BA%97,,,8GB+256,,,中国大陆,,,,,,unknown,true,,,,pending
HIGH,,,OPPO,OPPO A5x,12,256,12GB+256,pdd,https://mobile.yangkeduo.com/search_result.html?search_key=OPPO%20OPPO%20A5x%2012GB%2B256%20%E5%AE%98%E6%96%B9%E6%97%97%E8%88%B0%E5%BA%97,,,12GB+256,,,中国大陆,,,,,,unknown,true,,,,pending
HIGH,,,OPPO,OPPO A5x,8,256,8GB+256,tmall,https://list.tmall.com/search_product.htm?q=OPPO%20OPPO%20A5x%208GB%2B256%20%E5%AE%98%E6%96%B9%E6%97%97%E8%88%B0%E5%BA%97,,,8GB+256,,,中国大陆,,,,,,unknown,true,,,,pending
HIGH,,,OPPO,OPPO A5x,12,256,12GB+256,tmall,https://list.tmall.com/search_product.htm?q=OPPO%20OPPO%20A5x%2012GB%2B256%20%E5%AE%98%E6%96%B9%E6%97%97%E8%88%B0%E5%BA%97,,,12GB+256,,,中国大陆,,,,,,unknown,true,,,,pending
HIGH,,,OPPO,OPPO A6,8,256,8GB+256,jd,https://search.jd.com/Search?keyword=OPPO%20OPPO%20A6%208GB%2B256%20%E5%AE%98%E6%96%B9%E6%97%97%E8%88%B0%E5%BA%97,,,8GB+256,,,中国大陆,,,,,,unknown,true,,,,pending
HIGH,,,OPPO,OPPO A6,12,256,12GB+256,jd,https://search.jd.com/Search?keyword=OPPO%20OPPO%20A6%2012GB%2B256%20%E5%AE%98%E6%96%B9%E6%97%97%E8%88%B0%E5%BA%97,,,12GB+256,,,中国大陆,,,,,,unknown,true,,,,pending
HIGH,,,OPPO,OPPO A6,8,256,8GB+256,pdd,https://mobile.yangkeduo.com/search_result.html?search_key=OPPO%20OPPO%20A6%208GB%2B256%20%E5%AE%98%E6%96%B9%E6%97%97%E8%88%B0%E5%BA%97,,,8GB+256,,,中国大陆,,,,,,unknown,true,,,,pending
HIGH,,,OPPO,OPPO A6,12,256,12GB+256,pdd,https://mobile.yangkeduo.com/search_result.html?search_key=OPPO%20OPPO%20A6%2012GB%2B256%20%E5%AE%98%E6%96%B9%E6%97%97%E8%88%B0%E5%BA%97,,,12GB+256,,,中国大陆,,,,,,unknown,true,,,,pending
HIGH,,,OPPO,OPPO A6,8,256,8GB+256,tmall,https://list.tmall.com/search_product.htm?q=OPPO%20OPPO%20A6%208GB%2B256%20%E5%AE%98%E6%96%B9%E6%97%97%E8%88%B0%E5%BA%97,,,8GB+256,,,中国大陆,,,,,,unknown,true,,,,pending
HIGH,,,OPPO,OPPO A6,12,256,12GB+256,tmall,https://list.tmall.com/search_product.htm?q=OPPO%20OPPO%20A6%2012GB%2B256%20%E5%AE%98%E6%96%B9%E6%97%97%E8%88%B0%E5%BA%97,,,12GB+256,,,中国大陆,,,,,,unknown,true,,,,pending
HIGH,,,OPPO,OPPO A6,12,512,12GB+512,jd,https://search.jd.com/Search?keyword=OPPO%20OPPO%20A6%2012GB%2B512%20%E5%AE%98%E6%96%B9%E6%97%97%E8%88%B0%E5%BA%97,,,12GB+512,,,中国大陆,,,,,,unknown,true,,,,pending
HIGH,,,OPPO,OPPO A6,12,512,12GB+512,pdd,https://mobile.yangkeduo.com/search_result.html?search_key=OPPO%20OPPO%20A6%2012GB%2B512%20%E5%AE%98%E6%96%B9%E6%97%97%E8%88%B0%E5%BA%97,,,12GB+512,,,中国大陆,,,,,,unknown,true,,,,pending
HIGH,,,OPPO,OPPO A6,12,512,12GB+512,tmall,https://list.tmall.com/search_product.htm?q=OPPO%20OPPO%20A6%2012GB%2B512%20%E5%AE%98%E6%96%B9%E6%97%97%E8%88%B0%E5%BA%97,,,12GB+512,,,中国大陆,,,,,,unknown,true,,,,pending
HIGH,,,OPPO,OPPO A6 Pro,8,256,8GB+256,jd,https://search.jd.com/Search?keyword=OPPO%20OPPO%20A6%20Pro%208GB%2B256%20%E5%AE%98%E6%96%B9%E6%97%97%E8%88%B0%E5%BA%97,,,8GB+256,,,中国大陆,,,,,,unknown,true,,,,pending
HIGH,,,OPPO,OPPO A6 Pro,12,256,12GB+256,jd,https://search.jd.com/Search?keyword=OPPO%20OPPO%20A6%20Pro%2012GB%2B256%20%E5%AE%98%E6%96%B9%E6%97%97%E8%88%B0%E5%BA%97,,,12GB+256,,,中国大陆,,,,,,unknown,true,,,,pending
HIGH,,,OPPO,OPPO A6 Pro,16,256,16GB+256,jd,https://search.jd.com/Search?keyword=OPPO%20OPPO%20A6%20Pro%2016GB%2B256%20%E5%AE%98%E6%96%B9%E6%97%97%E8%88%B0%E5%BA%97,,,16GB+256,,,中国大陆,,,,,,unknown,true,,,,pending
HIGH,,,OPPO,OPPO A6 Pro,8,256,8GB+256,pdd,https://mobile.yangkeduo.com/search_result.html?search_key=OPPO%20OPPO%20A6%20Pro%208GB%2B256%20%E5%AE%98%E6%96%B9%E6%97%97%E8%88%B0%E5%BA%97,,,8GB+256,,,中国大陆,,,,,,unknown,true,,,,pending
HIGH,,,OPPO,OPPO A6 Pro,12,256,12GB+256,pdd,https://mobile.yangkeduo.com/search_result.html?search_key=OPPO%20OPPO%20A6%20Pro%2012GB%2B256%20%E5%AE%98%E6%96%B9%E6%97%97%E8%88%B0%E5%BA%97,,,12GB+256,,,中国大陆,,,,,,unknown,true,,,,pending
HIGH,,,OPPO,OPPO A6 Pro,16,256,16GB+256,pdd,https://mobile.yangkeduo.com/search_result.html?search_key=OPPO%20OPPO%20A6%20Pro%2016GB%2B256%20%E5%AE%98%E6%96%B9%E6%97%97%E8%88%B0%E5%BA%97,,,16GB+256,,,中国大陆,,,,,,unknown,true,,,,pending
HIGH,,,OPPO,OPPO A6 Pro,8,256,8GB+256,tmall,https://list.tmall.com/search_product.htm?q=OPPO%20OPPO%20A6%20Pro%208GB%2B256%20%E5%AE%98%E6%96%B9%E6%97%97%E8%88%B0%E5%BA%97,,,8GB+256,,,中国大陆,,,,,,unknown,true,,,,pending
HIGH,,,OPPO,OPPO A6 Pro,12,256,12GB+256,tmall,https://list.tmall.com/search_product.htm?q=OPPO%20OPPO%20A6%20Pro%2012GB%2B256%20%E5%AE%98%E6%96%B9%E6%97%97%E8%88%B0%E5%BA%97,,,12GB+256,,,中国大陆,,,,,,unknown,true,,,,pending
HIGH,,,OPPO,OPPO A6 Pro,16,256,16GB+256,tmall,https://list.tmall.com/search_product.htm?q=OPPO%20OPPO%20A6%20Pro%2016GB%2B256%20%E5%AE%98%E6%96%B9%E6%97%97%E8%88%B0%E5%BA%97,,,16GB+256,,,中国大陆,,,,,,unknown,true,,,,pending
HIGH,,,OPPO,OPPO A6 Pro,16,512,16GB+512,jd,https://search.jd.com/Search?keyword=OPPO%20OPPO%20A6%20Pro%2016GB%2B512%20%E5%AE%98%E6%96%B9%E6%97%97%E8%88%B0%E5%BA%97,,,16GB+512,,,中国大陆,,,,,,unknown,true,,,,pending
HIGH,,,OPPO,OPPO A6 Pro,16,512,16GB+512,pdd,https://mobile.yangkeduo.com/search_result.html?search_key=OPPO%20OPPO%20A6%20Pro%2016GB%2B512%20%E5%AE%98%E6%96%B9%E6%97%97%E8%88%B0%E5%BA%97,,,16GB+512,,,中国大陆,,,,,,unknown,true,,,,pending
HIGH,,,OPPO,OPPO A6 Pro,16,512,16GB+512,tmall,https://list.tmall.com/search_product.htm?q=OPPO%20OPPO%20A6%20Pro%2016GB%2B512%20%E5%AE%98%E6%96%B9%E6%97%97%E8%88%B0%E5%BA%97,,,16GB+512,,,中国大陆,,,,,,unknown,true,,,,pending
HIGH,,,OPPO,OPPO A6k,8,256,8GB+256,jd,https://search.jd.com/Search?keyword=OPPO%20OPPO%20A6k%208GB%2B256%20%E5%AE%98%E6%96%B9%E6%97%97%E8%88%B0%E5%BA%97,,,8GB+256,,,中国大陆,,,,,,unknown,true,,,,pending
HIGH,,,OPPO,OPPO A6k,12,256,12GB+256,jd,https://search.jd.com/Search?keyword=OPPO%20OPPO%20A6k%2012GB%2B256%20%E5%AE%98%E6%96%B9%E6%97%97%E8%88%B0%E5%BA%97,,,12GB+256,,,中国大陆,,,,,,unknown,true,,,,pending
HIGH,,,OPPO,OPPO A6k,8,256,8GB+256,pdd,https://mobile.yangkeduo.com/search_result.html?search_key=OPPO%20OPPO%20A6k%208GB%2B256%20%E5%AE%98%E6%96%B9%E6%97%97%E8%88%B0%E5%BA%97,,,8GB+256,,,中国大陆,,,,,,unknown,true,,,,pending
HIGH,,,OPPO,OPPO A6k,12,256,12GB+256,pdd,https://mobile.yangkeduo.com/search_result.html?search_key=OPPO%20OPPO%20A6k%2012GB%2B256%20%E5%AE%98%E6%96%B9%E6%97%97%E8%88%B0%E5%BA%97,,,12GB+256,,,中国大陆,,,,,,unknown,true,,,,pending
HIGH,,,OPPO,OPPO A6k,8,256,8GB+256,tmall,https://list.tmall.com/search_product.htm?q=OPPO%20OPPO%20A6k%208GB%2B256%20%E5%AE%98%E6%96%B9%E6%97%97%E8%88%B0%E5%BA%97,,,8GB+256,,,中国大陆,,,,,,unknown,true,,,,pending
HIGH,,,OPPO,OPPO A6k,12,256,12GB+256,tmall,https://list.tmall.com/search_product.htm?q=OPPO%20OPPO%20A6k%2012GB%2B256%20%E5%AE%98%E6%96%B9%E6%97%97%E8%88%B0%E5%BA%97,,,12GB+256,,,中国大陆,,,,,,unknown,true,,,,pending
HIGH,,,OPPO,OPPO A6k,8,512,8GB+512,jd,https://search.jd.com/Search?keyword=OPPO%20OPPO%20A6k%208GB%2B512%20%E5%AE%98%E6%96%B9%E6%97%97%E8%88%B0%E5%BA%97,,,8GB+512,,,中国大陆,,,,,,unknown,true,,,,pending
HIGH,,,OPPO,OPPO A6k,8,512,8GB+512,pdd,https://mobile.yangkeduo.com/search_result.html?search_key=OPPO%20OPPO%20A6k%208GB%2B512%20%E5%AE%98%E6%96%B9%E6%97%97%E8%88%B0%E5%BA%97,,,8GB+512,,,中国大陆,,,,,,unknown,true,,,,pending
HIGH,,,OPPO,OPPO A6k,8,512,8GB+512,tmall,https://list.tmall.com/search_product.htm?q=OPPO%20OPPO%20A6k%208GB%2B512%20%E5%AE%98%E6%96%B9%E6%97%97%E8%88%B0%E5%BA%97,,,8GB+512,,,中国大陆,,,,,,unknown,true,,,,pending
HIGH,,,OPPO,OPPO A6m,6,128,6GB+128,jd,https://search.jd.com/Search?keyword=OPPO%20OPPO%20A6m%206GB%2B128%20%E5%AE%98%E6%96%B9%E6%97%97%E8%88%B0%E5%BA%97,,,6GB+128,,,中国大陆,,,,,,unknown,true,,,,pending
HIGH,,,OPPO,OPPO A6m,6,128,6GB+128,pdd,https://mobile.yangkeduo.com/search_result.html?search_key=OPPO%20OPPO%20A6m%206GB%2B128%20%E5%AE%98%E6%96%B9%E6%97%97%E8%88%B0%E5%BA%97,,,6GB+128,,,中国大陆,,,,,,unknown,true,,,,pending
HIGH,,,OPPO,OPPO A6m,6,128,6GB+128,tmall,https://list.tmall.com/search_product.htm?q=OPPO%20OPPO%20A6m%206GB%2B128%20%E5%AE%98%E6%96%B9%E6%97%97%E8%88%B0%E5%BA%97,,,6GB+128,,,中国大陆,,,,,,unknown,true,,,,pending
HIGH,,,OPPO,OPPO A6m,6,256,6GB+256,jd,https://search.jd.com/Search?keyword=OPPO%20OPPO%20A6m%206GB%2B256%20%E5%AE%98%E6%96%B9%E6%97%97%E8%88%B0%E5%BA%97,,,6GB+256,,,中国大陆,,,,,,unknown,true,,,,pending
HIGH,,,OPPO,OPPO A6m,6,256,6GB+256,pdd,https://mobile.yangkeduo.com/search_result.html?search_key=OPPO%20OPPO%20A6m%206GB%2B256%20%E5%AE%98%E6%96%B9%E6%97%97%E8%88%B0%E5%BA%97,,,6GB+256,,,中国大陆,,,,,,unknown,true,,,,pending
HIGH,,,OPPO,OPPO A6m,6,256,6GB+256,tmall,https://list.tmall.com/search_product.htm?q=OPPO%20OPPO%20A6m%206GB%2B256%20%E5%AE%98%E6%96%B9%E6%97%97%E8%88%B0%E5%BA%97,,,6GB+256,,,中国大陆,,,,,,unknown,true,,,,pending
HIGH,,,OPPO,OPPO A6s Pro,8,128,8GB+128,jd,https://search.jd.com/Search?keyword=OPPO%20OPPO%20A6s%20Pro%208GB%2B128%20%E5%AE%98%E6%96%B9%E6%97%97%E8%88%B0%E5%BA%97,,,8GB+128,,,中国大陆,,,,,,unknown,true,,,,pending
HIGH,,,OPPO,OPPO A6s Pro,8,128,8GB+128,pdd,https://mobile.yangkeduo.com/search_result.html?search_key=OPPO%20OPPO%20A6s%20Pro%208GB%2B128%20%E5%AE%98%E6%96%B9%E6%97%97%E8%88%B0%E5%BA%97,,,8GB+128,,,中国大陆,,,,,,unknown,true,,,,pending
HIGH,,,OPPO,OPPO A6s Pro,8,128,8GB+128,tmall,https://list.tmall.com/search_product.htm?q=OPPO%20OPPO%20A6s%20Pro%208GB%2B128%20%E5%AE%98%E6%96%B9%E6%97%97%E8%88%B0%E5%BA%97,,,8GB+128,,,中国大陆,,,,,,unknown,true,,,,pending
HIGH,,,OPPO,OPPO A6s Pro,8,256,8GB+256,jd,https://search.jd.com/Search?keyword=OPPO%20OPPO%20A6s%20Pro%208GB%2B256%20%E5%AE%98%E6%96%B9%E6%97%97%E8%88%B0%E5%BA%97,,,8GB+256,,,中国大陆,,,,,,unknown,true,,,,pending
HIGH,,,OPPO,OPPO A6s Pro,12,256,12GB+256,jd,https://search.jd.com/Search?keyword=OPPO%20OPPO%20A6s%20Pro%2012GB%2B256%20%E5%AE%98%E6%96%B9%E6%97%97%E8%88%B0%E5%BA%97,,,12GB+256,,,中国大陆,,,,,,unknown,true,,,,pending
HIGH,,,OPPO,OPPO A6s Pro,8,256,8GB+256,pdd,https://mobile.yangkeduo.com/search_result.html?search_key=OPPO%20OPPO%20A6s%20Pro%208GB%2B256%20%E5%AE%98%E6%96%B9%E6%97%97%E8%88%B0%E5%BA%97,,,8GB+256,,,中国大陆,,,,,,unknown,true,,,,pending
HIGH,,,OPPO,OPPO A6s Pro,12,256,12GB+256,pdd,https://mobile.yangkeduo.com/search_result.html?search_key=OPPO%20OPPO%20A6s%20Pro%2012GB%2B256%20%E5%AE%98%E6%96%B9%E6%97%97%E8%88%B0%E5%BA%97,,,12GB+256,,,中国大陆,,,,,,unknown,true,,,,pending
HIGH,,,OPPO,OPPO A6s Pro,8,256,8GB+256,tmall,https://list.tmall.com/search_product.htm?q=OPPO%20OPPO%20A6s%20Pro%208GB%2B256%20%E5%AE%98%E6%96%B9%E6%97%97%E8%88%B0%E5%BA%97,,,8GB+256,,,中国大陆,,,,,,unknown,true,,,,pending
HIGH,,,OPPO,OPPO A6s Pro,12,256,12GB+256,tmall,https://list.tmall.com/search_product.htm?q=OPPO%20OPPO%20A6s%20Pro%2012GB%2B256%20%E5%AE%98%E6%96%B9%E6%97%97%E8%88%B0%E5%BA%97,,,12GB+256,,,中国大陆,,,,,,unknown,true,,,,pending
HIGH,,,OPPO,OPPO A6s Pro,12,512,12GB+512,jd,https://search.jd.com/Search?keyword=OPPO%20OPPO%20A6s%20Pro%2012GB%2B512%20%E5%AE%98%E6%96%B9%E6%97%97%E8%88%B0%E5%BA%97,,,12GB+512,,,中国大陆,,,,,,unknown,true,,,,pending
HIGH,,,OPPO,OPPO A6s Pro,12,512,12GB+512,pdd,https://mobile.yangkeduo.com/search_result.html?search_key=OPPO%20OPPO%20A6s%20Pro%2012GB%2B512%20%E5%AE%98%E6%96%B9%E6%97%97%E8%88%B0%E5%BA%97,,,12GB+512,,,中国大陆,,,,,,unknown,true,,,,pending
HIGH,,,OPPO,OPPO A6s Pro,12,512,12GB+512,tmall,https://list.tmall.com/search_product.htm?q=OPPO%20OPPO%20A6s%20Pro%2012GB%2B512%20%E5%AE%98%E6%96%B9%E6%97%97%E8%88%B0%E5%BA%97,,,12GB+512,,,中国大陆,,,,,,unknown,true,,,,pending
HIGH,,,OPPO,OPPO A6t,6,128,6GB+128,jd,https://search.jd.com/Search?keyword=OPPO%20OPPO%20A6t%206GB%2B128%20%E5%AE%98%E6%96%B9%E6%97%97%E8%88%B0%E5%BA%97,,,6GB+128,,,中国大陆,,,,,,unknown,true,,,,pending
HIGH,,,OPPO,OPPO A6t,6,128,6GB+128,pdd,https://mobile.yangkeduo.com/search_result.html?search_key=OPPO%20OPPO%20A6t%206GB%2B128%20%E5%AE%98%E6%96%B9%E6%97%97%E8%88%B0%E5%BA%97,,,6GB+128,,,中国大陆,,,,,,unknown,true,,,,pending
HIGH,,,OPPO,OPPO A6t,6,128,6GB+128,tmall,https://list.tmall.com/search_product.htm?q=OPPO%20OPPO%20A6t%206GB%2B128%20%E5%AE%98%E6%96%B9%E6%97%97%E8%88%B0%E5%BA%97,,,6GB+128,,,中国大陆,,,,,,unknown,true,,,,pending
HIGH,,,OPPO,OPPO A6x,6,128,6GB+128,jd,https://search.jd.com/Search?keyword=OPPO%20OPPO%20A6x%206GB%2B128%20%E5%AE%98%E6%96%B9%E6%97%97%E8%88%B0%E5%BA%97,,,6GB+128,,,中国大陆,,,,,,unknown,true,,,,pending
HIGH,,,OPPO,OPPO A6x,6,128,6GB+128,pdd,https://mobile.yangkeduo.com/search_result.html?search_key=OPPO%20OPPO%20A6x%206GB%2B128%20%E5%AE%98%E6%96%B9%E6%97%97%E8%88%B0%E5%BA%97,,,6GB+128,,,中国大陆,,,,,,unknown,true,,,,pending
HIGH,,,OPPO,OPPO A6x,6,128,6GB+128,tmall,https://list.tmall.com/search_product.htm?q=OPPO%20OPPO%20A6x%206GB%2B128%20%E5%AE%98%E6%96%B9%E6%97%97%E8%88%B0%E5%BA%97,,,6GB+128,,,中国大陆,,,,,,unknown,true,,,,pending
HIGH,,,OPPO,OPPO A6x,6,256,6GB+256,jd,https://search.jd.com/Search?keyword=OPPO%20OPPO%20A6x%206GB%2B256%20%E5%AE%98%E6%96%B9%E6%97%97%E8%88%B0%E5%BA%97,,,6GB+256,,,中国大陆,,,,,,unknown,true,,,,pending
HIGH,,,OPPO,OPPO A6x,8,256,8GB+256,jd,https://search.jd.com/Search?keyword=OPPO%20OPPO%20A6x%208GB%2B256%20%E5%AE%98%E6%96%B9%E6%97%97%E8%88%B0%E5%BA%97,,,8GB+256,,,中国大陆,,,,,,unknown,true,,,,pending
HIGH,,,OPPO,OPPO A6x,6,256,6GB+256,pdd,https://mobile.yangkeduo.com/search_result.html?search_key=OPPO%20OPPO%20A6x%206GB%2B256%20%E5%AE%98%E6%96%B9%E6%97%97%E8%88%B0%E5%BA%97,,,6GB+256,,,中国大陆,,,,,,unknown,true,,,,pending
HIGH,,,OPPO,OPPO A6x,8,256,8GB+256,pdd,https://mobile.yangkeduo.com/search_result.html?search_key=OPPO%20OPPO%20A6x%208GB%2B256%20%E5%AE%98%E6%96%B9%E6%97%97%E8%88%B0%E5%BA%97,,,8GB+256,,,中国大陆,,,,,,unknown,true,,,,pending
HIGH,,,OPPO,OPPO A6x,6,256,6GB+256,tmall,https://list.tmall.com/search_product.htm?q=OPPO%20OPPO%20A6x%206GB%2B256%20%E5%AE%98%E6%96%B9%E6%97%97%E8%88%B0%E5%BA%97,,,6GB+256,,,中国大陆,,,,,,unknown,true,,,,pending
HIGH,,,OPPO,OPPO A6x,8,256,8GB+256,tmall,https://list.tmall.com/search_product.htm?q=OPPO%20OPPO%20A6x%208GB%2B256%20%E5%AE%98%E6%96%B9%E6%97%97%E8%88%B0%E5%BA%97,,,8GB+256,,,中国大陆,,,,,,unknown,true,,,,pending
HIGH,,,OPPO,OPPO A7 Pro,6,256,6GB+256,jd,https://search.jd.com/Search?keyword=OPPO%20OPPO%20A7%20Pro%206GB%2B256%20%E5%AE%98%E6%96%B9%E6%97%97%E8%88%B0%E5%BA%97,,,6GB+256,,,中国大陆,,,,,,unknown,true,,,,pending
HIGH,,,OPPO,OPPO A7 Pro,8,256,8GB+256,jd,https://search.jd.com/Search?keyword=OPPO%20OPPO%20A7%20Pro%208GB%2B256%20%E5%AE%98%E6%96%B9%E6%97%97%E8%88%B0%E5%BA%97,,,8GB+256,,,中国大陆,,,,,,unknown,true,,,,pending
HIGH,,,OPPO,OPPO A7 Pro,6,256,6GB+256,pdd,https://mobile.yangkeduo.com/search_result.html?search_key=OPPO%20OPPO%20A7%20Pro%206GB%2B256%20%E5%AE%98%E6%96%B9%E6%97%97%E8%88%B0%E5%BA%97,,,6GB+256,,,中国大陆,,,,,,unknown,true,,,,pending
HIGH,,,OPPO,OPPO A7 Pro,8,256,8GB+256,pdd,https://mobile.yangkeduo.com/search_result.html?search_key=OPPO%20OPPO%20A7%20Pro%208GB%2B256%20%E5%AE%98%E6%96%B9%E6%97%97%E8%88%B0%E5%BA%97,,,8GB+256,,,中国大陆,,,,,,unknown,true,,,,pending
HIGH,,,OPPO,OPPO A7 Pro,6,256,6GB+256,tmall,https://list.tmall.com/search_product.htm?q=OPPO%20OPPO%20A7%20Pro%206GB%2B256%20%E5%AE%98%E6%96%B9%E6%97%97%E8%88%B0%E5%BA%97,,,6GB+256,,,中国大陆,,,,,,unknown,true,,,,pending
HIGH,,,OPPO,OPPO A7 Pro,8,256,8GB+256,tmall,https://list.tmall.com/search_product.htm?q=OPPO%20OPPO%20A7%20Pro%208GB%2B256%20%E5%AE%98%E6%96%B9%E6%97%97%E8%88%B0%E5%BA%97,,,8GB+256,,,中国大陆,,,,,,unknown,true,,,,pending
HIGH,,,OPPO,OPPO A7 Pro Max,8,128,8GB+128,jd,https://search.jd.com/Search?keyword=OPPO%20OPPO%20A7%20Pro%20Max%208GB%2B128%20%E5%AE%98%E6%96%B9%E6%97%97%E8%88%B0%E5%BA%97,,,8GB+128,,,中国大陆,,,,,,unknown,true,,,,pending
HIGH,,,OPPO,OPPO A7 Pro Max,8,128,8GB+128,pdd,https://mobile.yangkeduo.com/search_result.html?search_key=OPPO%20OPPO%20A7%20Pro%20Max%208GB%2B128%20%E5%AE%98%E6%96%B9%E6%97%97%E8%88%B0%E5%BA%97,,,8GB+128,,,中国大陆,,,,,,unknown,true,,,,pending
HIGH,,,OPPO,OPPO A7 Pro Max,8,128,8GB+128,tmall,https://list.tmall.com/search_product.htm?q=OPPO%20OPPO%20A7%20Pro%20Max%208GB%2B128%20%E5%AE%98%E6%96%B9%E6%97%97%E8%88%B0%E5%BA%97,,,8GB+128,,,中国大陆,,,,,,unknown,true,,,,pending
HIGH,,,OPPO,OPPO A7 Pro Max,8,256,8GB+256,jd,https://search.jd.com/Search?keyword=OPPO%20OPPO%20A7%20Pro%20Max%208GB%2B256%20%E5%AE%98%E6%96%B9%E6%97%97%E8%88%B0%E5%BA%97,,,8GB+256,,,中国大陆,,,,,,unknown,true,,,,pending
HIGH,,,OPPO,OPPO A7 Pro Max,12,256,12GB+256,jd,https://search.jd.com/Search?keyword=OPPO%20OPPO%20A7%20Pro%20Max%2012GB%2B256%20%E5%AE%98%E6%96%B9%E6%97%97%E8%88%B0%E5%BA%97,,,12GB+256,,,中国大陆,,,,,,unknown,true,,,,pending
HIGH,,,OPPO,OPPO A7 Pro Max,8,256,8GB+256,pdd,https://mobile.yangkeduo.com/search_result.html?search_key=OPPO%20OPPO%20A7%20Pro%20Max%208GB%2B256%20%E5%AE%98%E6%96%B9%E6%97%97%E8%88%B0%E5%BA%97,,,8GB+256,,,中国大陆,,,,,,unknown,true,,,,pending
HIGH,,,OPPO,OPPO A7 Pro Max,12,256,12GB+256,pdd,https://mobile.yangkeduo.com/search_result.html?search_key=OPPO%20OPPO%20A7%20Pro%20Max%2012GB%2B256%20%E5%AE%98%E6%96%B9%E6%97%97%E8%88%B0%E5%BA%97,,,12GB+256,,,中国大陆,,,,,,unknown,true,,,,pending
HIGH,,,OPPO,OPPO A7 Pro Max,8,256,8GB+256,tmall,https://list.tmall.com/search_product.htm?q=OPPO%20OPPO%20A7%20Pro%20Max%208GB%2B256%20%E5%AE%98%E6%96%B9%E6%97%97%E8%88%B0%E5%BA%97,,,8GB+256,,,中国大陆,,,,,,unknown,true,,,,pending
HIGH,,,OPPO,OPPO A7 Pro Max,12,256,12GB+256,tmall,https://list.tmall.com/search_product.htm?q=OPPO%20OPPO%20A7%20Pro%20Max%2012GB%2B256%20%E5%AE%98%E6%96%B9%E6%97%97%E8%88%B0%E5%BA%97,,,12GB+256,,,中国大陆,,,,,,unknown,true,,,,pending
HIGH,,,OPPO,OPPO A7 Pro Max,12,512,12GB+512,jd,https://search.jd.com/Search?keyword=OPPO%20OPPO%20A7%20Pro%20Max%2012GB%2B512%20%E5%AE%98%E6%96%B9%E6%97%97%E8%88%B0%E5%BA%97,,,12GB+512,,,中国大陆,,,,,,unknown,true,,,,pending
HIGH,,,OPPO,OPPO A7 Pro Max,12,512,12GB+512,pdd,https://mobile.yangkeduo.com/search_result.html?search_key=OPPO%20OPPO%20A7%20Pro%20Max%2012GB%2B512%20%E5%AE%98%E6%96%B9%E6%97%97%E8%88%B0%E5%BA%97,,,12GB+512,,,中国大陆,,,,,,unknown,true,,,,pending
HIGH,,,OPPO,OPPO A7 Pro Max,12,512,12GB+512,tmall,https://list.tmall.com/search_product.htm?q=OPPO%20OPPO%20A7%20Pro%20Max%2012GB%2B512%20%E5%AE%98%E6%96%B9%E6%97%97%E8%88%B0%E5%BA%97,,,12GB+512,,,中国大陆,,,,,,unknown,true,,,,pending
HIGH,,,OPPO,OPPO Find N5,12,256,12GB+256,jd,https://search.jd.com/Search?keyword=OPPO%20OPPO%20Find%20N5%2012GB%2B256%20%E5%AE%98%E6%96%B9%E6%97%97%E8%88%B0%E5%BA%97,,,12GB+256,,,中国大陆,,,,,,unknown,true,,,,pending
HIGH,,,OPPO,OPPO Find N5,12,256,12GB+256,pdd,https://mobile.yangkeduo.com/search_result.html?search_key=OPPO%20OPPO%20Find%20N5%2012GB%2B256%20%E5%AE%98%E6%96%B9%E6%97%97%E8%88%B0%E5%BA%97,,,12GB+256,,,中国大陆,,,,,,unknown,true,,,,pending
HIGH,,,OPPO,OPPO Find N5,12,256,12GB+256,tmall,https://list.tmall.com/search_product.htm?q=OPPO%20OPPO%20Find%20N5%2012GB%2B256%20%E5%AE%98%E6%96%B9%E6%97%97%E8%88%B0%E5%BA%97,,,12GB+256,,,中国大陆,,,,,,unknown,true,,,,pending
HIGH,,,OPPO,OPPO Find N5,16,512,16GB+512,jd,https://search.jd.com/Search?keyword=OPPO%20OPPO%20Find%20N5%2016GB%2B512%20%E5%AE%98%E6%96%B9%E6%97%97%E8%88%B0%E5%BA%97,,,16GB+512,,,中国大陆,,,,,,unknown,true,,,,pending
HIGH,,,OPPO,OPPO Find N5,16,512,16GB+512,pdd,https://mobile.yangkeduo.com/search_result.html?search_key=OPPO%20OPPO%20Find%20N5%2016GB%2B512%20%E5%AE%98%E6%96%B9%E6%97%97%E8%88%B0%E5%BA%97,,,16GB+512,,,中国大陆,,,,,,unknown,true,,,,pending
HIGH,,,OPPO,OPPO Find N5,16,512,16GB+512,tmall,https://list.tmall.com/search_product.htm?q=OPPO%20OPPO%20Find%20N5%2016GB%2B512%20%E5%AE%98%E6%96%B9%E6%97%97%E8%88%B0%E5%BA%97,,,16GB+512,,,中国大陆,,,,,,unknown,true,,,,pending
HIGH,,,OPPO,OPPO Find N6,12,256,12GB+256,jd,https://search.jd.com/Search?keyword=OPPO%20OPPO%20Find%20N6%2012GB%2B256%20%E5%AE%98%E6%96%B9%E6%97%97%E8%88%B0%E5%BA%97,,,12GB+256,,,中国大陆,,,,,,unknown,true,,,,pending
HIGH,,,OPPO,OPPO Find N6,12,256,12GB+256,pdd,https://mobile.yangkeduo.com/search_result.html?search_key=OPPO%20OPPO%20Find%20N6%2012GB%2B256%20%E5%AE%98%E6%96%B9%E6%97%97%E8%88%B0%E5%BA%97,,,12GB+256,,,中国大陆,,,,,,unknown,true,,,,pending
HIGH,,,OPPO,OPPO Find N6,12,256,12GB+256,tmall,https://list.tmall.com/search_product.htm?q=OPPO%20OPPO%20Find%20N6%2012GB%2B256%20%E5%AE%98%E6%96%B9%E6%97%97%E8%88%B0%E5%BA%97,,,12GB+256,,,中国大陆,,,,,,unknown,true,,,,pending
HIGH,,,OPPO,OPPO Find N6,16,512,16GB+512,jd,https://search.jd.com/Search?keyword=OPPO%20OPPO%20Find%20N6%2016GB%2B512%20%E5%AE%98%E6%96%B9%E6%97%97%E8%88%B0%E5%BA%97,,,16GB+512,,,中国大陆,,,,,,unknown,true,,,,pending
HIGH,,,OPPO,OPPO Find N6,16,512,16GB+512,pdd,https://mobile.yangkeduo.com/search_result.html?search_key=OPPO%20OPPO%20Find%20N6%2016GB%2B512%20%E5%AE%98%E6%96%B9%E6%97%97%E8%88%B0%E5%BA%97,,,16GB+512,,,中国大陆,,,,,,unknown,true,,,,pending
HIGH,,,OPPO,OPPO Find N6,16,512,16GB+512,tmall,https://list.tmall.com/search_product.htm?q=OPPO%20OPPO%20Find%20N6%2016GB%2B512%20%E5%AE%98%E6%96%B9%E6%97%97%E8%88%B0%E5%BA%97,,,16GB+512,,,中国大陆,,,,,,unknown,true,,,,pending
HIGH,,,OPPO,OPPO Find X8,12,256,12GB+256,jd,https://search.jd.com/Search?keyword=OPPO%20OPPO%20Find%20X8%2012GB%2B256%20%E5%AE%98%E6%96%B9%E6%97%97%E8%88%B0%E5%BA%97,,,12GB+256,,,中国大陆,,,,,,unknown,true,,,,pending
HIGH,,,OPPO,OPPO Find X8,16,256,16GB+256,jd,https://search.jd.com/Search?keyword=OPPO%20OPPO%20Find%20X8%2016GB%2B256%20%E5%AE%98%E6%96%B9%E6%97%97%E8%88%B0%E5%BA%97,,,16GB+256,,,中国大陆,,,,,,unknown,true,,,,pending
HIGH,,,OPPO,OPPO Find X8,12,256,12GB+256,pdd,https://mobile.yangkeduo.com/search_result.html?search_key=OPPO%20OPPO%20Find%20X8%2012GB%2B256%20%E5%AE%98%E6%96%B9%E6%97%97%E8%88%B0%E5%BA%97,,,12GB+256,,,中国大陆,,,,,,unknown,true,,,,pending
HIGH,,,OPPO,OPPO Find X8,16,256,16GB+256,pdd,https://mobile.yangkeduo.com/search_result.html?search_key=OPPO%20OPPO%20Find%20X8%2016GB%2B256%20%E5%AE%98%E6%96%B9%E6%97%97%E8%88%B0%E5%BA%97,,,16GB+256,,,中国大陆,,,,,,unknown,true,,,,pending
HIGH,,,OPPO,OPPO Find X8,12,256,12GB+256,tmall,https://list.tmall.com/search_product.htm?q=OPPO%20OPPO%20Find%20X8%2012GB%2B256%20%E5%AE%98%E6%96%B9%E6%97%97%E8%88%B0%E5%BA%97,,,12GB+256,,,中国大陆,,,,,,unknown,true,,,,pending
HIGH,,,OPPO,OPPO Find X8,16,256,16GB+256,tmall,https://list.tmall.com/search_product.htm?q=OPPO%20OPPO%20Find%20X8%2016GB%2B256%20%E5%AE%98%E6%96%B9%E6%97%97%E8%88%B0%E5%BA%97,,,16GB+256,,,中国大陆,,,,,,unknown,true,,,,pending
HIGH,,,OPPO,OPPO Find X8,12,512,12GB+512,jd,https://search.jd.com/Search?keyword=OPPO%20OPPO%20Find%20X8%2012GB%2B512%20%E5%AE%98%E6%96%B9%E6%97%97%E8%88%B0%E5%BA%97,,,12GB+512,,,中国大陆,,,,,,unknown,true,,,,pending
HIGH,,,OPPO,OPPO Find X8,16,512,16GB+512,jd,https://search.jd.com/Search?keyword=OPPO%20OPPO%20Find%20X8%2016GB%2B512%20%E5%AE%98%E6%96%B9%E6%97%97%E8%88%B0%E5%BA%97,,,16GB+512,,,中国大陆,,,,,,unknown,true,,,,pending
HIGH,,,OPPO,OPPO Find X8,12,512,12GB+512,pdd,https://mobile.yangkeduo.com/search_result.html?search_key=OPPO%20OPPO%20Find%20X8%2012GB%2B512%20%E5%AE%98%E6%96%B9%E6%97%97%E8%88%B0%E5%BA%97,,,12GB+512,,,中国大陆,,,,,,unknown,true,,,,pending
HIGH,,,OPPO,OPPO Find X8,16,512,16GB+512,pdd,https://mobile.yangkeduo.com/search_result.html?search_key=OPPO%20OPPO%20Find%20X8%2016GB%2B512%20%E5%AE%98%E6%96%B9%E6%97%97%E8%88%B0%E5%BA%97,,,16GB+512,,,中国大陆,,,,,,unknown,true,,,,pending
HIGH,,,OPPO,OPPO Find X8,12,512,12GB+512,tmall,https://list.tmall.com/search_product.htm?q=OPPO%20OPPO%20Find%20X8%2012GB%2B512%20%E5%AE%98%E6%96%B9%E6%97%97%E8%88%B0%E5%BA%97,,,12GB+512,,,中国大陆,,,,,,unknown,true,,,,pending
HIGH,,,OPPO,OPPO Find X8,16,512,16GB+512,tmall,https://list.tmall.com/search_product.htm?q=OPPO%20OPPO%20Find%20X8%2016GB%2B512%20%E5%AE%98%E6%96%B9%E6%97%97%E8%88%B0%E5%BA%97,,,16GB+512,,,中国大陆,,,,,,unknown,true,,,,pending
HIGH,,,OPPO,OPPO Find X8,16,1024,16GB+1TB,jd,https://search.jd.com/Search?keyword=OPPO%20OPPO%20Find%20X8%2016GB%2B1TB%20%E5%AE%98%E6%96%B9%E6%97%97%E8%88%B0%E5%BA%97,,,16GB+1TB,,,中国大陆,,,,,,unknown,true,,,,pending
HIGH,,,OPPO,OPPO Find X8,16,1024,16GB+1TB,pdd,https://mobile.yangkeduo.com/search_result.html?search_key=OPPO%20OPPO%20Find%20X8%2016GB%2B1TB%20%E5%AE%98%E6%96%B9%E6%97%97%E8%88%B0%E5%BA%97,,,16GB+1TB,,,中国大陆,,,,,,unknown,true,,,,pending
HIGH,,,OPPO,OPPO Find X8,16,1024,16GB+1TB,tmall,https://list.tmall.com/search_product.htm?q=OPPO%20OPPO%20Find%20X8%2016GB%2B1TB%20%E5%AE%98%E6%96%B9%E6%97%97%E8%88%B0%E5%BA%97,,,16GB+1TB,,,中国大陆,,,,,,unknown,true,,,,pending
HIGH,,,OPPO,OPPO Find X8 Pro,12,256,12GB+256,jd,https://search.jd.com/Search?keyword=OPPO%20OPPO%20Find%20X8%20Pro%2012GB%2B256%20%E5%AE%98%E6%96%B9%E6%97%97%E8%88%B0%E5%BA%97,,,12GB+256,,,中国大陆,,,,,,unknown,true,,,,pending
HIGH,,,OPPO,OPPO Find X8 Pro,12,256,12GB+256,pdd,https://mobile.yangkeduo.com/search_result.html?search_key=OPPO%20OPPO%20Find%20X8%20Pro%2012GB%2B256%20%E5%AE%98%E6%96%B9%E6%97%97%E8%88%B0%E5%BA%97,,,12GB+256,,,中国大陆,,,,,,unknown,true,,,,pending
HIGH,,,OPPO,OPPO Find X8 Pro,12,256,12GB+256,tmall,https://list.tmall.com/search_product.htm?q=OPPO%20OPPO%20Find%20X8%20Pro%2012GB%2B256%20%E5%AE%98%E6%96%B9%E6%97%97%E8%88%B0%E5%BA%97,,,12GB+256,,,中国大陆,,,,,,unknown,true,,,,pending
HIGH,,,OPPO,OPPO Find X8 Pro,12,512,12GB+512,jd,https://search.jd.com/Search?keyword=OPPO%20OPPO%20Find%20X8%20Pro%2012GB%2B512%20%E5%AE%98%E6%96%B9%E6%97%97%E8%88%B0%E5%BA%97,,,12GB+512,,,中国大陆,,,,,,unknown,true,,,,pending
HIGH,,,OPPO,OPPO Find X8 Pro,16,512,16GB+512,jd,https://search.jd.com/Search?keyword=OPPO%20OPPO%20Find%20X8%20Pro%2016GB%2B512%20%E5%AE%98%E6%96%B9%E6%97%97%E8%88%B0%E5%BA%97,,,16GB+512,,,中国大陆,,,,,,unknown,true,,,,pending
HIGH,,,OPPO,OPPO Find X8 Pro,12,512,12GB+512,pdd,https://mobile.yangkeduo.com/search_result.html?search_key=OPPO%20OPPO%20Find%20X8%20Pro%2012GB%2B512%20%E5%AE%98%E6%96%B9%E6%97%97%E8%88%B0%E5%BA%97,,,12GB+512,,,中国大陆,,,,,,unknown,true,,,,pending
HIGH,,,OPPO,OPPO Find X8 Pro,16,512,16GB+512,pdd,https://mobile.yangkeduo.com/search_result.html?search_key=OPPO%20OPPO%20Find%20X8%20Pro%2016GB%2B512%20%E5%AE%98%E6%96%B9%E6%97%97%E8%88%B0%E5%BA%97,,,16GB+512,,,中国大陆,,,,,,unknown,true,,,,pending
HIGH,,,OPPO,OPPO Find X8 Pro,12,512,12GB+512,tmall,https://list.tmall.com/search_product.htm?q=OPPO%20OPPO%20Find%20X8%20Pro%2012GB%2B512%20%E5%AE%98%E6%96%B9%E6%97%97%E8%88%B0%E5%BA%97,,,12GB+512,,,中国大陆,,,,,,unknown,true,,,,pending
HIGH,,,OPPO,OPPO Find X8 Pro,16,512,16GB+512,tmall,https://list.tmall.com/search_product.htm?q=OPPO%20OPPO%20Find%20X8%20Pro%2016GB%2B512%20%E5%AE%98%E6%96%B9%E6%97%97%E8%88%B0%E5%BA%97,,,16GB+512,,,中国大陆,,,,,,unknown,true,,,,pending
HIGH,,,OPPO,OPPO Find X8 Pro,16,1024,16GB+1TB,jd,https://search.jd.com/Search?keyword=OPPO%20OPPO%20Find%20X8%20Pro%2016GB%2B1TB%20%E5%AE%98%E6%96%B9%E6%97%97%E8%88%B0%E5%BA%97,,,16GB+1TB,,,中国大陆,,,,,,unknown,true,,,,pending
HIGH,,,OPPO,OPPO Find X8 Pro,16,1024,16GB+1TB,pdd,https://mobile.yangkeduo.com/search_result.html?search_key=OPPO%20OPPO%20Find%20X8%20Pro%2016GB%2B1TB%20%E5%AE%98%E6%96%B9%E6%97%97%E8%88%B0%E5%BA%97,,,16GB+1TB,,,中国大陆,,,,,,unknown,true,,,,pending
HIGH,,,OPPO,OPPO Find X8 Pro,16,1024,16GB+1TB,tmall,https://list.tmall.com/search_product.htm?q=OPPO%20OPPO%20Find%20X8%20Pro%2016GB%2B1TB%20%E5%AE%98%E6%96%B9%E6%97%97%E8%88%B0%E5%BA%97,,,16GB+1TB,,,中国大陆,,,,,,unknown,true,,,,pending
HIGH,,,OPPO,OPPO Find X8 Pro 卫星通信版,16,1024,16GB+1TB,jd,https://search.jd.com/Search?keyword=OPPO%20OPPO%20Find%20X8%20Pro%20%E5%8D%AB%E6%98%9F%E9%80%9A%E4%BF%A1%E7%89%88%2016GB%2B1TB%20%E5%AE%98%E6%96%B9%E6%97%97%E8%88%B0%E5%BA%97,,,16GB+1TB,,,中国大陆,,,,,,unknown,true,,,,pending
HIGH,,,OPPO,OPPO Find X8 Pro 卫星通信版,16,1024,16GB+1TB,pdd,https://mobile.yangkeduo.com/search_result.html?search_key=OPPO%20OPPO%20Find%20X8%20Pro%20%E5%8D%AB%E6%98%9F%E9%80%9A%E4%BF%A1%E7%89%88%2016GB%2B1TB%20%E5%AE%98%E6%96%B9%E6%97%97%E8%88%B0%E5%BA%97,,,16GB+1TB,,,中国大陆,,,,,,unknown,true,,,,pending
HIGH,,,OPPO,OPPO Find X8 Pro 卫星通信版,16,1024,16GB+1TB,tmall,https://list.tmall.com/search_product.htm?q=OPPO%20OPPO%20Find%20X8%20Pro%20%E5%8D%AB%E6%98%9F%E9%80%9A%E4%BF%A1%E7%89%88%2016GB%2B1TB%20%E5%AE%98%E6%96%B9%E6%97%97%E8%88%B0%E5%BA%97,,,16GB+1TB,,,中国大陆,,,,,,unknown,true,,,,pending
HIGH,,,OPPO,OPPO Find X8 Ultra,12,256,12GB+256,jd,https://search.jd.com/Search?keyword=OPPO%20OPPO%20Find%20X8%20Ultra%2012GB%2B256%20%E5%AE%98%E6%96%B9%E6%97%97%E8%88%B0%E5%BA%97,,,12GB+256,,,中国大陆,,,,,,unknown,true,,,,pending
HIGH,,,OPPO,OPPO Find X8 Ultra,12,256,12GB+256,pdd,https://mobile.yangkeduo.com/search_result.html?search_key=OPPO%20OPPO%20Find%20X8%20Ultra%2012GB%2B256%20%E5%AE%98%E6%96%B9%E6%97%97%E8%88%B0%E5%BA%97,,,12GB+256,,,中国大陆,,,,,,unknown,true,,,,pending
HIGH,,,OPPO,OPPO Find X8 Ultra,12,256,12GB+256,tmall,https://list.tmall.com/search_product.htm?q=OPPO%20OPPO%20Find%20X8%20Ultra%2012GB%2B256%20%E5%AE%98%E6%96%B9%E6%97%97%E8%88%B0%E5%BA%97,,,12GB+256,,,中国大陆,,,,,,unknown,true,,,,pending
HIGH,,,OPPO,OPPO Find X8 Ultra,16,512,16GB+512,jd,https://search.jd.com/Search?keyword=OPPO%20OPPO%20Find%20X8%20Ultra%2016GB%2B512%20%E5%AE%98%E6%96%B9%E6%97%97%E8%88%B0%E5%BA%97,,,16GB+512,,,中国大陆,,,,,,unknown,true,,,,pending
HIGH,,,OPPO,OPPO Find X8 Ultra,16,512,16GB+512,pdd,https://mobile.yangkeduo.com/search_result.html?search_key=OPPO%20OPPO%20Find%20X8%20Ultra%2016GB%2B512%20%E5%AE%98%E6%96%B9%E6%97%97%E8%88%B0%E5%BA%97,,,16GB+512,,,中国大陆,,,,,,unknown,true,,,,pending
HIGH,,,OPPO,OPPO Find X8 Ultra,16,512,16GB+512,tmall,https://list.tmall.com/search_product.htm?q=OPPO%20OPPO%20Find%20X8%20Ultra%2016GB%2B512%20%E5%AE%98%E6%96%B9%E6%97%97%E8%88%B0%E5%BA%97,,,16GB+512,,,中国大陆,,,,,,unknown,true,,,,pending
HIGH,,,OPPO,OPPO Find X8s,12,256,12GB+256,jd,https://search.jd.com/Search?keyword=OPPO%20OPPO%20Find%20X8s%2012GB%2B256%20%E5%AE%98%E6%96%B9%E6%97%97%E8%88%B0%E5%BA%97,,,12GB+256,,,中国大陆,,,,,,unknown,true,,,,pending
HIGH,,,OPPO,OPPO Find X8s,16,256,16GB+256,jd,https://search.jd.com/Search?keyword=OPPO%20OPPO%20Find%20X8s%2016GB%2B256%20%E5%AE%98%E6%96%B9%E6%97%97%E8%88%B0%E5%BA%97,,,16GB+256,,,中国大陆,,,,,,unknown,true,,,,pending
HIGH,,,OPPO,OPPO Find X8s,12,256,12GB+256,pdd,https://mobile.yangkeduo.com/search_result.html?search_key=OPPO%20OPPO%20Find%20X8s%2012GB%2B256%20%E5%AE%98%E6%96%B9%E6%97%97%E8%88%B0%E5%BA%97,,,12GB+256,,,中国大陆,,,,,,unknown,true,,,,pending
HIGH,,,OPPO,OPPO Find X8s,16,256,16GB+256,pdd,https://mobile.yangkeduo.com/search_result.html?search_key=OPPO%20OPPO%20Find%20X8s%2016GB%2B256%20%E5%AE%98%E6%96%B9%E6%97%97%E8%88%B0%E5%BA%97,,,16GB+256,,,中国大陆,,,,,,unknown,true,,,,pending
HIGH,,,OPPO,OPPO Find X8s,12,256,12GB+256,tmall,https://list.tmall.com/search_product.htm?q=OPPO%20OPPO%20Find%20X8s%2012GB%2B256%20%E5%AE%98%E6%96%B9%E6%97%97%E8%88%B0%E5%BA%97,,,12GB+256,,,中国大陆,,,,,,unknown,true,,,,pending
HIGH,,,OPPO,OPPO Find X8s,16,256,16GB+256,tmall,https://list.tmall.com/search_product.htm?q=OPPO%20OPPO%20Find%20X8s%2016GB%2B256%20%E5%AE%98%E6%96%B9%E6%97%97%E8%88%B0%E5%BA%97,,,16GB+256,,,中国大陆,,,,,,unknown,true,,,,pending
HIGH,,,OPPO,OPPO Find X8s,12,512,12GB+512,jd,https://search.jd.com/Search?keyword=OPPO%20OPPO%20Find%20X8s%2012GB%2B512%20%E5%AE%98%E6%96%B9%E6%97%97%E8%88%B0%E5%BA%97,,,12GB+512,,,中国大陆,,,,,,unknown,true,,,,pending
HIGH,,,OPPO,OPPO Find X8s,16,512,16GB+512,jd,https://search.jd.com/Search?keyword=OPPO%20OPPO%20Find%20X8s%2016GB%2B512%20%E5%AE%98%E6%96%B9%E6%97%97%E8%88%B0%E5%BA%97,,,16GB+512,,,中国大陆,,,,,,unknown,true,,,,pending
HIGH,,,OPPO,OPPO Find X8s,12,512,12GB+512,pdd,https://mobile.yangkeduo.com/search_result.html?search_key=OPPO%20OPPO%20Find%20X8s%2012GB%2B512%20%E5%AE%98%E6%96%B9%E6%97%97%E8%88%B0%E5%BA%97,,,12GB+512,,,中国大陆,,,,,,unknown,true,,,,pending
HIGH,,,OPPO,OPPO Find X8s,16,512,16GB+512,pdd,https://mobile.yangkeduo.com/search_result.html?search_key=OPPO%20OPPO%20Find%20X8s%2016GB%2B512%20%E5%AE%98%E6%96%B9%E6%97%97%E8%88%B0%E5%BA%97,,,16GB+512,,,中国大陆,,,,,,unknown,true,,,,pending
HIGH,,,OPPO,OPPO Find X8s,12,512,12GB+512,tmall,https://list.tmall.com/search_product.htm?q=OPPO%20OPPO%20Find%20X8s%2012GB%2B512%20%E5%AE%98%E6%96%B9%E6%97%97%E8%88%B0%E5%BA%97,,,12GB+512,,,中国大陆,,,,,,unknown,true,,,,pending
HIGH,,,OPPO,OPPO Find X8s,16,512,16GB+512,tmall,https://list.tmall.com/search_product.htm?q=OPPO%20OPPO%20Find%20X8s%2016GB%2B512%20%E5%AE%98%E6%96%B9%E6%97%97%E8%88%B0%E5%BA%97,,,16GB+512,,,中国大陆,,,,,,unknown,true,,,,pending
HIGH,,,OPPO,OPPO Find X8s+,12,256,12GB+256,jd,https://search.jd.com/Search?keyword=OPPO%20OPPO%20Find%20X8s%2B%2012GB%2B256%20%E5%AE%98%E6%96%B9%E6%97%97%E8%88%B0%E5%BA%97,,,12GB+256,,,中国大陆,,,,,,unknown,true,,,,pending
HIGH,,,OPPO,OPPO Find X8s+,12,256,12GB+256,pdd,https://mobile.yangkeduo.com/search_result.html?search_key=OPPO%20OPPO%20Find%20X8s%2B%2012GB%2B256%20%E5%AE%98%E6%96%B9%E6%97%97%E8%88%B0%E5%BA%97,,,12GB+256,,,中国大陆,,,,,,unknown,true,,,,pending
HIGH,,,OPPO,OPPO Find X8s+,12,256,12GB+256,tmall,https://list.tmall.com/search_product.htm?q=OPPO%20OPPO%20Find%20X8s%2B%2012GB%2B256%20%E5%AE%98%E6%96%B9%E6%97%97%E8%88%B0%E5%BA%97,,,12GB+256,,,中国大陆,,,,,,unknown,true,,,,pending
HIGH,,,OPPO,OPPO Find X8s+,16,512,16GB+512,jd,https://search.jd.com/Search?keyword=OPPO%20OPPO%20Find%20X8s%2B%2016GB%2B512%20%E5%AE%98%E6%96%B9%E6%97%97%E8%88%B0%E5%BA%97,,,16GB+512,,,中国大陆,,,,,,unknown,true,,,,pending
HIGH,,,OPPO,OPPO Find X8s+,12,512,12GB+512,jd,https://search.jd.com/Search?keyword=OPPO%20OPPO%20Find%20X8s%2B%2012GB%2B512%20%E5%AE%98%E6%96%B9%E6%97%97%E8%88%B0%E5%BA%97,,,12GB+512,,,中国大陆,,,,,,unknown,true,,,,pending
HIGH,,,OPPO,OPPO Find X8s+,16,512,16GB+512,pdd,https://mobile.yangkeduo.com/search_result.html?search_key=OPPO%20OPPO%20Find%20X8s%2B%2016GB%2B512%20%E5%AE%98%E6%96%B9%E6%97%97%E8%88%B0%E5%BA%97,,,16GB+512,,,中国大陆,,,,,,unknown,true,,,,pending
HIGH,,,OPPO,OPPO Find X8s+,12,512,12GB+512,pdd,https://mobile.yangkeduo.com/search_result.html?search_key=OPPO%20OPPO%20Find%20X8s%2B%2012GB%2B512%20%E5%AE%98%E6%96%B9%E6%97%97%E8%88%B0%E5%BA%97,,,12GB+512,,,中国大陆,,,,,,unknown,true,,,,pending
HIGH,,,OPPO,OPPO Find X8s+,16,512,16GB+512,tmall,https://list.tmall.com/search_product.htm?q=OPPO%20OPPO%20Find%20X8s%2B%2016GB%2B512%20%E5%AE%98%E6%96%B9%E6%97%97%E8%88%B0%E5%BA%97,,,16GB+512,,,中国大陆,,,,,,unknown,true,,,,pending
HIGH,,,OPPO,OPPO Find X8s+,12,512,12GB+512,tmall,https://list.tmall.com/search_product.htm?q=OPPO%20OPPO%20Find%20X8s%2B%2012GB%2B512%20%E5%AE%98%E6%96%B9%E6%97%97%E8%88%B0%E5%BA%97,,,12GB+512,,,中国大陆,,,,,,unknown,true,,,,pending
HIGH,,,OPPO,OPPO Find X8s+,16,1024,16GB+1TB,jd,https://search.jd.com/Search?keyword=OPPO%20OPPO%20Find%20X8s%2B%2016GB%2B1TB%20%E5%AE%98%E6%96%B9%E6%97%97%E8%88%B0%E5%BA%97,,,16GB+1TB,,,中国大陆,,,,,,unknown,true,,,,pending
HIGH,,,OPPO,OPPO Find X8s+,16,1024,16GB+1TB,pdd,https://mobile.yangkeduo.com/search_result.html?search_key=OPPO%20OPPO%20Find%20X8s%2B%2016GB%2B1TB%20%E5%AE%98%E6%96%B9%E6%97%97%E8%88%B0%E5%BA%97,,,16GB+1TB,,,中国大陆,,,,,,unknown,true,,,,pending
HIGH,,,OPPO,OPPO Find X8s+,16,1024,16GB+1TB,tmall,https://list.tmall.com/search_product.htm?q=OPPO%20OPPO%20Find%20X8s%2B%2016GB%2B1TB%20%E5%AE%98%E6%96%B9%E6%97%97%E8%88%B0%E5%BA%97,,,16GB+1TB,,,中国大陆,,,,,,unknown,true,,,,pending
HIGH,,,OPPO,OPPO Find X9,12,256,12GB+256,jd,https://search.jd.com/Search?keyword=OPPO%20OPPO%20Find%20X9%2012GB%2B256%20%E5%AE%98%E6%96%B9%E6%97%97%E8%88%B0%E5%BA%97,,,12GB+256,,,中国大陆,,,,,,unknown,true,,,,pending
HIGH,,,OPPO,OPPO Find X9,16,256,16GB+256,jd,https://search.jd.com/Search?keyword=OPPO%20OPPO%20Find%20X9%2016GB%2B256%20%E5%AE%98%E6%96%B9%E6%97%97%E8%88%B0%E5%BA%97,,,16GB+256,,,中国大陆,,,,,,unknown,true,,,,pending
HIGH,,,OPPO,OPPO Find X9,12,256,12GB+256,pdd,https://mobile.yangkeduo.com/search_result.html?search_key=OPPO%20OPPO%20Find%20X9%2012GB%2B256%20%E5%AE%98%E6%96%B9%E6%97%97%E8%88%B0%E5%BA%97,,,12GB+256,,,中国大陆,,,,,,unknown,true,,,,pending
HIGH,,,OPPO,OPPO Find X9,16,256,16GB+256,pdd,https://mobile.yangkeduo.com/search_result.html?search_key=OPPO%20OPPO%20Find%20X9%2016GB%2B256%20%E5%AE%98%E6%96%B9%E6%97%97%E8%88%B0%E5%BA%97,,,16GB+256,,,中国大陆,,,,,,unknown,true,,,,pending
HIGH,,,OPPO,OPPO Find X9,12,256,12GB+256,tmall,https://list.tmall.com/search_product.htm?q=OPPO%20OPPO%20Find%20X9%2012GB%2B256%20%E5%AE%98%E6%96%B9%E6%97%97%E8%88%B0%E5%BA%97,,,12GB+256,,,中国大陆,,,,,,unknown,true,,,,pending
HIGH,,,OPPO,OPPO Find X9,16,256,16GB+256,tmall,https://list.tmall.com/search_product.htm?q=OPPO%20OPPO%20Find%20X9%2016GB%2B256%20%E5%AE%98%E6%96%B9%E6%97%97%E8%88%B0%E5%BA%97,,,16GB+256,,,中国大陆,,,,,,unknown,true,,,,pending
HIGH,,,OPPO,OPPO Find X9,12,512,12GB+512,jd,https://search.jd.com/Search?keyword=OPPO%20OPPO%20Find%20X9%2012GB%2B512%20%E5%AE%98%E6%96%B9%E6%97%97%E8%88%B0%E5%BA%97,,,12GB+512,,,中国大陆,,,,,,unknown,true,,,,pending
HIGH,,,OPPO,OPPO Find X9,16,512,16GB+512,jd,https://search.jd.com/Search?keyword=OPPO%20OPPO%20Find%20X9%2016GB%2B512%20%E5%AE%98%E6%96%B9%E6%97%97%E8%88%B0%E5%BA%97,,,16GB+512,,,中国大陆,,,,,,unknown,true,,,,pending
HIGH,,,OPPO,OPPO Find X9,12,512,12GB+512,pdd,https://mobile.yangkeduo.com/search_result.html?search_key=OPPO%20OPPO%20Find%20X9%2012GB%2B512%20%E5%AE%98%E6%96%B9%E6%97%97%E8%88%B0%E5%BA%97,,,12GB+512,,,中国大陆,,,,,,unknown,true,,,,pending
HIGH,,,OPPO,OPPO Find X9,16,512,16GB+512,pdd,https://mobile.yangkeduo.com/search_result.html?search_key=OPPO%20OPPO%20Find%20X9%2016GB%2B512%20%E5%AE%98%E6%96%B9%E6%97%97%E8%88%B0%E5%BA%97,,,16GB+512,,,中国大陆,,,,,,unknown,true,,,,pending
HIGH,,,OPPO,OPPO Find X9,12,512,12GB+512,tmall,https://list.tmall.com/search_product.htm?q=OPPO%20OPPO%20Find%20X9%2012GB%2B512%20%E5%AE%98%E6%96%B9%E6%97%97%E8%88%B0%E5%BA%97,,,12GB+512,,,中国大陆,,,,,,unknown,true,,,,pending
HIGH,,,OPPO,OPPO Find X9,16,512,16GB+512,tmall,https://list.tmall.com/search_product.htm?q=OPPO%20OPPO%20Find%20X9%2016GB%2B512%20%E5%AE%98%E6%96%B9%E6%97%97%E8%88%B0%E5%BA%97,,,16GB+512,,,中国大陆,,,,,,unknown,true,,,,pending
HIGH,,,OPPO,OPPO Find X9,16,1024,16GB+1TB,jd,https://search.jd.com/Search?keyword=OPPO%20OPPO%20Find%20X9%2016GB%2B1TB%20%E5%AE%98%E6%96%B9%E6%97%97%E8%88%B0%E5%BA%97,,,16GB+1TB,,,中国大陆,,,,,,unknown,true,,,,pending
HIGH,,,OPPO,OPPO Find X9,16,1024,16GB+1TB,pdd,https://mobile.yangkeduo.com/search_result.html?search_key=OPPO%20OPPO%20Find%20X9%2016GB%2B1TB%20%E5%AE%98%E6%96%B9%E6%97%97%E8%88%B0%E5%BA%97,,,16GB+1TB,,,中国大陆,,,,,,unknown,true,,,,pending
HIGH,,,OPPO,OPPO Find X9,16,1024,16GB+1TB,tmall,https://list.tmall.com/search_product.htm?q=OPPO%20OPPO%20Find%20X9%2016GB%2B1TB%20%E5%AE%98%E6%96%B9%E6%97%97%E8%88%B0%E5%BA%97,,,16GB+1TB,,,中国大陆,,,,,,unknown,true,,,,pending
HIGH,,,OPPO,OPPO Find X9 Pro,12,256,12GB+256,jd,https://search.jd.com/Search?keyword=OPPO%20OPPO%20Find%20X9%20Pro%2012GB%2B256%20%E5%AE%98%E6%96%B9%E6%97%97%E8%88%B0%E5%BA%97,,,12GB+256,,,中国大陆,,,,,,unknown,true,,,,pending
HIGH,,,OPPO,OPPO Find X9 Pro,12,256,12GB+256,pdd,https://mobile.yangkeduo.com/search_result.html?search_key=OPPO%20OPPO%20Find%20X9%20Pro%2012GB%2B256%20%E5%AE%98%E6%96%B9%E6%97%97%E8%88%B0%E5%BA%97,,,12GB+256,,,中国大陆,,,,,,unknown,true,,,,pending
HIGH,,,OPPO,OPPO Find X9 Pro,12,256,12GB+256,tmall,https://list.tmall.com/search_product.htm?q=OPPO%20OPPO%20Find%20X9%20Pro%2012GB%2B256%20%E5%AE%98%E6%96%B9%E6%97%97%E8%88%B0%E5%BA%97,,,12GB+256,,,中国大陆,,,,,,unknown,true,,,,pending
HIGH,,,OPPO,OPPO Find X9 Pro,12,512,12GB+512,jd,https://search.jd.com/Search?keyword=OPPO%20OPPO%20Find%20X9%20Pro%2012GB%2B512%20%E5%AE%98%E6%96%B9%E6%97%97%E8%88%B0%E5%BA%97,,,12GB+512,,,中国大陆,,,,,,unknown,true,,,,pending
HIGH,,,OPPO,OPPO Find X9 Pro,16,512,16GB+512,jd,https://search.jd.com/Search?keyword=OPPO%20OPPO%20Find%20X9%20Pro%2016GB%2B512%20%E5%AE%98%E6%96%B9%E6%97%97%E8%88%B0%E5%BA%97,,,16GB+512,,,中国大陆,,,,,,unknown,true,,,,pending
HIGH,,,OPPO,OPPO Find X9 Pro,12,512,12GB+512,pdd,https://mobile.yangkeduo.com/search_result.html?search_key=OPPO%20OPPO%20Find%20X9%20Pro%2012GB%2B512%20%E5%AE%98%E6%96%B9%E6%97%97%E8%88%B0%E5%BA%97,,,12GB+512,,,中国大陆,,,,,,unknown,true,,,,pending
HIGH,,,OPPO,OPPO Find X9 Pro,16,512,16GB+512,pdd,https://mobile.yangkeduo.com/search_result.html?search_key=OPPO%20OPPO%20Find%20X9%20Pro%2016GB%2B512%20%E5%AE%98%E6%96%B9%E6%97%97%E8%88%B0%E5%BA%97,,,16GB+512,,,中国大陆,,,,,,unknown,true,,,,pending
HIGH,,,OPPO,OPPO Find X9 Pro,12,512,12GB+512,tmall,https://list.tmall.com/search_product.htm?q=OPPO%20OPPO%20Find%20X9%20Pro%2012GB%2B512%20%E5%AE%98%E6%96%B9%E6%97%97%E8%88%B0%E5%BA%97,,,12GB+512,,,中国大陆,,,,,,unknown,true,,,,pending
HIGH,,,OPPO,OPPO Find X9 Pro,16,512,16GB+512,tmall,https://list.tmall.com/search_product.htm?q=OPPO%20OPPO%20Find%20X9%20Pro%2016GB%2B512%20%E5%AE%98%E6%96%B9%E6%97%97%E8%88%B0%E5%BA%97,,,16GB+512,,,中国大陆,,,,,,unknown,true,,,,pending
HIGH,,,OPPO,OPPO Find X9 Pro,16,1024,16GB+1TB,jd,https://search.jd.com/Search?keyword=OPPO%20OPPO%20Find%20X9%20Pro%2016GB%2B1TB%20%E5%AE%98%E6%96%B9%E6%97%97%E8%88%B0%E5%BA%97,,,16GB+1TB,,,中国大陆,,,,,,unknown,true,,,,pending
HIGH,,,OPPO,OPPO Find X9 Pro,16,1024,16GB+1TB,pdd,https://mobile.yangkeduo.com/search_result.html?search_key=OPPO%20OPPO%20Find%20X9%20Pro%2016GB%2B1TB%20%E5%AE%98%E6%96%B9%E6%97%97%E8%88%B0%E5%BA%97,,,16GB+1TB,,,中国大陆,,,,,,unknown,true,,,,pending
HIGH,,,OPPO,OPPO Find X9 Pro,16,1024,16GB+1TB,tmall,https://list.tmall.com/search_product.htm?q=OPPO%20OPPO%20Find%20X9%20Pro%2016GB%2B1TB%20%E5%AE%98%E6%96%B9%E6%97%97%E8%88%B0%E5%BA%97,,,16GB+1TB,,,中国大陆,,,,,,unknown,true,,,,pending
HIGH,,,OPPO,OPPO Find X9 Pro 卫星通信版,12,512,12GB+512,jd,https://search.jd.com/Search?keyword=OPPO%20OPPO%20Find%20X9%20Pro%20%E5%8D%AB%E6%98%9F%E9%80%9A%E4%BF%A1%E7%89%88%2012GB%2B512%20%E5%AE%98%E6%96%B9%E6%97%97%E8%88%B0%E5%BA%97,,,12GB+512,,,中国大陆,,,,,,unknown,true,,,,pending
HIGH,,,OPPO,OPPO Find X9 Pro 卫星通信版,12,512,12GB+512,pdd,https://mobile.yangkeduo.com/search_result.html?search_key=OPPO%20OPPO%20Find%20X9%20Pro%20%E5%8D%AB%E6%98%9F%E9%80%9A%E4%BF%A1%E7%89%88%2012GB%2B512%20%E5%AE%98%E6%96%B9%E6%97%97%E8%88%B0%E5%BA%97,,,12GB+512,,,中国大陆,,,,,,unknown,true,,,,pending
HIGH,,,OPPO,OPPO Find X9 Pro 卫星通信版,12,512,12GB+512,tmall,https://list.tmall.com/search_product.htm?q=OPPO%20OPPO%20Find%20X9%20Pro%20%E5%8D%AB%E6%98%9F%E9%80%9A%E4%BF%A1%E7%89%88%2012GB%2B512%20%E5%AE%98%E6%96%B9%E6%97%97%E8%88%B0%E5%BA%97,,,12GB+512,,,中国大陆,,,,,,unknown,true,,,,pending
HIGH,,,OPPO,OPPO Find X9 Pro 卫星通信版,16,1024,16GB+1TB,jd,https://search.jd.com/Search?keyword=OPPO%20OPPO%20Find%20X9%20Pro%20%E5%8D%AB%E6%98%9F%E9%80%9A%E4%BF%A1%E7%89%88%2016GB%2B1TB%20%E5%AE%98%E6%96%B9%E6%97%97%E8%88%B0%E5%BA%97,,,16GB+1TB,,,中国大陆,,,,,,unknown,true,,,,pending
HIGH,,,OPPO,OPPO Find X9 Pro 卫星通信版,16,1024,16GB+1TB,pdd,https://mobile.yangkeduo.com/search_result.html?search_key=OPPO%20OPPO%20Find%20X9%20Pro%20%E5%8D%AB%E6%98%9F%E9%80%9A%E4%BF%A1%E7%89%88%2016GB%2B1TB%20%E5%AE%98%E6%96%B9%E6%97%97%E8%88%B0%E5%BA%97,,,16GB+1TB,,,中国大陆,,,,,,unknown,true,,,,pending
HIGH,,,OPPO,OPPO Find X9 Pro 卫星通信版,16,1024,16GB+1TB,tmall,https://list.tmall.com/search_product.htm?q=OPPO%20OPPO%20Find%20X9%20Pro%20%E5%8D%AB%E6%98%9F%E9%80%9A%E4%BF%A1%E7%89%88%2016GB%2B1TB%20%E5%AE%98%E6%96%B9%E6%97%97%E8%88%B0%E5%BA%97,,,16GB+1TB,,,中国大陆,,,,,,unknown,true,,,,pending
HIGH,,,OPPO,OPPO Find X9 Ultra,12,256,12GB+256,jd,https://search.jd.com/Search?keyword=OPPO%20OPPO%20Find%20X9%20Ultra%2012GB%2B256%20%E5%AE%98%E6%96%B9%E6%97%97%E8%88%B0%E5%BA%97,,,12GB+256,,,中国大陆,,,,,,unknown,true,,,,pending
HIGH,,,OPPO,OPPO Find X9 Ultra,12,256,12GB+256,pdd,https://mobile.yangkeduo.com/search_result.html?search_key=OPPO%20OPPO%20Find%20X9%20Ultra%2012GB%2B256%20%E5%AE%98%E6%96%B9%E6%97%97%E8%88%B0%E5%BA%97,,,12GB+256,,,中国大陆,,,,,,unknown,true,,,,pending
HIGH,,,OPPO,OPPO Find X9 Ultra,12,256,12GB+256,tmall,https://list.tmall.com/search_product.htm?q=OPPO%20OPPO%20Find%20X9%20Ultra%2012GB%2B256%20%E5%AE%98%E6%96%B9%E6%97%97%E8%88%B0%E5%BA%97,,,12GB+256,,,中国大陆,,,,,,unknown,true,,,,pending
HIGH,,,OPPO,OPPO Find X9 Ultra,12,512,12GB+512,jd,https://search.jd.com/Search?keyword=OPPO%20OPPO%20Find%20X9%20Ultra%2012GB%2B512%20%E5%AE%98%E6%96%B9%E6%97%97%E8%88%B0%E5%BA%97,,,12GB+512,,,中国大陆,,,,,,unknown,true,,,,pending
HIGH,,,OPPO,OPPO Find X9 Ultra,16,512,16GB+512,jd,https://search.jd.com/Search?keyword=OPPO%20OPPO%20Find%20X9%20Ultra%2016GB%2B512%20%E5%AE%98%E6%96%B9%E6%97%97%E8%88%B0%E5%BA%97,,,16GB+512,,,中国大陆,,,,,,unknown,true,,,,pending
HIGH,,,OPPO,OPPO Find X9 Ultra,12,512,12GB+512,pdd,https://mobile.yangkeduo.com/search_result.html?search_key=OPPO%20OPPO%20Find%20X9%20Ultra%2012GB%2B512%20%E5%AE%98%E6%96%B9%E6%97%97%E8%88%B0%E5%BA%97,,,12GB+512,,,中国大陆,,,,,,unknown,true,,,,pending
HIGH,,,OPPO,OPPO Find X9 Ultra,16,512,16GB+512,pdd,https://mobile.yangkeduo.com/search_result.html?search_key=OPPO%20OPPO%20Find%20X9%20Ultra%2016GB%2B512%20%E5%AE%98%E6%96%B9%E6%97%97%E8%88%B0%E5%BA%97,,,16GB+512,,,中国大陆,,,,,,unknown,true,,,,pending
HIGH,,,OPPO,OPPO Find X9 Ultra,12,512,12GB+512,tmall,https://list.tmall.com/search_product.htm?q=OPPO%20OPPO%20Find%20X9%20Ultra%2012GB%2B512%20%E5%AE%98%E6%96%B9%E6%97%97%E8%88%B0%E5%BA%97,,,12GB+512,,,中国大陆,,,,,,unknown,true,,,,pending
HIGH,,,OPPO,OPPO Find X9 Ultra,16,512,16GB+512,tmall,https://list.tmall.com/search_product.htm?q=OPPO%20OPPO%20Find%20X9%20Ultra%2016GB%2B512%20%E5%AE%98%E6%96%B9%E6%97%97%E8%88%B0%E5%BA%97,,,16GB+512,,,中国大陆,,,,,,unknown,true,,,,pending
HIGH,,,OPPO,OPPO Find X9 Ultra,16,1024,16GB+1TB,jd,https://search.jd.com/Search?keyword=OPPO%20OPPO%20Find%20X9%20Ultra%2016GB%2B1TB%20%E5%AE%98%E6%96%B9%E6%97%97%E8%88%B0%E5%BA%97,,,16GB+1TB,,,中国大陆,,,,,,unknown,true,,,,pending
HIGH,,,OPPO,OPPO Find X9 Ultra,16,1024,16GB+1TB,pdd,https://mobile.yangkeduo.com/search_result.html?search_key=OPPO%20OPPO%20Find%20X9%20Ultra%2016GB%2B1TB%20%E5%AE%98%E6%96%B9%E6%97%97%E8%88%B0%E5%BA%97,,,16GB+1TB,,,中国大陆,,,,,,unknown,true,,,,pending
HIGH,,,OPPO,OPPO Find X9 Ultra,16,1024,16GB+1TB,tmall,https://list.tmall.com/search_product.htm?q=OPPO%20OPPO%20Find%20X9%20Ultra%2016GB%2B1TB%20%E5%AE%98%E6%96%B9%E6%97%97%E8%88%B0%E5%BA%97,,,16GB+1TB,,,中国大陆,,,,,,unknown,true,,,,pending
HIGH,,,OPPO,OPPO Find X9s Pro,12,256,12GB+256,jd,https://search.jd.com/Search?keyword=OPPO%20OPPO%20Find%20X9s%20Pro%2012GB%2B256%20%E5%AE%98%E6%96%B9%E6%97%97%E8%88%B0%E5%BA%97,,,12GB+256,,,中国大陆,,,,,,unknown,true,,,,pending
HIGH,,,OPPO,OPPO Find X9s Pro,12,256,12GB+256,pdd,https://mobile.yangkeduo.com/search_result.html?search_key=OPPO%20OPPO%20Find%20X9s%20Pro%2012GB%2B256%20%E5%AE%98%E6%96%B9%E6%97%97%E8%88%B0%E5%BA%97,,,12GB+256,,,中国大陆,,,,,,unknown,true,,,,pending
HIGH,,,OPPO,OPPO Find X9s Pro,12,256,12GB+256,tmall,https://list.tmall.com/search_product.htm?q=OPPO%20OPPO%20Find%20X9s%20Pro%2012GB%2B256%20%E5%AE%98%E6%96%B9%E6%97%97%E8%88%B0%E5%BA%97,,,12GB+256,,,中国大陆,,,,,,unknown,true,,,,pending
HIGH,,,OPPO,OPPO Find X9s Pro,12,512,12GB+512,jd,https://search.jd.com/Search?keyword=OPPO%20OPPO%20Find%20X9s%20Pro%2012GB%2B512%20%E5%AE%98%E6%96%B9%E6%97%97%E8%88%B0%E5%BA%97,,,12GB+512,,,中国大陆,,,,,,unknown,true,,,,pending
HIGH,,,OPPO,OPPO Find X9s Pro,16,512,16GB+512,jd,https://search.jd.com/Search?keyword=OPPO%20OPPO%20Find%20X9s%20Pro%2016GB%2B512%20%E5%AE%98%E6%96%B9%E6%97%97%E8%88%B0%E5%BA%97,,,16GB+512,,,中国大陆,,,,,,unknown,true,,,,pending
HIGH,,,OPPO,OPPO Find X9s Pro,12,512,12GB+512,pdd,https://mobile.yangkeduo.com/search_result.html?search_key=OPPO%20OPPO%20Find%20X9s%20Pro%2012GB%2B512%20%E5%AE%98%E6%96%B9%E6%97%97%E8%88%B0%E5%BA%97,,,12GB+512,,,中国大陆,,,,,,unknown,true,,,,pending
HIGH,,,OPPO,OPPO Find X9s Pro,16,512,16GB+512,pdd,https://mobile.yangkeduo.com/search_result.html?search_key=OPPO%20OPPO%20Find%20X9s%20Pro%2016GB%2B512%20%E5%AE%98%E6%96%B9%E6%97%97%E8%88%B0%E5%BA%97,,,16GB+512,,,中国大陆,,,,,,unknown,true,,,,pending
HIGH,,,OPPO,OPPO Find X9s Pro,12,512,12GB+512,tmall,https://list.tmall.com/search_product.htm?q=OPPO%20OPPO%20Find%20X9s%20Pro%2012GB%2B512%20%E5%AE%98%E6%96%B9%E6%97%97%E8%88%B0%E5%BA%97,,,12GB+512,,,中国大陆,,,,,,unknown,true,,,,pending
HIGH,,,OPPO,OPPO Find X9s Pro,16,512,16GB+512,tmall,https://list.tmall.com/search_product.htm?q=OPPO%20OPPO%20Find%20X9s%20Pro%2016GB%2B512%20%E5%AE%98%E6%96%B9%E6%97%97%E8%88%B0%E5%BA%97,,,16GB+512,,,中国大陆,,,,,,unknown,true,,,,pending
HIGH,,,OPPO,OPPO Find X9s Pro,16,1024,16GB+1TB,jd,https://search.jd.com/Search?keyword=OPPO%20OPPO%20Find%20X9s%20Pro%2016GB%2B1TB%20%E5%AE%98%E6%96%B9%E6%97%97%E8%88%B0%E5%BA%97,,,16GB+1TB,,,中国大陆,,,,,,unknown,true,,,,pending
HIGH,,,OPPO,OPPO Find X9s Pro,16,1024,16GB+1TB,pdd,https://mobile.yangkeduo.com/search_result.html?search_key=OPPO%20OPPO%20Find%20X9s%20Pro%2016GB%2B1TB%20%E5%AE%98%E6%96%B9%E6%97%97%E8%88%B0%E5%BA%97,,,16GB+1TB,,,中国大陆,,,,,,unknown,true,,,,pending
HIGH,,,OPPO,OPPO Find X9s Pro,16,1024,16GB+1TB,tmall,https://list.tmall.com/search_product.htm?q=OPPO%20OPPO%20Find%20X9s%20Pro%2016GB%2B1TB%20%E5%AE%98%E6%96%B9%E6%97%97%E8%88%B0%E5%BA%97,,,16GB+1TB,,,中国大陆,,,,,,unknown,true,,,,pending
HIGH,,,OPPO,OPPO K12 Plus,8,256,8GB+256,jd,https://search.jd.com/Search?keyword=OPPO%20OPPO%20K12%20Plus%208GB%2B256%20%E5%AE%98%E6%96%B9%E6%97%97%E8%88%B0%E5%BA%97,,,8GB+256,,,中国大陆,,,,,,unknown,true,,,,pending
HIGH,,,OPPO,OPPO K12 Plus,12,256,12GB+256,jd,https://search.jd.com/Search?keyword=OPPO%20OPPO%20K12%20Plus%2012GB%2B256%20%E5%AE%98%E6%96%B9%E6%97%97%E8%88%B0%E5%BA%97,,,12GB+256,,,中国大陆,,,,,,unknown,true,,,,pending
HIGH,,,OPPO,OPPO K12 Plus,8,256,8GB+256,pdd,https://mobile.yangkeduo.com/search_result.html?search_key=OPPO%20OPPO%20K12%20Plus%208GB%2B256%20%E5%AE%98%E6%96%B9%E6%97%97%E8%88%B0%E5%BA%97,,,8GB+256,,,中国大陆,,,,,,unknown,true,,,,pending
HIGH,,,OPPO,OPPO K12 Plus,12,256,12GB+256,pdd,https://mobile.yangkeduo.com/search_result.html?search_key=OPPO%20OPPO%20K12%20Plus%2012GB%2B256%20%E5%AE%98%E6%96%B9%E6%97%97%E8%88%B0%E5%BA%97,,,12GB+256,,,中国大陆,,,,,,unknown,true,,,,pending
HIGH,,,OPPO,OPPO K12 Plus,8,256,8GB+256,tmall,https://list.tmall.com/search_product.htm?q=OPPO%20OPPO%20K12%20Plus%208GB%2B256%20%E5%AE%98%E6%96%B9%E6%97%97%E8%88%B0%E5%BA%97,,,8GB+256,,,中国大陆,,,,,,unknown,true,,,,pending
HIGH,,,OPPO,OPPO K12 Plus,12,256,12GB+256,tmall,https://list.tmall.com/search_product.htm?q=OPPO%20OPPO%20K12%20Plus%2012GB%2B256%20%E5%AE%98%E6%96%B9%E6%97%97%E8%88%B0%E5%BA%97,,,12GB+256,,,中国大陆,,,,,,unknown,true,,,,pending
HIGH,,,OPPO,OPPO K12 Plus,12,512,12GB+512,jd,https://search.jd.com/Search?keyword=OPPO%20OPPO%20K12%20Plus%2012GB%2B512%20%E5%AE%98%E6%96%B9%E6%97%97%E8%88%B0%E5%BA%97,,,12GB+512,,,中国大陆,,,,,,unknown,true,,,,pending
HIGH,,,OPPO,OPPO K12 Plus,12,512,12GB+512,pdd,https://mobile.yangkeduo.com/search_result.html?search_key=OPPO%20OPPO%20K12%20Plus%2012GB%2B512%20%E5%AE%98%E6%96%B9%E6%97%97%E8%88%B0%E5%BA%97,,,12GB+512,,,中国大陆,,,,,,unknown,true,,,,pending
HIGH,,,OPPO,OPPO K12 Plus,12,512,12GB+512,tmall,https://list.tmall.com/search_product.htm?q=OPPO%20OPPO%20K12%20Plus%2012GB%2B512%20%E5%AE%98%E6%96%B9%E6%97%97%E8%88%B0%E5%BA%97,,,12GB+512,,,中国大陆,,,,,,unknown,true,,,,pending
HIGH,,,OPPO,OPPO K12s,8,128,8GB+128,jd,https://search.jd.com/Search?keyword=OPPO%20OPPO%20K12s%208GB%2B128%20%E5%AE%98%E6%96%B9%E6%97%97%E8%88%B0%E5%BA%97,,,8GB+128,,,中国大陆,,,,,,unknown,true,,,,pending
HIGH,,,OPPO,OPPO K12s,8,128,8GB+128,pdd,https://mobile.yangkeduo.com/search_result.html?search_key=OPPO%20OPPO%20K12s%208GB%2B128%20%E5%AE%98%E6%96%B9%E6%97%97%E8%88%B0%E5%BA%97,,,8GB+128,,,中国大陆,,,,,,unknown,true,,,,pending
HIGH,,,OPPO,OPPO K12s,8,128,8GB+128,tmall,https://list.tmall.com/search_product.htm?q=OPPO%20OPPO%20K12s%208GB%2B128%20%E5%AE%98%E6%96%B9%E6%97%97%E8%88%B0%E5%BA%97,,,8GB+128,,,中国大陆,,,,,,unknown,true,,,,pending
HIGH,,,OPPO,OPPO K12s,8,256,8GB+256,jd,https://search.jd.com/Search?keyword=OPPO%20OPPO%20K12s%208GB%2B256%20%E5%AE%98%E6%96%B9%E6%97%97%E8%88%B0%E5%BA%97,,,8GB+256,,,中国大陆,,,,,,unknown,true,,,,pending
HIGH,,,OPPO,OPPO K12s,12,256,12GB+256,jd,https://search.jd.com/Search?keyword=OPPO%20OPPO%20K12s%2012GB%2B256%20%E5%AE%98%E6%96%B9%E6%97%97%E8%88%B0%E5%BA%97,,,12GB+256,,,中国大陆,,,,,,unknown,true,,,,pending
HIGH,,,OPPO,OPPO K12s,8,256,8GB+256,pdd,https://mobile.yangkeduo.com/search_result.html?search_key=OPPO%20OPPO%20K12s%208GB%2B256%20%E5%AE%98%E6%96%B9%E6%97%97%E8%88%B0%E5%BA%97,,,8GB+256,,,中国大陆,,,,,,unknown,true,,,,pending
HIGH,,,OPPO,OPPO K12s,12,256,12GB+256,pdd,https://mobile.yangkeduo.com/search_result.html?search_key=OPPO%20OPPO%20K12s%2012GB%2B256%20%E5%AE%98%E6%96%B9%E6%97%97%E8%88%B0%E5%BA%97,,,12GB+256,,,中国大陆,,,,,,unknown,true,,,,pending
HIGH,,,OPPO,OPPO K12s,8,256,8GB+256,tmall,https://list.tmall.com/search_product.htm?q=OPPO%20OPPO%20K12s%208GB%2B256%20%E5%AE%98%E6%96%B9%E6%97%97%E8%88%B0%E5%BA%97,,,8GB+256,,,中国大陆,,,,,,unknown,true,,,,pending
HIGH,,,OPPO,OPPO K12s,12,256,12GB+256,tmall,https://list.tmall.com/search_product.htm?q=OPPO%20OPPO%20K12s%2012GB%2B256%20%E5%AE%98%E6%96%B9%E6%97%97%E8%88%B0%E5%BA%97,,,12GB+256,,,中国大陆,,,,,,unknown,true,,,,pending
HIGH,,,OPPO,OPPO K12s,12,512,12GB+512,jd,https://search.jd.com/Search?keyword=OPPO%20OPPO%20K12s%2012GB%2B512%20%E5%AE%98%E6%96%B9%E6%97%97%E8%88%B0%E5%BA%97,,,12GB+512,,,中国大陆,,,,,,unknown,true,,,,pending
HIGH,,,OPPO,OPPO K12s,12,512,12GB+512,pdd,https://mobile.yangkeduo.com/search_result.html?search_key=OPPO%20OPPO%20K12s%2012GB%2B512%20%E5%AE%98%E6%96%B9%E6%97%97%E8%88%B0%E5%BA%97,,,12GB+512,,,中国大陆,,,,,,unknown,true,,,,pending
HIGH,,,OPPO,OPPO K12s,12,512,12GB+512,tmall,https://list.tmall.com/search_product.htm?q=OPPO%20OPPO%20K12s%2012GB%2B512%20%E5%AE%98%E6%96%B9%E6%97%97%E8%88%B0%E5%BA%97,,,12GB+512,,,中国大陆,,,,,,unknown,true,,,,pending
HIGH,,,OPPO,OPPO K13 Turbo,12,256,12GB+256,jd,https://search.jd.com/Search?keyword=OPPO%20OPPO%20K13%20Turbo%2012GB%2B256%20%E5%AE%98%E6%96%B9%E6%97%97%E8%88%B0%E5%BA%97,,,12GB+256,,,中国大陆,,,,,,unknown,true,,,,pending
HIGH,,,OPPO,OPPO K13 Turbo,16,256,16GB+256,jd,https://search.jd.com/Search?keyword=OPPO%20OPPO%20K13%20Turbo%2016GB%2B256%20%E5%AE%98%E6%96%B9%E6%97%97%E8%88%B0%E5%BA%97,,,16GB+256,,,中国大陆,,,,,,unknown,true,,,,pending
HIGH,,,OPPO,OPPO K13 Turbo,12,256,12GB+256,pdd,https://mobile.yangkeduo.com/search_result.html?search_key=OPPO%20OPPO%20K13%20Turbo%2012GB%2B256%20%E5%AE%98%E6%96%B9%E6%97%97%E8%88%B0%E5%BA%97,,,12GB+256,,,中国大陆,,,,,,unknown,true,,,,pending
HIGH,,,OPPO,OPPO K13 Turbo,16,256,16GB+256,pdd,https://mobile.yangkeduo.com/search_result.html?search_key=OPPO%20OPPO%20K13%20Turbo%2016GB%2B256%20%E5%AE%98%E6%96%B9%E6%97%97%E8%88%B0%E5%BA%97,,,16GB+256,,,中国大陆,,,,,,unknown,true,,,,pending
HIGH,,,OPPO,OPPO K13 Turbo,12,256,12GB+256,tmall,https://list.tmall.com/search_product.htm?q=OPPO%20OPPO%20K13%20Turbo%2012GB%2B256%20%E5%AE%98%E6%96%B9%E6%97%97%E8%88%B0%E5%BA%97,,,12GB+256,,,中国大陆,,,,,,unknown,true,,,,pending
HIGH,,,OPPO,OPPO K13 Turbo,16,256,16GB+256,tmall,https://list.tmall.com/search_product.htm?q=OPPO%20OPPO%20K13%20Turbo%2016GB%2B256%20%E5%AE%98%E6%96%B9%E6%97%97%E8%88%B0%E5%BA%97,,,16GB+256,,,中国大陆,,,,,,unknown,true,,,,pending
HIGH,,,OPPO,OPPO K13 Turbo,12,512,12GB+512,jd,https://search.jd.com/Search?keyword=OPPO%20OPPO%20K13%20Turbo%2012GB%2B512%20%E5%AE%98%E6%96%B9%E6%97%97%E8%88%B0%E5%BA%97,,,12GB+512,,,中国大陆,,,,,,unknown,true,,,,pending
HIGH,,,OPPO,OPPO K13 Turbo,12,512,12GB+512,pdd,https://mobile.yangkeduo.com/search_result.html?search_key=OPPO%20OPPO%20K13%20Turbo%2012GB%2B512%20%E5%AE%98%E6%96%B9%E6%97%97%E8%88%B0%E5%BA%97,,,12GB+512,,,中国大陆,,,,,,unknown,true,,,,pending
HIGH,,,OPPO,OPPO K13 Turbo,12,512,12GB+512,tmall,https://list.tmall.com/search_product.htm?q=OPPO%20OPPO%20K13%20Turbo%2012GB%2B512%20%E5%AE%98%E6%96%B9%E6%97%97%E8%88%B0%E5%BA%97,,,12GB+512,,,中国大陆,,,,,,unknown,true,,,,pending
HIGH,,,OPPO,OPPO K13 Turbo Pro,12,256,12GB+256,jd,https://search.jd.com/Search?keyword=OPPO%20OPPO%20K13%20Turbo%20Pro%2012GB%2B256%20%E5%AE%98%E6%96%B9%E6%97%97%E8%88%B0%E5%BA%97,,,12GB+256,,,中国大陆,,,,,,unknown,true,,,,pending
HIGH,,,OPPO,OPPO K13 Turbo Pro,16,256,16GB+256,jd,https://search.jd.com/Search?keyword=OPPO%20OPPO%20K13%20Turbo%20Pro%2016GB%2B256%20%E5%AE%98%E6%96%B9%E6%97%97%E8%88%B0%E5%BA%97,,,16GB+256,,,中国大陆,,,,,,unknown,true,,,,pending
HIGH,,,OPPO,OPPO K13 Turbo Pro,12,256,12GB+256,pdd,https://mobile.yangkeduo.com/search_result.html?search_key=OPPO%20OPPO%20K13%20Turbo%20Pro%2012GB%2B256%20%E5%AE%98%E6%96%B9%E6%97%97%E8%88%B0%E5%BA%97,,,12GB+256,,,中国大陆,,,,,,unknown,true,,,,pending
HIGH,,,OPPO,OPPO K13 Turbo Pro,16,256,16GB+256,pdd,https://mobile.yangkeduo.com/search_result.html?search_key=OPPO%20OPPO%20K13%20Turbo%20Pro%2016GB%2B256%20%E5%AE%98%E6%96%B9%E6%97%97%E8%88%B0%E5%BA%97,,,16GB+256,,,中国大陆,,,,,,unknown,true,,,,pending
HIGH,,,OPPO,OPPO K13 Turbo Pro,12,256,12GB+256,tmall,https://list.tmall.com/search_product.htm?q=OPPO%20OPPO%20K13%20Turbo%20Pro%2012GB%2B256%20%E5%AE%98%E6%96%B9%E6%97%97%E8%88%B0%E5%BA%97,,,12GB+256,,,中国大陆,,,,,,unknown,true,,,,pending
HIGH,,,OPPO,OPPO K13 Turbo Pro,16,256,16GB+256,tmall,https://list.tmall.com/search_product.htm?q=OPPO%20OPPO%20K13%20Turbo%20Pro%2016GB%2B256%20%E5%AE%98%E6%96%B9%E6%97%97%E8%88%B0%E5%BA%97,,,16GB+256,,,中国大陆,,,,,,unknown,true,,,,pending
HIGH,,,OPPO,OPPO K13 Turbo Pro,12,512,12GB+512,jd,https://search.jd.com/Search?keyword=OPPO%20OPPO%20K13%20Turbo%20Pro%2012GB%2B512%20%E5%AE%98%E6%96%B9%E6%97%97%E8%88%B0%E5%BA%97,,,12GB+512,,,中国大陆,,,,,,unknown,true,,,,pending
HIGH,,,OPPO,OPPO K13 Turbo Pro,16,512,16GB+512,jd,https://search.jd.com/Search?keyword=OPPO%20OPPO%20K13%20Turbo%20Pro%2016GB%2B512%20%E5%AE%98%E6%96%B9%E6%97%97%E8%88%B0%E5%BA%97,,,16GB+512,,,中国大陆,,,,,,unknown,true,,,,pending
HIGH,,,OPPO,OPPO K13 Turbo Pro,12,512,12GB+512,pdd,https://mobile.yangkeduo.com/search_result.html?search_key=OPPO%20OPPO%20K13%20Turbo%20Pro%2012GB%2B512%20%E5%AE%98%E6%96%B9%E6%97%97%E8%88%B0%E5%BA%97,,,12GB+512,,,中国大陆,,,,,,unknown,true,,,,pending
HIGH,,,OPPO,OPPO K13 Turbo Pro,16,512,16GB+512,pdd,https://mobile.yangkeduo.com/search_result.html?search_key=OPPO%20OPPO%20K13%20Turbo%20Pro%2016GB%2B512%20%E5%AE%98%E6%96%B9%E6%97%97%E8%88%B0%E5%BA%97,,,16GB+512,,,中国大陆,,,,,,unknown,true,,,,pending
HIGH,,,OPPO,OPPO K13 Turbo Pro,12,512,12GB+512,tmall,https://list.tmall.com/search_product.htm?q=OPPO%20OPPO%20K13%20Turbo%20Pro%2012GB%2B512%20%E5%AE%98%E6%96%B9%E6%97%97%E8%88%B0%E5%BA%97,,,12GB+512,,,中国大陆,,,,,,unknown,true,,,,pending
HIGH,,,OPPO,OPPO K13 Turbo Pro,16,512,16GB+512,tmall,https://list.tmall.com/search_product.htm?q=OPPO%20OPPO%20K13%20Turbo%20Pro%2016GB%2B512%20%E5%AE%98%E6%96%B9%E6%97%97%E8%88%B0%E5%BA%97,,,16GB+512,,,中国大陆,,,,,,unknown,true,,,,pending
HIGH,,,OPPO,OPPO K15 Pro,12,256,12GB+256,jd,https://search.jd.com/Search?keyword=OPPO%20OPPO%20K15%20Pro%2012GB%2B256%20%E5%AE%98%E6%96%B9%E6%97%97%E8%88%B0%E5%BA%97,,,12GB+256,,,中国大陆,,,,,,unknown,true,,,,pending
HIGH,,,OPPO,OPPO K15 Pro,12,256,12GB+256,pdd,https://mobile.yangkeduo.com/search_result.html?search_key=OPPO%20OPPO%20K15%20Pro%2012GB%2B256%20%E5%AE%98%E6%96%B9%E6%97%97%E8%88%B0%E5%BA%97,,,12GB+256,,,中国大陆,,,,,,unknown,true,,,,pending
HIGH,,,OPPO,OPPO K15 Pro,12,256,12GB+256,tmall,https://list.tmall.com/search_product.htm?q=OPPO%20OPPO%20K15%20Pro%2012GB%2B256%20%E5%AE%98%E6%96%B9%E6%97%97%E8%88%B0%E5%BA%97,,,12GB+256,,,中国大陆,,,,,,unknown,true,,,,pending
HIGH,,,OPPO,OPPO K15 Pro,12,512,12GB+512,jd,https://search.jd.com/Search?keyword=OPPO%20OPPO%20K15%20Pro%2012GB%2B512%20%E5%AE%98%E6%96%B9%E6%97%97%E8%88%B0%E5%BA%97,,,12GB+512,,,中国大陆,,,,,,unknown,true,,,,pending
HIGH,,,OPPO,OPPO K15 Pro,12,512,12GB+512,pdd,https://mobile.yangkeduo.com/search_result.html?search_key=OPPO%20OPPO%20K15%20Pro%2012GB%2B512%20%E5%AE%98%E6%96%B9%E6%97%97%E8%88%B0%E5%BA%97,,,12GB+512,,,中国大陆,,,,,,unknown,true,,,,pending
HIGH,,,OPPO,OPPO K15 Pro,12,512,12GB+512,tmall,https://list.tmall.com/search_product.htm?q=OPPO%20OPPO%20K15%20Pro%2012GB%2B512%20%E5%AE%98%E6%96%B9%E6%97%97%E8%88%B0%E5%BA%97,,,12GB+512,,,中国大陆,,,,,,unknown,true,,,,pending
HIGH,,,OPPO,OPPO K15 Pro+,12,256,12GB+256,jd,https://search.jd.com/Search?keyword=OPPO%20OPPO%20K15%20Pro%2B%2012GB%2B256%20%E5%AE%98%E6%96%B9%E6%97%97%E8%88%B0%E5%BA%97,,,12GB+256,,,中国大陆,,,,,,unknown,true,,,,pending
HIGH,,,OPPO,OPPO K15 Pro+,12,256,12GB+256,pdd,https://mobile.yangkeduo.com/search_result.html?search_key=OPPO%20OPPO%20K15%20Pro%2B%2012GB%2B256%20%E5%AE%98%E6%96%B9%E6%97%97%E8%88%B0%E5%BA%97,,,12GB+256,,,中国大陆,,,,,,unknown,true,,,,pending
HIGH,,,OPPO,OPPO K15 Pro+,12,256,12GB+256,tmall,https://list.tmall.com/search_product.htm?q=OPPO%20OPPO%20K15%20Pro%2B%2012GB%2B256%20%E5%AE%98%E6%96%B9%E6%97%97%E8%88%B0%E5%BA%97,,,12GB+256,,,中国大陆,,,,,,unknown,true,,,,pending
HIGH,,,OPPO,OPPO K15 Pro+,12,512,12GB+512,jd,https://search.jd.com/Search?keyword=OPPO%20OPPO%20K15%20Pro%2B%2012GB%2B512%20%E5%AE%98%E6%96%B9%E6%97%97%E8%88%B0%E5%BA%97,,,12GB+512,,,中国大陆,,,,,,unknown,true,,,,pending
HIGH,,,OPPO,OPPO K15 Pro+,12,512,12GB+512,pdd,https://mobile.yangkeduo.com/search_result.html?search_key=OPPO%20OPPO%20K15%20Pro%2B%2012GB%2B512%20%E5%AE%98%E6%96%B9%E6%97%97%E8%88%B0%E5%BA%97,,,12GB+512,,,中国大陆,,,,,,unknown,true,,,,pending
HIGH,,,OPPO,OPPO K15 Pro+,12,512,12GB+512,tmall,https://list.tmall.com/search_product.htm?q=OPPO%20OPPO%20K15%20Pro%2B%2012GB%2B512%20%E5%AE%98%E6%96%B9%E6%97%97%E8%88%B0%E5%BA%97,,,12GB+512,,,中国大陆,,,,,,unknown,true,,,,pending
HIGH,,,OPPO,OPPO Reno13,12,256,12GB+256,jd,https://search.jd.com/Search?keyword=OPPO%20OPPO%20Reno13%2012GB%2B256%20%E5%AE%98%E6%96%B9%E6%97%97%E8%88%B0%E5%BA%97,,,12GB+256,,,中国大陆,,,,,,unknown,true,,,,pending
HIGH,,,OPPO,OPPO Reno13,16,256,16GB+256,jd,https://search.jd.com/Search?keyword=OPPO%20OPPO%20Reno13%2016GB%2B256%20%E5%AE%98%E6%96%B9%E6%97%97%E8%88%B0%E5%BA%97,,,16GB+256,,,中国大陆,,,,,,unknown,true,,,,pending
HIGH,,,OPPO,OPPO Reno13,12,256,12GB+256,pdd,https://mobile.yangkeduo.com/search_result.html?search_key=OPPO%20OPPO%20Reno13%2012GB%2B256%20%E5%AE%98%E6%96%B9%E6%97%97%E8%88%B0%E5%BA%97,,,12GB+256,,,中国大陆,,,,,,unknown,true,,,,pending
HIGH,,,OPPO,OPPO Reno13,16,256,16GB+256,pdd,https://mobile.yangkeduo.com/search_result.html?search_key=OPPO%20OPPO%20Reno13%2016GB%2B256%20%E5%AE%98%E6%96%B9%E6%97%97%E8%88%B0%E5%BA%97,,,16GB+256,,,中国大陆,,,,,,unknown,true,,,,pending
HIGH,,,OPPO,OPPO Reno13,12,256,12GB+256,tmall,https://list.tmall.com/search_product.htm?q=OPPO%20OPPO%20Reno13%2012GB%2B256%20%E5%AE%98%E6%96%B9%E6%97%97%E8%88%B0%E5%BA%97,,,12GB+256,,,中国大陆,,,,,,unknown,true,,,,pending
HIGH,,,OPPO,OPPO Reno13,16,256,16GB+256,tmall,https://list.tmall.com/search_product.htm?q=OPPO%20OPPO%20Reno13%2016GB%2B256%20%E5%AE%98%E6%96%B9%E6%97%97%E8%88%B0%E5%BA%97,,,16GB+256,,,中国大陆,,,,,,unknown,true,,,,pending
HIGH,,,OPPO,OPPO Reno13,12,512,12GB+512,jd,https://search.jd.com/Search?keyword=OPPO%20OPPO%20Reno13%2012GB%2B512%20%E5%AE%98%E6%96%B9%E6%97%97%E8%88%B0%E5%BA%97,,,12GB+512,,,中国大陆,,,,,,unknown,true,,,,pending
HIGH,,,OPPO,OPPO Reno13,16,512,16GB+512,jd,https://search.jd.com/Search?keyword=OPPO%20OPPO%20Reno13%2016GB%2B512%20%E5%AE%98%E6%96%B9%E6%97%97%E8%88%B0%E5%BA%97,,,16GB+512,,,中国大陆,,,,,,unknown,true,,,,pending
HIGH,,,OPPO,OPPO Reno13,12,512,12GB+512,pdd,https://mobile.yangkeduo.com/search_result.html?search_key=OPPO%20OPPO%20Reno13%2012GB%2B512%20%E5%AE%98%E6%96%B9%E6%97%97%E8%88%B0%E5%BA%97,,,12GB+512,,,中国大陆,,,,,,unknown,true,,,,pending
HIGH,,,OPPO,OPPO Reno13,16,512,16GB+512,pdd,https://mobile.yangkeduo.com/search_result.html?search_key=OPPO%20OPPO%20Reno13%2016GB%2B512%20%E5%AE%98%E6%96%B9%E6%97%97%E8%88%B0%E5%BA%97,,,16GB+512,,,中国大陆,,,,,,unknown,true,,,,pending
HIGH,,,OPPO,OPPO Reno13,12,512,12GB+512,tmall,https://list.tmall.com/search_product.htm?q=OPPO%20OPPO%20Reno13%2012GB%2B512%20%E5%AE%98%E6%96%B9%E6%97%97%E8%88%B0%E5%BA%97,,,12GB+512,,,中国大陆,,,,,,unknown,true,,,,pending
HIGH,,,OPPO,OPPO Reno13,16,512,16GB+512,tmall,https://list.tmall.com/search_product.htm?q=OPPO%20OPPO%20Reno13%2016GB%2B512%20%E5%AE%98%E6%96%B9%E6%97%97%E8%88%B0%E5%BA%97,,,16GB+512,,,中国大陆,,,,,,unknown,true,,,,pending
HIGH,,,OPPO,OPPO Reno13,16,1024,16GB+1TB,jd,https://search.jd.com/Search?keyword=OPPO%20OPPO%20Reno13%2016GB%2B1TB%20%E5%AE%98%E6%96%B9%E6%97%97%E8%88%B0%E5%BA%97,,,16GB+1TB,,,中国大陆,,,,,,unknown,true,,,,pending
HIGH,,,OPPO,OPPO Reno13,16,1024,16GB+1TB,pdd,https://mobile.yangkeduo.com/search_result.html?search_key=OPPO%20OPPO%20Reno13%2016GB%2B1TB%20%E5%AE%98%E6%96%B9%E6%97%97%E8%88%B0%E5%BA%97,,,16GB+1TB,,,中国大陆,,,,,,unknown,true,,,,pending
HIGH,,,OPPO,OPPO Reno13,16,1024,16GB+1TB,tmall,https://list.tmall.com/search_product.htm?q=OPPO%20OPPO%20Reno13%2016GB%2B1TB%20%E5%AE%98%E6%96%B9%E6%97%97%E8%88%B0%E5%BA%97,,,16GB+1TB,,,中国大陆,,,,,,unknown,true,,,,pending
HIGH,,,OPPO,OPPO Reno13 Pro,12,256,12GB+256,jd,https://search.jd.com/Search?keyword=OPPO%20OPPO%20Reno13%20Pro%2012GB%2B256%20%E5%AE%98%E6%96%B9%E6%97%97%E8%88%B0%E5%BA%97,,,12GB+256,,,中国大陆,,,,,,unknown,true,,,,pending
HIGH,,,OPPO,OPPO Reno13 Pro,12,256,12GB+256,pdd,https://mobile.yangkeduo.com/search_result.html?search_key=OPPO%20OPPO%20Reno13%20Pro%2012GB%2B256%20%E5%AE%98%E6%96%B9%E6%97%97%E8%88%B0%E5%BA%97,,,12GB+256,,,中国大陆,,,,,,unknown,true,,,,pending
HIGH,,,OPPO,OPPO Reno13 Pro,12,256,12GB+256,tmall,https://list.tmall.com/search_product.htm?q=OPPO%20OPPO%20Reno13%20Pro%2012GB%2B256%20%E5%AE%98%E6%96%B9%E6%97%97%E8%88%B0%E5%BA%97,,,12GB+256,,,中国大陆,,,,,,unknown,true,,,,pending
HIGH,,,OPPO,OPPO Reno13 Pro,12,512,12GB+512,jd,https://search.jd.com/Search?keyword=OPPO%20OPPO%20Reno13%20Pro%2012GB%2B512%20%E5%AE%98%E6%96%B9%E6%97%97%E8%88%B0%E5%BA%97,,,12GB+512,,,中国大陆,,,,,,unknown,true,,,,pending
HIGH,,,OPPO,OPPO Reno13 Pro,16,512,16GB+512,jd,https://search.jd.com/Search?keyword=OPPO%20OPPO%20Reno13%20Pro%2016GB%2B512%20%E5%AE%98%E6%96%B9%E6%97%97%E8%88%B0%E5%BA%97,,,16GB+512,,,中国大陆,,,,,,unknown,true,,,,pending
HIGH,,,OPPO,OPPO Reno13 Pro,12,512,12GB+512,pdd,https://mobile.yangkeduo.com/search_result.html?search_key=OPPO%20OPPO%20Reno13%20Pro%2012GB%2B512%20%E5%AE%98%E6%96%B9%E6%97%97%E8%88%B0%E5%BA%97,,,12GB+512,,,中国大陆,,,,,,unknown,true,,,,pending
HIGH,,,OPPO,OPPO Reno13 Pro,16,512,16GB+512,pdd,https://mobile.yangkeduo.com/search_result.html?search_key=OPPO%20OPPO%20Reno13%20Pro%2016GB%2B512%20%E5%AE%98%E6%96%B9%E6%97%97%E8%88%B0%E5%BA%97,,,16GB+512,,,中国大陆,,,,,,unknown,true,,,,pending
HIGH,,,OPPO,OPPO Reno13 Pro,12,512,12GB+512,tmall,https://list.tmall.com/search_product.htm?q=OPPO%20OPPO%20Reno13%20Pro%2012GB%2B512%20%E5%AE%98%E6%96%B9%E6%97%97%E8%88%B0%E5%BA%97,,,12GB+512,,,中国大陆,,,,,,unknown,true,,,,pending
HIGH,,,OPPO,OPPO Reno13 Pro,16,512,16GB+512,tmall,https://list.tmall.com/search_product.htm?q=OPPO%20OPPO%20Reno13%20Pro%2016GB%2B512%20%E5%AE%98%E6%96%B9%E6%97%97%E8%88%B0%E5%BA%97,,,16GB+512,,,中国大陆,,,,,,unknown,true,,,,pending
HIGH,,,OPPO,OPPO Reno13 Pro,16,1024,16GB+1TB,jd,https://search.jd.com/Search?keyword=OPPO%20OPPO%20Reno13%20Pro%2016GB%2B1TB%20%E5%AE%98%E6%96%B9%E6%97%97%E8%88%B0%E5%BA%97,,,16GB+1TB,,,中国大陆,,,,,,unknown,true,,,,pending
HIGH,,,OPPO,OPPO Reno13 Pro,16,1024,16GB+1TB,pdd,https://mobile.yangkeduo.com/search_result.html?search_key=OPPO%20OPPO%20Reno13%20Pro%2016GB%2B1TB%20%E5%AE%98%E6%96%B9%E6%97%97%E8%88%B0%E5%BA%97,,,16GB+1TB,,,中国大陆,,,,,,unknown,true,,,,pending
HIGH,,,OPPO,OPPO Reno13 Pro,16,1024,16GB+1TB,tmall,https://list.tmall.com/search_product.htm?q=OPPO%20OPPO%20Reno13%20Pro%2016GB%2B1TB%20%E5%AE%98%E6%96%B9%E6%97%97%E8%88%B0%E5%BA%97,,,16GB+1TB,,,中国大陆,,,,,,unknown,true,,,,pending
HIGH,,,OPPO,OPPO Reno14,12,256,12GB+256,jd,https://search.jd.com/Search?keyword=OPPO%20OPPO%20Reno14%2012GB%2B256%20%E5%AE%98%E6%96%B9%E6%97%97%E8%88%B0%E5%BA%97,,,12GB+256,,,中国大陆,,,,,,unknown,true,,,,pending
HIGH,,,OPPO,OPPO Reno14,16,256,16GB+256,jd,https://search.jd.com/Search?keyword=OPPO%20OPPO%20Reno14%2016GB%2B256%20%E5%AE%98%E6%96%B9%E6%97%97%E8%88%B0%E5%BA%97,,,16GB+256,,,中国大陆,,,,,,unknown,true,,,,pending
HIGH,,,OPPO,OPPO Reno14,12,256,12GB+256,pdd,https://mobile.yangkeduo.com/search_result.html?search_key=OPPO%20OPPO%20Reno14%2012GB%2B256%20%E5%AE%98%E6%96%B9%E6%97%97%E8%88%B0%E5%BA%97,,,12GB+256,,,中国大陆,,,,,,unknown,true,,,,pending
HIGH,,,OPPO,OPPO Reno14,16,256,16GB+256,pdd,https://mobile.yangkeduo.com/search_result.html?search_key=OPPO%20OPPO%20Reno14%2016GB%2B256%20%E5%AE%98%E6%96%B9%E6%97%97%E8%88%B0%E5%BA%97,,,16GB+256,,,中国大陆,,,,,,unknown,true,,,,pending
HIGH,,,OPPO,OPPO Reno14,12,256,12GB+256,tmall,https://list.tmall.com/search_product.htm?q=OPPO%20OPPO%20Reno14%2012GB%2B256%20%E5%AE%98%E6%96%B9%E6%97%97%E8%88%B0%E5%BA%97,,,12GB+256,,,中国大陆,,,,,,unknown,true,,,,pending
HIGH,,,OPPO,OPPO Reno14,16,256,16GB+256,tmall,https://list.tmall.com/search_product.htm?q=OPPO%20OPPO%20Reno14%2016GB%2B256%20%E5%AE%98%E6%96%B9%E6%97%97%E8%88%B0%E5%BA%97,,,16GB+256,,,中国大陆,,,,,,unknown,true,,,,pending
HIGH,,,OPPO,OPPO Reno14,12,512,12GB+512,jd,https://search.jd.com/Search?keyword=OPPO%20OPPO%20Reno14%2012GB%2B512%20%E5%AE%98%E6%96%B9%E6%97%97%E8%88%B0%E5%BA%97,,,12GB+512,,,中国大陆,,,,,,unknown,true,,,,pending
HIGH,,,OPPO,OPPO Reno14,16,512,16GB+512,jd,https://search.jd.com/Search?keyword=OPPO%20OPPO%20Reno14%2016GB%2B512%20%E5%AE%98%E6%96%B9%E6%97%97%E8%88%B0%E5%BA%97,,,16GB+512,,,中国大陆,,,,,,unknown,true,,,,pending
HIGH,,,OPPO,OPPO Reno14,12,512,12GB+512,pdd,https://mobile.yangkeduo.com/search_result.html?search_key=OPPO%20OPPO%20Reno14%2012GB%2B512%20%E5%AE%98%E6%96%B9%E6%97%97%E8%88%B0%E5%BA%97,,,12GB+512,,,中国大陆,,,,,,unknown,true,,,,pending
HIGH,,,OPPO,OPPO Reno14,16,512,16GB+512,pdd,https://mobile.yangkeduo.com/search_result.html?search_key=OPPO%20OPPO%20Reno14%2016GB%2B512%20%E5%AE%98%E6%96%B9%E6%97%97%E8%88%B0%E5%BA%97,,,16GB+512,,,中国大陆,,,,,,unknown,true,,,,pending
HIGH,,,OPPO,OPPO Reno14,12,512,12GB+512,tmall,https://list.tmall.com/search_product.htm?q=OPPO%20OPPO%20Reno14%2012GB%2B512%20%E5%AE%98%E6%96%B9%E6%97%97%E8%88%B0%E5%BA%97,,,12GB+512,,,中国大陆,,,,,,unknown,true,,,,pending
HIGH,,,OPPO,OPPO Reno14,16,512,16GB+512,tmall,https://list.tmall.com/search_product.htm?q=OPPO%20OPPO%20Reno14%2016GB%2B512%20%E5%AE%98%E6%96%B9%E6%97%97%E8%88%B0%E5%BA%97,,,16GB+512,,,中国大陆,,,,,,unknown,true,,,,pending
HIGH,,,OPPO,OPPO Reno14,16,1024,16GB+1TB,jd,https://search.jd.com/Search?keyword=OPPO%20OPPO%20Reno14%2016GB%2B1TB%20%E5%AE%98%E6%96%B9%E6%97%97%E8%88%B0%E5%BA%97,,,16GB+1TB,,,中国大陆,,,,,,unknown,true,,,,pending
HIGH,,,OPPO,OPPO Reno14,16,1024,16GB+1TB,pdd,https://mobile.yangkeduo.com/search_result.html?search_key=OPPO%20OPPO%20Reno14%2016GB%2B1TB%20%E5%AE%98%E6%96%B9%E6%97%97%E8%88%B0%E5%BA%97,,,16GB+1TB,,,中国大陆,,,,,,unknown,true,,,,pending
HIGH,,,OPPO,OPPO Reno14,16,1024,16GB+1TB,tmall,https://list.tmall.com/search_product.htm?q=OPPO%20OPPO%20Reno14%2016GB%2B1TB%20%E5%AE%98%E6%96%B9%E6%97%97%E8%88%B0%E5%BA%97,,,16GB+1TB,,,中国大陆,,,,,,unknown,true,,,,pending
HIGH,,,OPPO,OPPO Reno14 Pro,12,256,12GB+256,jd,https://search.jd.com/Search?keyword=OPPO%20OPPO%20Reno14%20Pro%2012GB%2B256%20%E5%AE%98%E6%96%B9%E6%97%97%E8%88%B0%E5%BA%97,,,12GB+256,,,中国大陆,,,,,,unknown,true,,,,pending
HIGH,,,OPPO,OPPO Reno14 Pro,12,256,12GB+256,pdd,https://mobile.yangkeduo.com/search_result.html?search_key=OPPO%20OPPO%20Reno14%20Pro%2012GB%2B256%20%E5%AE%98%E6%96%B9%E6%97%97%E8%88%B0%E5%BA%97,,,12GB+256,,,中国大陆,,,,,,unknown,true,,,,pending
HIGH,,,OPPO,OPPO Reno14 Pro,12,256,12GB+256,tmall,https://list.tmall.com/search_product.htm?q=OPPO%20OPPO%20Reno14%20Pro%2012GB%2B256%20%E5%AE%98%E6%96%B9%E6%97%97%E8%88%B0%E5%BA%97,,,12GB+256,,,中国大陆,,,,,,unknown,true,,,,pending
HIGH,,,OPPO,OPPO Reno14 Pro,12,512,12GB+512,jd,https://search.jd.com/Search?keyword=OPPO%20OPPO%20Reno14%20Pro%2012GB%2B512%20%E5%AE%98%E6%96%B9%E6%97%97%E8%88%B0%E5%BA%97,,,12GB+512,,,中国大陆,,,,,,unknown,true,,,,pending
HIGH,,,OPPO,OPPO Reno14 Pro,16,512,16GB+512,jd,https://search.jd.com/Search?keyword=OPPO%20OPPO%20Reno14%20Pro%2016GB%2B512%20%E5%AE%98%E6%96%B9%E6%97%97%E8%88%B0%E5%BA%97,,,16GB+512,,,中国大陆,,,,,,unknown,true,,,,pending
HIGH,,,OPPO,OPPO Reno14 Pro,12,512,12GB+512,pdd,https://mobile.yangkeduo.com/search_result.html?search_key=OPPO%20OPPO%20Reno14%20Pro%2012GB%2B512%20%E5%AE%98%E6%96%B9%E6%97%97%E8%88%B0%E5%BA%97,,,12GB+512,,,中国大陆,,,,,,unknown,true,,,,pending
HIGH,,,OPPO,OPPO Reno14 Pro,16,512,16GB+512,pdd,https://mobile.yangkeduo.com/search_result.html?search_key=OPPO%20OPPO%20Reno14%20Pro%2016GB%2B512%20%E5%AE%98%E6%96%B9%E6%97%97%E8%88%B0%E5%BA%97,,,16GB+512,,,中国大陆,,,,,,unknown,true,,,,pending
HIGH,,,OPPO,OPPO Reno14 Pro,12,512,12GB+512,tmall,https://list.tmall.com/search_product.htm?q=OPPO%20OPPO%20Reno14%20Pro%2012GB%2B512%20%E5%AE%98%E6%96%B9%E6%97%97%E8%88%B0%E5%BA%97,,,12GB+512,,,中国大陆,,,,,,unknown,true,,,,pending
HIGH,,,OPPO,OPPO Reno14 Pro,16,512,16GB+512,tmall,https://list.tmall.com/search_product.htm?q=OPPO%20OPPO%20Reno14%20Pro%2016GB%2B512%20%E5%AE%98%E6%96%B9%E6%97%97%E8%88%B0%E5%BA%97,,,16GB+512,,,中国大陆,,,,,,unknown,true,,,,pending
HIGH,,,OPPO,OPPO Reno14 Pro,16,1024,16GB+1TB,jd,https://search.jd.com/Search?keyword=OPPO%20OPPO%20Reno14%20Pro%2016GB%2B1TB%20%E5%AE%98%E6%96%B9%E6%97%97%E8%88%B0%E5%BA%97,,,16GB+1TB,,,中国大陆,,,,,,unknown,true,,,,pending
HIGH,,,OPPO,OPPO Reno14 Pro,16,1024,16GB+1TB,pdd,https://mobile.yangkeduo.com/search_result.html?search_key=OPPO%20OPPO%20Reno14%20Pro%2016GB%2B1TB%20%E5%AE%98%E6%96%B9%E6%97%97%E8%88%B0%E5%BA%97,,,16GB+1TB,,,中国大陆,,,,,,unknown,true,,,,pending
HIGH,,,OPPO,OPPO Reno14 Pro,16,1024,16GB+1TB,tmall,https://list.tmall.com/search_product.htm?q=OPPO%20OPPO%20Reno14%20Pro%2016GB%2B1TB%20%E5%AE%98%E6%96%B9%E6%97%97%E8%88%B0%E5%BA%97,,,16GB+1TB,,,中国大陆,,,,,,unknown,true,,,,pending
HIGH,,,OPPO,OPPO Reno15,12,256,12GB+256,jd,https://search.jd.com/Search?keyword=OPPO%20OPPO%20Reno15%2012GB%2B256%20%E5%AE%98%E6%96%B9%E6%97%97%E8%88%B0%E5%BA%97,,,12GB+256,,,中国大陆,,,,,,unknown,true,,,,pending
HIGH,,,OPPO,OPPO Reno15,16,256,16GB+256,jd,https://search.jd.com/Search?keyword=OPPO%20OPPO%20Reno15%2016GB%2B256%20%E5%AE%98%E6%96%B9%E6%97%97%E8%88%B0%E5%BA%97,,,16GB+256,,,中国大陆,,,,,,unknown,true,,,,pending
HIGH,,,OPPO,OPPO Reno15,12,256,12GB+256,pdd,https://mobile.yangkeduo.com/search_result.html?search_key=OPPO%20OPPO%20Reno15%2012GB%2B256%20%E5%AE%98%E6%96%B9%E6%97%97%E8%88%B0%E5%BA%97,,,12GB+256,,,中国大陆,,,,,,unknown,true,,,,pending
HIGH,,,OPPO,OPPO Reno15,16,256,16GB+256,pdd,https://mobile.yangkeduo.com/search_result.html?search_key=OPPO%20OPPO%20Reno15%2016GB%2B256%20%E5%AE%98%E6%96%B9%E6%97%97%E8%88%B0%E5%BA%97,,,16GB+256,,,中国大陆,,,,,,unknown,true,,,,pending
HIGH,,,OPPO,OPPO Reno15,12,256,12GB+256,tmall,https://list.tmall.com/search_product.htm?q=OPPO%20OPPO%20Reno15%2012GB%2B256%20%E5%AE%98%E6%96%B9%E6%97%97%E8%88%B0%E5%BA%97,,,12GB+256,,,中国大陆,,,,,,unknown,true,,,,pending
HIGH,,,OPPO,OPPO Reno15,16,256,16GB+256,tmall,https://list.tmall.com/search_product.htm?q=OPPO%20OPPO%20Reno15%2016GB%2B256%20%E5%AE%98%E6%96%B9%E6%97%97%E8%88%B0%E5%BA%97,,,16GB+256,,,中国大陆,,,,,,unknown,true,,,,pending
HIGH,,,OPPO,OPPO Reno15,12,512,12GB+512,jd,https://search.jd.com/Search?keyword=OPPO%20OPPO%20Reno15%2012GB%2B512%20%E5%AE%98%E6%96%B9%E6%97%97%E8%88%B0%E5%BA%97,,,12GB+512,,,中国大陆,,,,,,unknown,true,,,,pending
HIGH,,,OPPO,OPPO Reno15,16,512,16GB+512,jd,https://search.jd.com/Search?keyword=OPPO%20OPPO%20Reno15%2016GB%2B512%20%E5%AE%98%E6%96%B9%E6%97%97%E8%88%B0%E5%BA%97,,,16GB+512,,,中国大陆,,,,,,unknown,true,,,,pending
HIGH,,,OPPO,OPPO Reno15,12,512,12GB+512,pdd,https://mobile.yangkeduo.com/search_result.html?search_key=OPPO%20OPPO%20Reno15%2012GB%2B512%20%E5%AE%98%E6%96%B9%E6%97%97%E8%88%B0%E5%BA%97,,,12GB+512,,,中国大陆,,,,,,unknown,true,,,,pending
HIGH,,,OPPO,OPPO Reno15,16,512,16GB+512,pdd,https://mobile.yangkeduo.com/search_result.html?search_key=OPPO%20OPPO%20Reno15%2016GB%2B512%20%E5%AE%98%E6%96%B9%E6%97%97%E8%88%B0%E5%BA%97,,,16GB+512,,,中国大陆,,,,,,unknown,true,,,,pending
HIGH,,,OPPO,OPPO Reno15,12,512,12GB+512,tmall,https://list.tmall.com/search_product.htm?q=OPPO%20OPPO%20Reno15%2012GB%2B512%20%E5%AE%98%E6%96%B9%E6%97%97%E8%88%B0%E5%BA%97,,,12GB+512,,,中国大陆,,,,,,unknown,true,,,,pending
HIGH,,,OPPO,OPPO Reno15,16,512,16GB+512,tmall,https://list.tmall.com/search_product.htm?q=OPPO%20OPPO%20Reno15%2016GB%2B512%20%E5%AE%98%E6%96%B9%E6%97%97%E8%88%B0%E5%BA%97,,,16GB+512,,,中国大陆,,,,,,unknown,true,,,,pending
HIGH,,,OPPO,OPPO Reno15,16,1024,16GB+1TB,jd,https://search.jd.com/Search?keyword=OPPO%20OPPO%20Reno15%2016GB%2B1TB%20%E5%AE%98%E6%96%B9%E6%97%97%E8%88%B0%E5%BA%97,,,16GB+1TB,,,中国大陆,,,,,,unknown,true,,,,pending
HIGH,,,OPPO,OPPO Reno15,16,1024,16GB+1TB,pdd,https://mobile.yangkeduo.com/search_result.html?search_key=OPPO%20OPPO%20Reno15%2016GB%2B1TB%20%E5%AE%98%E6%96%B9%E6%97%97%E8%88%B0%E5%BA%97,,,16GB+1TB,,,中国大陆,,,,,,unknown,true,,,,pending
HIGH,,,OPPO,OPPO Reno15,16,1024,16GB+1TB,tmall,https://list.tmall.com/search_product.htm?q=OPPO%20OPPO%20Reno15%2016GB%2B1TB%20%E5%AE%98%E6%96%B9%E6%97%97%E8%88%B0%E5%BA%97,,,16GB+1TB,,,中国大陆,,,,,,unknown,true,,,,pending
HIGH,,,OPPO,OPPO Reno15 Pro,12,256,12GB+256,jd,https://search.jd.com/Search?keyword=OPPO%20OPPO%20Reno15%20Pro%2012GB%2B256%20%E5%AE%98%E6%96%B9%E6%97%97%E8%88%B0%E5%BA%97,,,12GB+256,,,中国大陆,,,,,,unknown,true,,,,pending
HIGH,,,OPPO,OPPO Reno15 Pro,12,256,12GB+256,pdd,https://mobile.yangkeduo.com/search_result.html?search_key=OPPO%20OPPO%20Reno15%20Pro%2012GB%2B256%20%E5%AE%98%E6%96%B9%E6%97%97%E8%88%B0%E5%BA%97,,,12GB+256,,,中国大陆,,,,,,unknown,true,,,,pending
HIGH,,,OPPO,OPPO Reno15 Pro,12,256,12GB+256,tmall,https://list.tmall.com/search_product.htm?q=OPPO%20OPPO%20Reno15%20Pro%2012GB%2B256%20%E5%AE%98%E6%96%B9%E6%97%97%E8%88%B0%E5%BA%97,,,12GB+256,,,中国大陆,,,,,,unknown,true,,,,pending
HIGH,,,OPPO,OPPO Reno15 Pro,12,512,12GB+512,jd,https://search.jd.com/Search?keyword=OPPO%20OPPO%20Reno15%20Pro%2012GB%2B512%20%E5%AE%98%E6%96%B9%E6%97%97%E8%88%B0%E5%BA%97,,,12GB+512,,,中国大陆,,,,,,unknown,true,,,,pending
HIGH,,,OPPO,OPPO Reno15 Pro,16,512,16GB+512,jd,https://search.jd.com/Search?keyword=OPPO%20OPPO%20Reno15%20Pro%2016GB%2B512%20%E5%AE%98%E6%96%B9%E6%97%97%E8%88%B0%E5%BA%97,,,16GB+512,,,中国大陆,,,,,,unknown,true,,,,pending
HIGH,,,OPPO,OPPO Reno15 Pro,12,512,12GB+512,pdd,https://mobile.yangkeduo.com/search_result.html?search_key=OPPO%20OPPO%20Reno15%20Pro%2012GB%2B512%20%E5%AE%98%E6%96%B9%E6%97%97%E8%88%B0%E5%BA%97,,,12GB+512,,,中国大陆,,,,,,unknown,true,,,,pending
HIGH,,,OPPO,OPPO Reno15 Pro,16,512,16GB+512,pdd,https://mobile.yangkeduo.com/search_result.html?search_key=OPPO%20OPPO%20Reno15%20Pro%2016GB%2B512%20%E5%AE%98%E6%96%B9%E6%97%97%E8%88%B0%E5%BA%97,,,16GB+512,,,中国大陆,,,,,,unknown,true,,,,pending
HIGH,,,OPPO,OPPO Reno15 Pro,12,512,12GB+512,tmall,https://list.tmall.com/search_product.htm?q=OPPO%20OPPO%20Reno15%20Pro%2012GB%2B512%20%E5%AE%98%E6%96%B9%E6%97%97%E8%88%B0%E5%BA%97,,,12GB+512,,,中国大陆,,,,,,unknown,true,,,,pending
HIGH,,,OPPO,OPPO Reno15 Pro,16,512,16GB+512,tmall,https://list.tmall.com/search_product.htm?q=OPPO%20OPPO%20Reno15%20Pro%2016GB%2B512%20%E5%AE%98%E6%96%B9%E6%97%97%E8%88%B0%E5%BA%97,,,16GB+512,,,中国大陆,,,,,,unknown,true,,,,pending
HIGH,,,OPPO,OPPO Reno15 Pro,16,1024,16GB+1TB,jd,https://search.jd.com/Search?keyword=OPPO%20OPPO%20Reno15%20Pro%2016GB%2B1TB%20%E5%AE%98%E6%96%B9%E6%97%97%E8%88%B0%E5%BA%97,,,16GB+1TB,,,中国大陆,,,,,,unknown,true,,,,pending
HIGH,,,OPPO,OPPO Reno15 Pro,16,1024,16GB+1TB,pdd,https://mobile.yangkeduo.com/search_result.html?search_key=OPPO%20OPPO%20Reno15%20Pro%2016GB%2B1TB%20%E5%AE%98%E6%96%B9%E6%97%97%E8%88%B0%E5%BA%97,,,16GB+1TB,,,中国大陆,,,,,,unknown,true,,,,pending
HIGH,,,OPPO,OPPO Reno15 Pro,16,1024,16GB+1TB,tmall,https://list.tmall.com/search_product.htm?q=OPPO%20OPPO%20Reno15%20Pro%2016GB%2B1TB%20%E5%AE%98%E6%96%B9%E6%97%97%E8%88%B0%E5%BA%97,,,16GB+1TB,,,中国大陆,,,,,,unknown,true,,,,pending
HIGH,,,OPPO,OPPO Reno15c,12,256,12GB+256,jd,https://search.jd.com/Search?keyword=OPPO%20OPPO%20Reno15c%2012GB%2B256%20%E5%AE%98%E6%96%B9%E6%97%97%E8%88%B0%E5%BA%97,,,12GB+256,,,中国大陆,,,,,,unknown,true,,,,pending
HIGH,,,OPPO,OPPO Reno15c,12,256,12GB+256,pdd,https://mobile.yangkeduo.com/search_result.html?search_key=OPPO%20OPPO%20Reno15c%2012GB%2B256%20%E5%AE%98%E6%96%B9%E6%97%97%E8%88%B0%E5%BA%97,,,12GB+256,,,中国大陆,,,,,,unknown,true,,,,pending
HIGH,,,OPPO,OPPO Reno15c,12,256,12GB+256,tmall,https://list.tmall.com/search_product.htm?q=OPPO%20OPPO%20Reno15c%2012GB%2B256%20%E5%AE%98%E6%96%B9%E6%97%97%E8%88%B0%E5%BA%97,,,12GB+256,,,中国大陆,,,,,,unknown,true,,,,pending
HIGH,,,OPPO,OPPO Reno15c,12,512,12GB+512,jd,https://search.jd.com/Search?keyword=OPPO%20OPPO%20Reno15c%2012GB%2B512%20%E5%AE%98%E6%96%B9%E6%97%97%E8%88%B0%E5%BA%97,,,12GB+512,,,中国大陆,,,,,,unknown,true,,,,pending
HIGH,,,OPPO,OPPO Reno15c,12,512,12GB+512,pdd,https://mobile.yangkeduo.com/search_result.html?search_key=OPPO%20OPPO%20Reno15c%2012GB%2B512%20%E5%AE%98%E6%96%B9%E6%97%97%E8%88%B0%E5%BA%97,,,12GB+512,,,中国大陆,,,,,,unknown,true,,,,pending
HIGH,,,OPPO,OPPO Reno15c,12,512,12GB+512,tmall,https://list.tmall.com/search_product.htm?q=OPPO%20OPPO%20Reno15c%2012GB%2B512%20%E5%AE%98%E6%96%B9%E6%97%97%E8%88%B0%E5%BA%97,,,12GB+512,,,中国大陆,,,,,,unknown,true,,,,pending
HIGH,,,OPPO,OPPO Reno16,12,256,12GB+256,jd,https://search.jd.com/Search?keyword=OPPO%20OPPO%20Reno16%2012GB%2B256%20%E5%AE%98%E6%96%B9%E6%97%97%E8%88%B0%E5%BA%97,,,12GB+256,,,中国大陆,,,,,,unknown,true,,,,pending
HIGH,,,OPPO,OPPO Reno16,16,256,16GB+256,jd,https://search.jd.com/Search?keyword=OPPO%20OPPO%20Reno16%2016GB%2B256%20%E5%AE%98%E6%96%B9%E6%97%97%E8%88%B0%E5%BA%97,,,16GB+256,,,中国大陆,,,,,,unknown,true,,,,pending
HIGH,,,OPPO,OPPO Reno16,12,256,12GB+256,pdd,https://mobile.yangkeduo.com/search_result.html?search_key=OPPO%20OPPO%20Reno16%2012GB%2B256%20%E5%AE%98%E6%96%B9%E6%97%97%E8%88%B0%E5%BA%97,,,12GB+256,,,中国大陆,,,,,,unknown,true,,,,pending
HIGH,,,OPPO,OPPO Reno16,16,256,16GB+256,pdd,https://mobile.yangkeduo.com/search_result.html?search_key=OPPO%20OPPO%20Reno16%2016GB%2B256%20%E5%AE%98%E6%96%B9%E6%97%97%E8%88%B0%E5%BA%97,,,16GB+256,,,中国大陆,,,,,,unknown,true,,,,pending
HIGH,,,OPPO,OPPO Reno16,12,256,12GB+256,tmall,https://list.tmall.com/search_product.htm?q=OPPO%20OPPO%20Reno16%2012GB%2B256%20%E5%AE%98%E6%96%B9%E6%97%97%E8%88%B0%E5%BA%97,,,12GB+256,,,中国大陆,,,,,,unknown,true,,,,pending
HIGH,,,OPPO,OPPO Reno16,16,256,16GB+256,tmall,https://list.tmall.com/search_product.htm?q=OPPO%20OPPO%20Reno16%2016GB%2B256%20%E5%AE%98%E6%96%B9%E6%97%97%E8%88%B0%E5%BA%97,,,16GB+256,,,中国大陆,,,,,,unknown,true,,,,pending
HIGH,,,OPPO,OPPO Reno16,12,512,12GB+512,jd,https://search.jd.com/Search?keyword=OPPO%20OPPO%20Reno16%2012GB%2B512%20%E5%AE%98%E6%96%B9%E6%97%97%E8%88%B0%E5%BA%97,,,12GB+512,,,中国大陆,,,,,,unknown,true,,,,pending
HIGH,,,OPPO,OPPO Reno16,16,512,16GB+512,jd,https://search.jd.com/Search?keyword=OPPO%20OPPO%20Reno16%2016GB%2B512%20%E5%AE%98%E6%96%B9%E6%97%97%E8%88%B0%E5%BA%97,,,16GB+512,,,中国大陆,,,,,,unknown,true,,,,pending
HIGH,,,OPPO,OPPO Reno16,12,512,12GB+512,pdd,https://mobile.yangkeduo.com/search_result.html?search_key=OPPO%20OPPO%20Reno16%2012GB%2B512%20%E5%AE%98%E6%96%B9%E6%97%97%E8%88%B0%E5%BA%97,,,12GB+512,,,中国大陆,,,,,,unknown,true,,,,pending
HIGH,,,OPPO,OPPO Reno16,16,512,16GB+512,pdd,https://mobile.yangkeduo.com/search_result.html?search_key=OPPO%20OPPO%20Reno16%2016GB%2B512%20%E5%AE%98%E6%96%B9%E6%97%97%E8%88%B0%E5%BA%97,,,16GB+512,,,中国大陆,,,,,,unknown,true,,,,pending
HIGH,,,OPPO,OPPO Reno16,12,512,12GB+512,tmall,https://list.tmall.com/search_product.htm?q=OPPO%20OPPO%20Reno16%2012GB%2B512%20%E5%AE%98%E6%96%B9%E6%97%97%E8%88%B0%E5%BA%97,,,12GB+512,,,中国大陆,,,,,,unknown,true,,,,pending
HIGH,,,OPPO,OPPO Reno16,16,512,16GB+512,tmall,https://list.tmall.com/search_product.htm?q=OPPO%20OPPO%20Reno16%2016GB%2B512%20%E5%AE%98%E6%96%B9%E6%97%97%E8%88%B0%E5%BA%97,,,16GB+512,,,中国大陆,,,,,,unknown,true,,,,pending
HIGH,,,OPPO,OPPO Reno16,16,1024,16GB+1TB,jd,https://search.jd.com/Search?keyword=OPPO%20OPPO%20Reno16%2016GB%2B1TB%20%E5%AE%98%E6%96%B9%E6%97%97%E8%88%B0%E5%BA%97,,,16GB+1TB,,,中国大陆,,,,,,unknown,true,,,,pending
HIGH,,,OPPO,OPPO Reno16,16,1024,16GB+1TB,pdd,https://mobile.yangkeduo.com/search_result.html?search_key=OPPO%20OPPO%20Reno16%2016GB%2B1TB%20%E5%AE%98%E6%96%B9%E6%97%97%E8%88%B0%E5%BA%97,,,16GB+1TB,,,中国大陆,,,,,,unknown,true,,,,pending
HIGH,,,OPPO,OPPO Reno16,16,1024,16GB+1TB,tmall,https://list.tmall.com/search_product.htm?q=OPPO%20OPPO%20Reno16%2016GB%2B1TB%20%E5%AE%98%E6%96%B9%E6%97%97%E8%88%B0%E5%BA%97,,,16GB+1TB,,,中国大陆,,,,,,unknown,true,,,,pending
HIGH,,,OPPO,OPPO Reno16 Pro,12,256,12GB+256,jd,https://search.jd.com/Search?keyword=OPPO%20OPPO%20Reno16%20Pro%2012GB%2B256%20%E5%AE%98%E6%96%B9%E6%97%97%E8%88%B0%E5%BA%97,,,12GB+256,,,中国大陆,,,,,,unknown,true,,,,pending
HIGH,,,OPPO,OPPO Reno16 Pro,12,256,12GB+256,pdd,https://mobile.yangkeduo.com/search_result.html?search_key=OPPO%20OPPO%20Reno16%20Pro%2012GB%2B256%20%E5%AE%98%E6%96%B9%E6%97%97%E8%88%B0%E5%BA%97,,,12GB+256,,,中国大陆,,,,,,unknown,true,,,,pending
HIGH,,,OPPO,OPPO Reno16 Pro,12,256,12GB+256,tmall,https://list.tmall.com/search_product.htm?q=OPPO%20OPPO%20Reno16%20Pro%2012GB%2B256%20%E5%AE%98%E6%96%B9%E6%97%97%E8%88%B0%E5%BA%97,,,12GB+256,,,中国大陆,,,,,,unknown,true,,,,pending
HIGH,,,OPPO,OPPO Reno16 Pro,12,512,12GB+512,jd,https://search.jd.com/Search?keyword=OPPO%20OPPO%20Reno16%20Pro%2012GB%2B512%20%E5%AE%98%E6%96%B9%E6%97%97%E8%88%B0%E5%BA%97,,,12GB+512,,,中国大陆,,,,,,unknown,true,,,,pending
HIGH,,,OPPO,OPPO Reno16 Pro,16,512,16GB+512,jd,https://search.jd.com/Search?keyword=OPPO%20OPPO%20Reno16%20Pro%2016GB%2B512%20%E5%AE%98%E6%96%B9%E6%97%97%E8%88%B0%E5%BA%97,,,16GB+512,,,中国大陆,,,,,,unknown,true,,,,pending
HIGH,,,OPPO,OPPO Reno16 Pro,12,512,12GB+512,pdd,https://mobile.yangkeduo.com/search_result.html?search_key=OPPO%20OPPO%20Reno16%20Pro%2012GB%2B512%20%E5%AE%98%E6%96%B9%E6%97%97%E8%88%B0%E5%BA%97,,,12GB+512,,,中国大陆,,,,,,unknown,true,,,,pending
HIGH,,,OPPO,OPPO Reno16 Pro,16,512,16GB+512,pdd,https://mobile.yangkeduo.com/search_result.html?search_key=OPPO%20OPPO%20Reno16%20Pro%2016GB%2B512%20%E5%AE%98%E6%96%B9%E6%97%97%E8%88%B0%E5%BA%97,,,16GB+512,,,中国大陆,,,,,,unknown,true,,,,pending
HIGH,,,OPPO,OPPO Reno16 Pro,12,512,12GB+512,tmall,https://list.tmall.com/search_product.htm?q=OPPO%20OPPO%20Reno16%20Pro%2012GB%2B512%20%E5%AE%98%E6%96%B9%E6%97%97%E8%88%B0%E5%BA%97,,,12GB+512,,,中国大陆,,,,,,unknown,true,,,,pending
HIGH,,,OPPO,OPPO Reno16 Pro,16,512,16GB+512,tmall,https://list.tmall.com/search_product.htm?q=OPPO%20OPPO%20Reno16%20Pro%2016GB%2B512%20%E5%AE%98%E6%96%B9%E6%97%97%E8%88%B0%E5%BA%97,,,16GB+512,,,中国大陆,,,,,,unknown,true,,,,pending
HIGH,,,realme,真我15,16,256,16GB+256,jd,https://search.jd.com/Search?keyword=realme%20%E7%9C%9F%E6%88%9115%2016GB%2B256%20%E5%AE%98%E6%96%B9%E6%97%97%E8%88%B0%E5%BA%97,,,16GB+256,,,中国大陆,,,,,,unknown,true,,,,pending
HIGH,,,realme,真我15,16,256,16GB+256,pdd,https://mobile.yangkeduo.com/search_result.html?search_key=realme%20%E7%9C%9F%E6%88%9115%2016GB%2B256%20%E5%AE%98%E6%96%B9%E6%97%97%E8%88%B0%E5%BA%97,,,16GB+256,,,中国大陆,,,,,,unknown,true,,,,pending
HIGH,,,realme,真我15,16,256,16GB+256,tmall,https://list.tmall.com/search_product.htm?q=realme%20%E7%9C%9F%E6%88%9115%2016GB%2B256%20%E5%AE%98%E6%96%B9%E6%97%97%E8%88%B0%E5%BA%97,,,16GB+256,,,中国大陆,,,,,,unknown,true,,,,pending
HIGH,,,realme,真我15 Pro,16,512,16GB+512,jd,https://search.jd.com/Search?keyword=realme%20%E7%9C%9F%E6%88%9115%20Pro%2016GB%2B512%20%E5%AE%98%E6%96%B9%E6%97%97%E8%88%B0%E5%BA%97,,,16GB+512,,,中国大陆,,,,,,unknown,true,,,,pending
HIGH,,,realme,真我15 Pro,16,512,16GB+512,pdd,https://mobile.yangkeduo.com/search_result.html?search_key=realme%20%E7%9C%9F%E6%88%9115%20Pro%2016GB%2B512%20%E5%AE%98%E6%96%B9%E6%97%97%E8%88%B0%E5%BA%97,,,16GB+512,,,中国大陆,,,,,,unknown,true,,,,pending
HIGH,,,realme,真我15 Pro,16,512,16GB+512,tmall,https://list.tmall.com/search_product.htm?q=realme%20%E7%9C%9F%E6%88%9115%20Pro%2016GB%2B512%20%E5%AE%98%E6%96%B9%E6%97%97%E8%88%B0%E5%BA%97,,,16GB+512,,,中国大陆,,,,,,unknown,true,,,,pending
HIGH,,,realme,真我15T,12,512,12GB+512,jd,https://search.jd.com/Search?keyword=realme%20%E7%9C%9F%E6%88%9115T%2012GB%2B512%20%E5%AE%98%E6%96%B9%E6%97%97%E8%88%B0%E5%BA%97,,,12GB+512,,,中国大陆,,,,,,unknown,true,,,,pending
HIGH,,,realme,真我15T,12,512,12GB+512,pdd,https://mobile.yangkeduo.com/search_result.html?search_key=realme%20%E7%9C%9F%E6%88%9115T%2012GB%2B512%20%E5%AE%98%E6%96%B9%E6%97%97%E8%88%B0%E5%BA%97,,,12GB+512,,,中国大陆,,,,,,unknown,true,,,,pending
HIGH,,,realme,真我15T,12,512,12GB+512,tmall,https://list.tmall.com/search_product.htm?q=realme%20%E7%9C%9F%E6%88%9115T%2012GB%2B512%20%E5%AE%98%E6%96%B9%E6%97%97%E8%88%B0%E5%BA%97,,,12GB+512,,,中国大陆,,,,,,unknown,true,,,,pending
HIGH,,,realme,真我GT Neo6,16,1024,16GB+1TB,jd,https://search.jd.com/Search?keyword=realme%20%E7%9C%9F%E6%88%91GT%20Neo6%2016GB%2B1TB%20%E5%AE%98%E6%96%B9%E6%97%97%E8%88%B0%E5%BA%97,,,16GB+1TB,,,中国大陆,,,,,,unknown,true,,,,pending
HIGH,,,realme,真我GT Neo6,16,1024,16GB+1TB,pdd,https://mobile.yangkeduo.com/search_result.html?search_key=realme%20%E7%9C%9F%E6%88%91GT%20Neo6%2016GB%2B1TB%20%E5%AE%98%E6%96%B9%E6%97%97%E8%88%B0%E5%BA%97,,,16GB+1TB,,,中国大陆,,,,,,unknown,true,,,,pending
HIGH,,,realme,真我GT Neo6,16,1024,16GB+1TB,tmall,https://list.tmall.com/search_product.htm?q=realme%20%E7%9C%9F%E6%88%91GT%20Neo6%2016GB%2B1TB%20%E5%AE%98%E6%96%B9%E6%97%97%E8%88%B0%E5%BA%97,,,16GB+1TB,,,中国大陆,,,,,,unknown,true,,,,pending
HIGH,,,realme,真我GT7,16,1024,16GB+1TB,jd,https://search.jd.com/Search?keyword=realme%20%E7%9C%9F%E6%88%91GT7%2016GB%2B1TB%20%E5%AE%98%E6%96%B9%E6%97%97%E8%88%B0%E5%BA%97,,,16GB+1TB,,,中国大陆,,,,,,unknown,true,,,,pending
HIGH,,,realme,真我GT7,24,1024,24GB+1TB,jd,https://search.jd.com/Search?keyword=realme%20%E7%9C%9F%E6%88%91GT7%2024GB%2B1TB%20%E5%AE%98%E6%96%B9%E6%97%97%E8%88%B0%E5%BA%97,,,24GB+1TB,,,中国大陆,,,,,,unknown,true,,,,pending
HIGH,,,realme,真我GT7,16,1024,16GB+1TB,pdd,https://mobile.yangkeduo.com/search_result.html?search_key=realme%20%E7%9C%9F%E6%88%91GT7%2016GB%2B1TB%20%E5%AE%98%E6%96%B9%E6%97%97%E8%88%B0%E5%BA%97,,,16GB+1TB,,,中国大陆,,,,,,unknown,true,,,,pending
HIGH,,,realme,真我GT7,24,1024,24GB+1TB,pdd,https://mobile.yangkeduo.com/search_result.html?search_key=realme%20%E7%9C%9F%E6%88%91GT7%2024GB%2B1TB%20%E5%AE%98%E6%96%B9%E6%97%97%E8%88%B0%E5%BA%97,,,24GB+1TB,,,中国大陆,,,,,,unknown,true,,,,pending
HIGH,,,realme,真我GT7,16,1024,16GB+1TB,tmall,https://list.tmall.com/search_product.htm?q=realme%20%E7%9C%9F%E6%88%91GT7%2016GB%2B1TB%20%E5%AE%98%E6%96%B9%E6%97%97%E8%88%B0%E5%BA%97,,,16GB+1TB,,,中国大陆,,,,,,unknown,true,,,,pending
HIGH,,,realme,真我GT7,24,1024,24GB+1TB,tmall,https://list.tmall.com/search_product.htm?q=realme%20%E7%9C%9F%E6%88%91GT7%2024GB%2B1TB%20%E5%AE%98%E6%96%B9%E6%97%97%E8%88%B0%E5%BA%97,,,24GB+1TB,,,中国大陆,,,,,,unknown,true,,,,pending
HIGH,,,realme,真我GT7 Pro,16,1024,16GB+1TB,jd,https://search.jd.com/Search?keyword=realme%20%E7%9C%9F%E6%88%91GT7%20Pro%2016GB%2B1TB%20%E5%AE%98%E6%96%B9%E6%97%97%E8%88%B0%E5%BA%97,,,16GB+1TB,,,中国大陆,,,,,,unknown,true,,,,pending
HIGH,,,realme,真我GT7 Pro,16,1024,16GB+1TB,pdd,https://mobile.yangkeduo.com/search_result.html?search_key=realme%20%E7%9C%9F%E6%88%91GT7%20Pro%2016GB%2B1TB%20%E5%AE%98%E6%96%B9%E6%97%97%E8%88%B0%E5%BA%97,,,16GB+1TB,,,中国大陆,,,,,,unknown,true,,,,pending
HIGH,,,realme,真我GT7 Pro,16,1024,16GB+1TB,tmall,https://list.tmall.com/search_product.htm?q=realme%20%E7%9C%9F%E6%88%91GT7%20Pro%2016GB%2B1TB%20%E5%AE%98%E6%96%B9%E6%97%97%E8%88%B0%E5%BA%97,,,16GB+1TB,,,中国大陆,,,,,,unknown,true,,,,pending
HIGH,,,realme,真我GT8,12,256,12GB+256,jd,https://search.jd.com/Search?keyword=realme%20%E7%9C%9F%E6%88%91GT8%2012GB%2B256%20%E5%AE%98%E6%96%B9%E6%97%97%E8%88%B0%E5%BA%97,,,12GB+256,,,中国大陆,,,,,,unknown,true,,,,pending
HIGH,,,realme,真我GT8,16,256,16GB+256,jd,https://search.jd.com/Search?keyword=realme%20%E7%9C%9F%E6%88%91GT8%2016GB%2B256%20%E5%AE%98%E6%96%B9%E6%97%97%E8%88%B0%E5%BA%97,,,16GB+256,,,中国大陆,,,,,,unknown,true,,,,pending
HIGH,,,realme,真我GT8,12,256,12GB+256,pdd,https://mobile.yangkeduo.com/search_result.html?search_key=realme%20%E7%9C%9F%E6%88%91GT8%2012GB%2B256%20%E5%AE%98%E6%96%B9%E6%97%97%E8%88%B0%E5%BA%97,,,12GB+256,,,中国大陆,,,,,,unknown,true,,,,pending
HIGH,,,realme,真我GT8,16,256,16GB+256,pdd,https://mobile.yangkeduo.com/search_result.html?search_key=realme%20%E7%9C%9F%E6%88%91GT8%2016GB%2B256%20%E5%AE%98%E6%96%B9%E6%97%97%E8%88%B0%E5%BA%97,,,16GB+256,,,中国大陆,,,,,,unknown,true,,,,pending
HIGH,,,realme,真我GT8,12,256,12GB+256,tmall,https://list.tmall.com/search_product.htm?q=realme%20%E7%9C%9F%E6%88%91GT8%2012GB%2B256%20%E5%AE%98%E6%96%B9%E6%97%97%E8%88%B0%E5%BA%97,,,12GB+256,,,中国大陆,,,,,,unknown,true,,,,pending
HIGH,,,realme,真我GT8,16,256,16GB+256,tmall,https://list.tmall.com/search_product.htm?q=realme%20%E7%9C%9F%E6%88%91GT8%2016GB%2B256%20%E5%AE%98%E6%96%B9%E6%97%97%E8%88%B0%E5%BA%97,,,16GB+256,,,中国大陆,,,,,,unknown,true,,,,pending
HIGH,,,realme,真我GT8,12,512,12GB+512,jd,https://search.jd.com/Search?keyword=realme%20%E7%9C%9F%E6%88%91GT8%2012GB%2B512%20%E5%AE%98%E6%96%B9%E6%97%97%E8%88%B0%E5%BA%97,,,12GB+512,,,中国大陆,,,,,,unknown,true,,,,pending
HIGH,,,realme,真我GT8,16,512,16GB+512,jd,https://search.jd.com/Search?keyword=realme%20%E7%9C%9F%E6%88%91GT8%2016GB%2B512%20%E5%AE%98%E6%96%B9%E6%97%97%E8%88%B0%E5%BA%97,,,16GB+512,,,中国大陆,,,,,,unknown,true,,,,pending
HIGH,,,realme,真我GT8,12,512,12GB+512,pdd,https://mobile.yangkeduo.com/search_result.html?search_key=realme%20%E7%9C%9F%E6%88%91GT8%2012GB%2B512%20%E5%AE%98%E6%96%B9%E6%97%97%E8%88%B0%E5%BA%97,,,12GB+512,,,中国大陆,,,,,,unknown,true,,,,pending
HIGH,,,realme,真我GT8,16,512,16GB+512,pdd,https://mobile.yangkeduo.com/search_result.html?search_key=realme%20%E7%9C%9F%E6%88%91GT8%2016GB%2B512%20%E5%AE%98%E6%96%B9%E6%97%97%E8%88%B0%E5%BA%97,,,16GB+512,,,中国大陆,,,,,,unknown,true,,,,pending
HIGH,,,realme,真我GT8,12,512,12GB+512,tmall,https://list.tmall.com/search_product.htm?q=realme%20%E7%9C%9F%E6%88%91GT8%2012GB%2B512%20%E5%AE%98%E6%96%B9%E6%97%97%E8%88%B0%E5%BA%97,,,12GB+512,,,中国大陆,,,,,,unknown,true,,,,pending
HIGH,,,realme,真我GT8,16,512,16GB+512,tmall,https://list.tmall.com/search_product.htm?q=realme%20%E7%9C%9F%E6%88%91GT8%2016GB%2B512%20%E5%AE%98%E6%96%B9%E6%97%97%E8%88%B0%E5%BA%97,,,16GB+512,,,中国大陆,,,,,,unknown,true,,,,pending
HIGH,,,realme,真我GT8,16,1024,16GB+1TB,jd,https://search.jd.com/Search?keyword=realme%20%E7%9C%9F%E6%88%91GT8%2016GB%2B1TB%20%E5%AE%98%E6%96%B9%E6%97%97%E8%88%B0%E5%BA%97,,,16GB+1TB,,,中国大陆,,,,,,unknown,true,,,,pending
HIGH,,,realme,真我GT8,16,1024,16GB+1TB,pdd,https://mobile.yangkeduo.com/search_result.html?search_key=realme%20%E7%9C%9F%E6%88%91GT8%2016GB%2B1TB%20%E5%AE%98%E6%96%B9%E6%97%97%E8%88%B0%E5%BA%97,,,16GB+1TB,,,中国大陆,,,,,,unknown,true,,,,pending
HIGH,,,realme,真我GT8,16,1024,16GB+1TB,tmall,https://list.tmall.com/search_product.htm?q=realme%20%E7%9C%9F%E6%88%91GT8%2016GB%2B1TB%20%E5%AE%98%E6%96%B9%E6%97%97%E8%88%B0%E5%BA%97,,,16GB+1TB,,,中国大陆,,,,,,unknown,true,,,,pending
HIGH,,,realme,真我GT8 Pro,12,256,12GB+256,jd,https://search.jd.com/Search?keyword=realme%20%E7%9C%9F%E6%88%91GT8%20Pro%2012GB%2B256%20%E5%AE%98%E6%96%B9%E6%97%97%E8%88%B0%E5%BA%97,,,12GB+256,,,中国大陆,,,,,,unknown,true,,,,pending
HIGH,,,realme,真我GT8 Pro,16,256,16GB+256,jd,https://search.jd.com/Search?keyword=realme%20%E7%9C%9F%E6%88%91GT8%20Pro%2016GB%2B256%20%E5%AE%98%E6%96%B9%E6%97%97%E8%88%B0%E5%BA%97,,,16GB+256,,,中国大陆,,,,,,unknown,true,,,,pending
HIGH,,,realme,真我GT8 Pro,12,256,12GB+256,pdd,https://mobile.yangkeduo.com/search_result.html?search_key=realme%20%E7%9C%9F%E6%88%91GT8%20Pro%2012GB%2B256%20%E5%AE%98%E6%96%B9%E6%97%97%E8%88%B0%E5%BA%97,,,12GB+256,,,中国大陆,,,,,,unknown,true,,,,pending
HIGH,,,realme,真我GT8 Pro,16,256,16GB+256,pdd,https://mobile.yangkeduo.com/search_result.html?search_key=realme%20%E7%9C%9F%E6%88%91GT8%20Pro%2016GB%2B256%20%E5%AE%98%E6%96%B9%E6%97%97%E8%88%B0%E5%BA%97,,,16GB+256,,,中国大陆,,,,,,unknown,true,,,,pending
HIGH,,,realme,真我GT8 Pro,12,256,12GB+256,tmall,https://list.tmall.com/search_product.htm?q=realme%20%E7%9C%9F%E6%88%91GT8%20Pro%2012GB%2B256%20%E5%AE%98%E6%96%B9%E6%97%97%E8%88%B0%E5%BA%97,,,12GB+256,,,中国大陆,,,,,,unknown,true,,,,pending
HIGH,,,realme,真我GT8 Pro,16,256,16GB+256,tmall,https://list.tmall.com/search_product.htm?q=realme%20%E7%9C%9F%E6%88%91GT8%20Pro%2016GB%2B256%20%E5%AE%98%E6%96%B9%E6%97%97%E8%88%B0%E5%BA%97,,,16GB+256,,,中国大陆,,,,,,unknown,true,,,,pending
HIGH,,,realme,真我GT8 Pro,12,512,12GB+512,jd,https://search.jd.com/Search?keyword=realme%20%E7%9C%9F%E6%88%91GT8%20Pro%2012GB%2B512%20%E5%AE%98%E6%96%B9%E6%97%97%E8%88%B0%E5%BA%97,,,12GB+512,,,中国大陆,,,,,,unknown,true,,,,pending
HIGH,,,realme,真我GT8 Pro,16,512,16GB+512,jd,https://search.jd.com/Search?keyword=realme%20%E7%9C%9F%E6%88%91GT8%20Pro%2016GB%2B512%20%E5%AE%98%E6%96%B9%E6%97%97%E8%88%B0%E5%BA%97,,,16GB+512,,,中国大陆,,,,,,unknown,true,,,,pending
HIGH,,,realme,真我GT8 Pro,12,512,12GB+512,pdd,https://mobile.yangkeduo.com/search_result.html?search_key=realme%20%E7%9C%9F%E6%88%91GT8%20Pro%2012GB%2B512%20%E5%AE%98%E6%96%B9%E6%97%97%E8%88%B0%E5%BA%97,,,12GB+512,,,中国大陆,,,,,,unknown,true,,,,pending
HIGH,,,realme,真我GT8 Pro,16,512,16GB+512,pdd,https://mobile.yangkeduo.com/search_result.html?search_key=realme%20%E7%9C%9F%E6%88%91GT8%20Pro%2016GB%2B512%20%E5%AE%98%E6%96%B9%E6%97%97%E8%88%B0%E5%BA%97,,,16GB+512,,,中国大陆,,,,,,unknown,true,,,,pending
HIGH,,,realme,真我GT8 Pro,12,512,12GB+512,tmall,https://list.tmall.com/search_product.htm?q=realme%20%E7%9C%9F%E6%88%91GT8%20Pro%2012GB%2B512%20%E5%AE%98%E6%96%B9%E6%97%97%E8%88%B0%E5%BA%97,,,12GB+512,,,中国大陆,,,,,,unknown,true,,,,pending
HIGH,,,realme,真我GT8 Pro,16,512,16GB+512,tmall,https://list.tmall.com/search_product.htm?q=realme%20%E7%9C%9F%E6%88%91GT8%20Pro%2016GB%2B512%20%E5%AE%98%E6%96%B9%E6%97%97%E8%88%B0%E5%BA%97,,,16GB+512,,,中国大陆,,,,,,unknown,true,,,,pending
HIGH,,,realme,真我GT8 Pro,16,1024,16GB+1TB,jd,https://search.jd.com/Search?keyword=realme%20%E7%9C%9F%E6%88%91GT8%20Pro%2016GB%2B1TB%20%E5%AE%98%E6%96%B9%E6%97%97%E8%88%B0%E5%BA%97,,,16GB+1TB,,,中国大陆,,,,,,unknown,true,,,,pending
HIGH,,,realme,真我GT8 Pro,16,1024,16GB+1TB,pdd,https://mobile.yangkeduo.com/search_result.html?search_key=realme%20%E7%9C%9F%E6%88%91GT8%20Pro%2016GB%2B1TB%20%E5%AE%98%E6%96%B9%E6%97%97%E8%88%B0%E5%BA%97,,,16GB+1TB,,,中国大陆,,,,,,unknown,true,,,,pending
HIGH,,,realme,真我GT8 Pro,16,1024,16GB+1TB,tmall,https://list.tmall.com/search_product.htm?q=realme%20%E7%9C%9F%E6%88%91GT8%20Pro%2016GB%2B1TB%20%E5%AE%98%E6%96%B9%E6%97%97%E8%88%B0%E5%BA%97,,,16GB+1TB,,,中国大陆,,,,,,unknown,true,,,,pending
HIGH,,,realme,真我Neo7,16,1024,16GB+1TB,jd,https://search.jd.com/Search?keyword=realme%20%E7%9C%9F%E6%88%91Neo7%2016GB%2B1TB%20%E5%AE%98%E6%96%B9%E6%97%97%E8%88%B0%E5%BA%97,,,16GB+1TB,,,中国大陆,,,,,,unknown,true,,,,pending
HIGH,,,realme,真我Neo7,16,1024,16GB+1TB,pdd,https://mobile.yangkeduo.com/search_result.html?search_key=realme%20%E7%9C%9F%E6%88%91Neo7%2016GB%2B1TB%20%E5%AE%98%E6%96%B9%E6%97%97%E8%88%B0%E5%BA%97,,,16GB+1TB,,,中国大陆,,,,,,unknown,true,,,,pending
HIGH,,,realme,真我Neo7,16,1024,16GB+1TB,tmall,https://list.tmall.com/search_product.htm?q=realme%20%E7%9C%9F%E6%88%91Neo7%2016GB%2B1TB%20%E5%AE%98%E6%96%B9%E6%97%97%E8%88%B0%E5%BA%97,,,16GB+1TB,,,中国大陆,,,,,,unknown,true,,,,pending
HIGH,,,realme,真我Neo7 Turbo,16,512,16GB+512,jd,https://search.jd.com/Search?keyword=realme%20%E7%9C%9F%E6%88%91Neo7%20Turbo%2016GB%2B512%20%E5%AE%98%E6%96%B9%E6%97%97%E8%88%B0%E5%BA%97,,,16GB+512,,,中国大陆,,,,,,unknown,true,,,,pending
HIGH,,,realme,真我Neo7 Turbo,16,512,16GB+512,pdd,https://mobile.yangkeduo.com/search_result.html?search_key=realme%20%E7%9C%9F%E6%88%91Neo7%20Turbo%2016GB%2B512%20%E5%AE%98%E6%96%B9%E6%97%97%E8%88%B0%E5%BA%97,,,16GB+512,,,中国大陆,,,,,,unknown,true,,,,pending
HIGH,,,realme,真我Neo7 Turbo,16,512,16GB+512,tmall,https://list.tmall.com/search_product.htm?q=realme%20%E7%9C%9F%E6%88%91Neo7%20Turbo%2016GB%2B512%20%E5%AE%98%E6%96%B9%E6%97%97%E8%88%B0%E5%BA%97,,,16GB+512,,,中国大陆,,,,,,unknown,true,,,,pending
HIGH,,,realme,真我Neo8,12,256,12GB+256,jd,https://search.jd.com/Search?keyword=realme%20%E7%9C%9F%E6%88%91Neo8%2012GB%2B256%20%E5%AE%98%E6%96%B9%E6%97%97%E8%88%B0%E5%BA%97,,,12GB+256,,,中国大陆,,,,,,unknown,true,,,,pending
HIGH,,,realme,真我Neo8,16,256,16GB+256,jd,https://search.jd.com/Search?keyword=realme%20%E7%9C%9F%E6%88%91Neo8%2016GB%2B256%20%E5%AE%98%E6%96%B9%E6%97%97%E8%88%B0%E5%BA%97,,,16GB+256,,,中国大陆,,,,,,unknown,true,,,,pending
HIGH,,,realme,真我Neo8,12,256,12GB+256,pdd,https://mobile.yangkeduo.com/search_result.html?search_key=realme%20%E7%9C%9F%E6%88%91Neo8%2012GB%2B256%20%E5%AE%98%E6%96%B9%E6%97%97%E8%88%B0%E5%BA%97,,,12GB+256,,,中国大陆,,,,,,unknown,true,,,,pending
HIGH,,,realme,真我Neo8,16,256,16GB+256,pdd,https://mobile.yangkeduo.com/search_result.html?search_key=realme%20%E7%9C%9F%E6%88%91Neo8%2016GB%2B256%20%E5%AE%98%E6%96%B9%E6%97%97%E8%88%B0%E5%BA%97,,,16GB+256,,,中国大陆,,,,,,unknown,true,,,,pending
HIGH,,,realme,真我Neo8,12,256,12GB+256,tmall,https://list.tmall.com/search_product.htm?q=realme%20%E7%9C%9F%E6%88%91Neo8%2012GB%2B256%20%E5%AE%98%E6%96%B9%E6%97%97%E8%88%B0%E5%BA%97,,,12GB+256,,,中国大陆,,,,,,unknown,true,,,,pending
HIGH,,,realme,真我Neo8,16,256,16GB+256,tmall,https://list.tmall.com/search_product.htm?q=realme%20%E7%9C%9F%E6%88%91Neo8%2016GB%2B256%20%E5%AE%98%E6%96%B9%E6%97%97%E8%88%B0%E5%BA%97,,,16GB+256,,,中国大陆,,,,,,unknown,true,,,,pending
HIGH,,,realme,真我Neo8,12,512,12GB+512,jd,https://search.jd.com/Search?keyword=realme%20%E7%9C%9F%E6%88%91Neo8%2012GB%2B512%20%E5%AE%98%E6%96%B9%E6%97%97%E8%88%B0%E5%BA%97,,,12GB+512,,,中国大陆,,,,,,unknown,true,,,,pending
HIGH,,,realme,真我Neo8,16,512,16GB+512,jd,https://search.jd.com/Search?keyword=realme%20%E7%9C%9F%E6%88%91Neo8%2016GB%2B512%20%E5%AE%98%E6%96%B9%E6%97%97%E8%88%B0%E5%BA%97,,,16GB+512,,,中国大陆,,,,,,unknown,true,,,,pending
HIGH,,,realme,真我Neo8,12,512,12GB+512,pdd,https://mobile.yangkeduo.com/search_result.html?search_key=realme%20%E7%9C%9F%E6%88%91Neo8%2012GB%2B512%20%E5%AE%98%E6%96%B9%E6%97%97%E8%88%B0%E5%BA%97,,,12GB+512,,,中国大陆,,,,,,unknown,true,,,,pending
HIGH,,,realme,真我Neo8,16,512,16GB+512,pdd,https://mobile.yangkeduo.com/search_result.html?search_key=realme%20%E7%9C%9F%E6%88%91Neo8%2016GB%2B512%20%E5%AE%98%E6%96%B9%E6%97%97%E8%88%B0%E5%BA%97,,,16GB+512,,,中国大陆,,,,,,unknown,true,,,,pending
HIGH,,,realme,真我Neo8,12,512,12GB+512,tmall,https://list.tmall.com/search_product.htm?q=realme%20%E7%9C%9F%E6%88%91Neo8%2012GB%2B512%20%E5%AE%98%E6%96%B9%E6%97%97%E8%88%B0%E5%BA%97,,,12GB+512,,,中国大陆,,,,,,unknown,true,,,,pending
HIGH,,,realme,真我Neo8,16,512,16GB+512,tmall,https://list.tmall.com/search_product.htm?q=realme%20%E7%9C%9F%E6%88%91Neo8%2016GB%2B512%20%E5%AE%98%E6%96%B9%E6%97%97%E8%88%B0%E5%BA%97,,,16GB+512,,,中国大陆,,,,,,unknown,true,,,,pending
HIGH,,,realme,真我Neo8,16,1024,16GB+1TB,jd,https://search.jd.com/Search?keyword=realme%20%E7%9C%9F%E6%88%91Neo8%2016GB%2B1TB%20%E5%AE%98%E6%96%B9%E6%97%97%E8%88%B0%E5%BA%97,,,16GB+1TB,,,中国大陆,,,,,,unknown,true,,,,pending
HIGH,,,realme,真我Neo8,16,1024,16GB+1TB,pdd,https://mobile.yangkeduo.com/search_result.html?search_key=realme%20%E7%9C%9F%E6%88%91Neo8%2016GB%2B1TB%20%E5%AE%98%E6%96%B9%E6%97%97%E8%88%B0%E5%BA%97,,,16GB+1TB,,,中国大陆,,,,,,unknown,true,,,,pending
HIGH,,,realme,真我Neo8,16,1024,16GB+1TB,tmall,https://list.tmall.com/search_product.htm?q=realme%20%E7%9C%9F%E6%88%91Neo8%2016GB%2B1TB%20%E5%AE%98%E6%96%B9%E6%97%97%E8%88%B0%E5%BA%97,,,16GB+1TB,,,中国大陆,,,,,,unknown,true,,,,pending
HIGH,,,realme,真我V70,8,256,8GB+256,jd,https://search.jd.com/Search?keyword=realme%20%E7%9C%9F%E6%88%91V70%208GB%2B256%20%E5%AE%98%E6%96%B9%E6%97%97%E8%88%B0%E5%BA%97,,,8GB+256,,,中国大陆,,,,,,unknown,true,,,,pending
HIGH,,,realme,真我V70,8,256,8GB+256,pdd,https://mobile.yangkeduo.com/search_result.html?search_key=realme%20%E7%9C%9F%E6%88%91V70%208GB%2B256%20%E5%AE%98%E6%96%B9%E6%97%97%E8%88%B0%E5%BA%97,,,8GB+256,,,中国大陆,,,,,,unknown,true,,,,pending
HIGH,,,realme,真我V70,8,256,8GB+256,tmall,https://list.tmall.com/search_product.htm?q=realme%20%E7%9C%9F%E6%88%91V70%208GB%2B256%20%E5%AE%98%E6%96%B9%E6%97%97%E8%88%B0%E5%BA%97,,,8GB+256,,,中国大陆,,,,,,unknown,true,,,,pending
HIGH,,,realme,真我V70s,8,256,8GB+256,jd,https://search.jd.com/Search?keyword=realme%20%E7%9C%9F%E6%88%91V70s%208GB%2B256%20%E5%AE%98%E6%96%B9%E6%97%97%E8%88%B0%E5%BA%97,,,8GB+256,,,中国大陆,,,,,,unknown,true,,,,pending
HIGH,,,realme,真我V70s,8,256,8GB+256,pdd,https://mobile.yangkeduo.com/search_result.html?search_key=realme%20%E7%9C%9F%E6%88%91V70s%208GB%2B256%20%E5%AE%98%E6%96%B9%E6%97%97%E8%88%B0%E5%BA%97,,,8GB+256,,,中国大陆,,,,,,unknown,true,,,,pending
HIGH,,,realme,真我V70s,8,256,8GB+256,tmall,https://list.tmall.com/search_product.htm?q=realme%20%E7%9C%9F%E6%88%91V70s%208GB%2B256%20%E5%AE%98%E6%96%B9%E6%97%97%E8%88%B0%E5%BA%97,,,8GB+256,,,中国大陆,,,,,,unknown,true,,,,pending
HIGH,,,一加,一加 13,12,256,12GB+256GB,jd,https://search.jd.com/Search?keyword=%E4%B8%80%E5%8A%A0%20%E4%B8%80%E5%8A%A0%2013%2012GB%2B256GB%20%E5%AE%98%E6%96%B9%E6%97%97%E8%88%B0%E5%BA%97,,,12GB+256GB,,,中国大陆,,,,,,unknown,true,,,,pending
HIGH,,,一加,一加 13,12,256,12GB+256GB,pdd,https://mobile.yangkeduo.com/search_result.html?search_key=%E4%B8%80%E5%8A%A0%20%E4%B8%80%E5%8A%A0%2013%2012GB%2B256GB%20%E5%AE%98%E6%96%B9%E6%97%97%E8%88%B0%E5%BA%97,,,12GB+256GB,,,中国大陆,,,,,,unknown,true,,,,pending
HIGH,,,一加,一加 13,12,256,12GB+256GB,tmall,https://list.tmall.com/search_product.htm?q=%E4%B8%80%E5%8A%A0%20%E4%B8%80%E5%8A%A0%2013%2012GB%2B256GB%20%E5%AE%98%E6%96%B9%E6%97%97%E8%88%B0%E5%BA%97,,,12GB+256GB,,,中国大陆,,,,,,unknown,true,,,,pending
HIGH,,,一加,一加 13,12,512,12GB+512GB,jd,https://search.jd.com/Search?keyword=%E4%B8%80%E5%8A%A0%20%E4%B8%80%E5%8A%A0%2013%2012GB%2B512GB%20%E5%AE%98%E6%96%B9%E6%97%97%E8%88%B0%E5%BA%97,,,12GB+512GB,,,中国大陆,,,,,,unknown,true,,,,pending
HIGH,,,一加,一加 13,16,512,16GB+512GB,jd,https://search.jd.com/Search?keyword=%E4%B8%80%E5%8A%A0%20%E4%B8%80%E5%8A%A0%2013%2016GB%2B512GB%20%E5%AE%98%E6%96%B9%E6%97%97%E8%88%B0%E5%BA%97,,,16GB+512GB,,,中国大陆,,,,,,unknown,true,,,,pending
HIGH,,,一加,一加 13,12,512,12GB+512GB,pdd,https://mobile.yangkeduo.com/search_result.html?search_key=%E4%B8%80%E5%8A%A0%20%E4%B8%80%E5%8A%A0%2013%2012GB%2B512GB%20%E5%AE%98%E6%96%B9%E6%97%97%E8%88%B0%E5%BA%97,,,12GB+512GB,,,中国大陆,,,,,,unknown,true,,,,pending
HIGH,,,一加,一加 13,16,512,16GB+512GB,pdd,https://mobile.yangkeduo.com/search_result.html?search_key=%E4%B8%80%E5%8A%A0%20%E4%B8%80%E5%8A%A0%2013%2016GB%2B512GB%20%E5%AE%98%E6%96%B9%E6%97%97%E8%88%B0%E5%BA%97,,,16GB+512GB,,,中国大陆,,,,,,unknown,true,,,,pending
HIGH,,,一加,一加 13,12,512,12GB+512GB,tmall,https://list.tmall.com/search_product.htm?q=%E4%B8%80%E5%8A%A0%20%E4%B8%80%E5%8A%A0%2013%2012GB%2B512GB%20%E5%AE%98%E6%96%B9%E6%97%97%E8%88%B0%E5%BA%97,,,12GB+512GB,,,中国大陆,,,,,,unknown,true,,,,pending
HIGH,,,一加,一加 13,16,512,16GB+512GB,tmall,https://list.tmall.com/search_product.htm?q=%E4%B8%80%E5%8A%A0%20%E4%B8%80%E5%8A%A0%2013%2016GB%2B512GB%20%E5%AE%98%E6%96%B9%E6%97%97%E8%88%B0%E5%BA%97,,,16GB+512GB,,,中国大陆,,,,,,unknown,true,,,,pending
HIGH,,,一加,一加 13,24,1024,24GB+1024GB,jd,https://search.jd.com/Search?keyword=%E4%B8%80%E5%8A%A0%20%E4%B8%80%E5%8A%A0%2013%2024GB%2B1024GB%20%E5%AE%98%E6%96%B9%E6%97%97%E8%88%B0%E5%BA%97,,,24GB+1024GB,,,中国大陆,,,,,,unknown,true,,,,pending
HIGH,,,一加,一加 13,24,1024,24GB+1024GB,pdd,https://mobile.yangkeduo.com/search_result.html?search_key=%E4%B8%80%E5%8A%A0%20%E4%B8%80%E5%8A%A0%2013%2024GB%2B1024GB%20%E5%AE%98%E6%96%B9%E6%97%97%E8%88%B0%E5%BA%97,,,24GB+1024GB,,,中国大陆,,,,,,unknown,true,,,,pending
HIGH,,,一加,一加 13,24,1024,24GB+1024GB,tmall,https://list.tmall.com/search_product.htm?q=%E4%B8%80%E5%8A%A0%20%E4%B8%80%E5%8A%A0%2013%2024GB%2B1024GB%20%E5%AE%98%E6%96%B9%E6%97%97%E8%88%B0%E5%BA%97,,,24GB+1024GB,,,中国大陆,,,,,,unknown,true,,,,pending
HIGH,,,一加,一加 Ace 5,12,256,12GB+256GB,jd,https://search.jd.com/Search?keyword=%E4%B8%80%E5%8A%A0%20%E4%B8%80%E5%8A%A0%20Ace%205%2012GB%2B256GB%20%E5%AE%98%E6%96%B9%E6%97%97%E8%88%B0%E5%BA%97,,,12GB+256GB,,,中国大陆,,,,,,unknown,true,,,,pending
HIGH,,,一加,一加 Ace 5,16,256,16GB+256GB,jd,https://search.jd.com/Search?keyword=%E4%B8%80%E5%8A%A0%20%E4%B8%80%E5%8A%A0%20Ace%205%2016GB%2B256GB%20%E5%AE%98%E6%96%B9%E6%97%97%E8%88%B0%E5%BA%97,,,16GB+256GB,,,中国大陆,,,,,,unknown,true,,,,pending
HIGH,,,一加,一加 Ace 5,12,256,12GB+256GB,pdd,https://mobile.yangkeduo.com/search_result.html?search_key=%E4%B8%80%E5%8A%A0%20%E4%B8%80%E5%8A%A0%20Ace%205%2012GB%2B256GB%20%E5%AE%98%E6%96%B9%E6%97%97%E8%88%B0%E5%BA%97,,,12GB+256GB,,,中国大陆,,,,,,unknown,true,,,,pending
HIGH,,,一加,一加 Ace 5,16,256,16GB+256GB,pdd,https://mobile.yangkeduo.com/search_result.html?search_key=%E4%B8%80%E5%8A%A0%20%E4%B8%80%E5%8A%A0%20Ace%205%2016GB%2B256GB%20%E5%AE%98%E6%96%B9%E6%97%97%E8%88%B0%E5%BA%97,,,16GB+256GB,,,中国大陆,,,,,,unknown,true,,,,pending
HIGH,,,一加,一加 Ace 5,12,256,12GB+256GB,tmall,https://list.tmall.com/search_product.htm?q=%E4%B8%80%E5%8A%A0%20%E4%B8%80%E5%8A%A0%20Ace%205%2012GB%2B256GB%20%E5%AE%98%E6%96%B9%E6%97%97%E8%88%B0%E5%BA%97,,,12GB+256GB,,,中国大陆,,,,,,unknown,true,,,,pending
HIGH,,,一加,一加 Ace 5,16,256,16GB+256GB,tmall,https://list.tmall.com/search_product.htm?q=%E4%B8%80%E5%8A%A0%20%E4%B8%80%E5%8A%A0%20Ace%205%2016GB%2B256GB%20%E5%AE%98%E6%96%B9%E6%97%97%E8%88%B0%E5%BA%97,,,16GB+256GB,,,中国大陆,,,,,,unknown,true,,,,pending
HIGH,,,一加,一加 Ace 5,12,512,12GB+512GB,jd,https://search.jd.com/Search?keyword=%E4%B8%80%E5%8A%A0%20%E4%B8%80%E5%8A%A0%20Ace%205%2012GB%2B512GB%20%E5%AE%98%E6%96%B9%E6%97%97%E8%88%B0%E5%BA%97,,,12GB+512GB,,,中国大陆,,,,,,unknown,true,,,,pending
HIGH,,,一加,一加 Ace 5,16,512,16GB+512GB,jd,https://search.jd.com/Search?keyword=%E4%B8%80%E5%8A%A0%20%E4%B8%80%E5%8A%A0%20Ace%205%2016GB%2B512GB%20%E5%AE%98%E6%96%B9%E6%97%97%E8%88%B0%E5%BA%97,,,16GB+512GB,,,中国大陆,,,,,,unknown,true,,,,pending
HIGH,,,一加,一加 Ace 5,12,512,12GB+512GB,pdd,https://mobile.yangkeduo.com/search_result.html?search_key=%E4%B8%80%E5%8A%A0%20%E4%B8%80%E5%8A%A0%20Ace%205%2012GB%2B512GB%20%E5%AE%98%E6%96%B9%E6%97%97%E8%88%B0%E5%BA%97,,,12GB+512GB,,,中国大陆,,,,,,unknown,true,,,,pending
HIGH,,,一加,一加 Ace 5,16,512,16GB+512GB,pdd,https://mobile.yangkeduo.com/search_result.html?search_key=%E4%B8%80%E5%8A%A0%20%E4%B8%80%E5%8A%A0%20Ace%205%2016GB%2B512GB%20%E5%AE%98%E6%96%B9%E6%97%97%E8%88%B0%E5%BA%97,,,16GB+512GB,,,中国大陆,,,,,,unknown,true,,,,pending
HIGH,,,一加,一加 Ace 5,12,512,12GB+512GB,tmall,https://list.tmall.com/search_product.htm?q=%E4%B8%80%E5%8A%A0%20%E4%B8%80%E5%8A%A0%20Ace%205%2012GB%2B512GB%20%E5%AE%98%E6%96%B9%E6%97%97%E8%88%B0%E5%BA%97,,,12GB+512GB,,,中国大陆,,,,,,unknown,true,,,,pending
HIGH,,,一加,一加 Ace 5,16,512,16GB+512GB,tmall,https://list.tmall.com/search_product.htm?q=%E4%B8%80%E5%8A%A0%20%E4%B8%80%E5%8A%A0%20Ace%205%2016GB%2B512GB%20%E5%AE%98%E6%96%B9%E6%97%97%E8%88%B0%E5%BA%97,,,16GB+512GB,,,中国大陆,,,,,,unknown,true,,,,pending
HIGH,,,一加,一加 Ace 5,16,1024,16GB+1024GB,jd,https://search.jd.com/Search?keyword=%E4%B8%80%E5%8A%A0%20%E4%B8%80%E5%8A%A0%20Ace%205%2016GB%2B1024GB%20%E5%AE%98%E6%96%B9%E6%97%97%E8%88%B0%E5%BA%97,,,16GB+1024GB,,,中国大陆,,,,,,unknown,true,,,,pending
HIGH,,,一加,一加 Ace 5,16,1024,16GB+1024GB,pdd,https://mobile.yangkeduo.com/search_result.html?search_key=%E4%B8%80%E5%8A%A0%20%E4%B8%80%E5%8A%A0%20Ace%205%2016GB%2B1024GB%20%E5%AE%98%E6%96%B9%E6%97%97%E8%88%B0%E5%BA%97,,,16GB+1024GB,,,中国大陆,,,,,,unknown,true,,,,pending
HIGH,,,一加,一加 Ace 5,16,1024,16GB+1024GB,tmall,https://list.tmall.com/search_product.htm?q=%E4%B8%80%E5%8A%A0%20%E4%B8%80%E5%8A%A0%20Ace%205%2016GB%2B1024GB%20%E5%AE%98%E6%96%B9%E6%97%97%E8%88%B0%E5%BA%97,,,16GB+1024GB,,,中国大陆,,,,,,unknown,true,,,,pending
HIGH,,,一加,一加 Ace 6,12,256,12GB+256GB,jd,https://search.jd.com/Search?keyword=%E4%B8%80%E5%8A%A0%20%E4%B8%80%E5%8A%A0%20Ace%206%2012GB%2B256GB%20%E5%AE%98%E6%96%B9%E6%97%97%E8%88%B0%E5%BA%97,,,12GB+256GB,,,中国大陆,,,,,,unknown,true,,,,pending
HIGH,,,一加,一加 Ace 6,16,256,16GB+256GB,jd,https://search.jd.com/Search?keyword=%E4%B8%80%E5%8A%A0%20%E4%B8%80%E5%8A%A0%20Ace%206%2016GB%2B256GB%20%E5%AE%98%E6%96%B9%E6%97%97%E8%88%B0%E5%BA%97,,,16GB+256GB,,,中国大陆,,,,,,unknown,true,,,,pending
HIGH,,,一加,一加 Ace 6,12,256,12GB+256GB,pdd,https://mobile.yangkeduo.com/search_result.html?search_key=%E4%B8%80%E5%8A%A0%20%E4%B8%80%E5%8A%A0%20Ace%206%2012GB%2B256GB%20%E5%AE%98%E6%96%B9%E6%97%97%E8%88%B0%E5%BA%97,,,12GB+256GB,,,中国大陆,,,,,,unknown,true,,,,pending
HIGH,,,一加,一加 Ace 6,16,256,16GB+256GB,pdd,https://mobile.yangkeduo.com/search_result.html?search_key=%E4%B8%80%E5%8A%A0%20%E4%B8%80%E5%8A%A0%20Ace%206%2016GB%2B256GB%20%E5%AE%98%E6%96%B9%E6%97%97%E8%88%B0%E5%BA%97,,,16GB+256GB,,,中国大陆,,,,,,unknown,true,,,,pending
HIGH,,,一加,一加 Ace 6,12,256,12GB+256GB,tmall,https://list.tmall.com/search_product.htm?q=%E4%B8%80%E5%8A%A0%20%E4%B8%80%E5%8A%A0%20Ace%206%2012GB%2B256GB%20%E5%AE%98%E6%96%B9%E6%97%97%E8%88%B0%E5%BA%97,,,12GB+256GB,,,中国大陆,,,,,,unknown,true,,,,pending
HIGH,,,一加,一加 Ace 6,16,256,16GB+256GB,tmall,https://list.tmall.com/search_product.htm?q=%E4%B8%80%E5%8A%A0%20%E4%B8%80%E5%8A%A0%20Ace%206%2016GB%2B256GB%20%E5%AE%98%E6%96%B9%E6%97%97%E8%88%B0%E5%BA%97,,,16GB+256GB,,,中国大陆,,,,,,unknown,true,,,,pending
HIGH,,,一加,一加 Ace 6,12,512,12GB+512GB,jd,https://search.jd.com/Search?keyword=%E4%B8%80%E5%8A%A0%20%E4%B8%80%E5%8A%A0%20Ace%206%2012GB%2B512GB%20%E5%AE%98%E6%96%B9%E6%97%97%E8%88%B0%E5%BA%97,,,12GB+512GB,,,中国大陆,,,,,,unknown,true,,,,pending
HIGH,,,一加,一加 Ace 6,16,512,16GB+512GB,jd,https://search.jd.com/Search?keyword=%E4%B8%80%E5%8A%A0%20%E4%B8%80%E5%8A%A0%20Ace%206%2016GB%2B512GB%20%E5%AE%98%E6%96%B9%E6%97%97%E8%88%B0%E5%BA%97,,,16GB+512GB,,,中国大陆,,,,,,unknown,true,,,,pending
HIGH,,,一加,一加 Ace 6,12,512,12GB+512GB,pdd,https://mobile.yangkeduo.com/search_result.html?search_key=%E4%B8%80%E5%8A%A0%20%E4%B8%80%E5%8A%A0%20Ace%206%2012GB%2B512GB%20%E5%AE%98%E6%96%B9%E6%97%97%E8%88%B0%E5%BA%97,,,12GB+512GB,,,中国大陆,,,,,,unknown,true,,,,pending
HIGH,,,一加,一加 Ace 6,16,512,16GB+512GB,pdd,https://mobile.yangkeduo.com/search_result.html?search_key=%E4%B8%80%E5%8A%A0%20%E4%B8%80%E5%8A%A0%20Ace%206%2016GB%2B512GB%20%E5%AE%98%E6%96%B9%E6%97%97%E8%88%B0%E5%BA%97,,,16GB+512GB,,,中国大陆,,,,,,unknown,true,,,,pending
HIGH,,,一加,一加 Ace 6,12,512,12GB+512GB,tmall,https://list.tmall.com/search_product.htm?q=%E4%B8%80%E5%8A%A0%20%E4%B8%80%E5%8A%A0%20Ace%206%2012GB%2B512GB%20%E5%AE%98%E6%96%B9%E6%97%97%E8%88%B0%E5%BA%97,,,12GB+512GB,,,中国大陆,,,,,,unknown,true,,,,pending
HIGH,,,一加,一加 Ace 6,16,512,16GB+512GB,tmall,https://list.tmall.com/search_product.htm?q=%E4%B8%80%E5%8A%A0%20%E4%B8%80%E5%8A%A0%20Ace%206%2016GB%2B512GB%20%E5%AE%98%E6%96%B9%E6%97%97%E8%88%B0%E5%BA%97,,,16GB+512GB,,,中国大陆,,,,,,unknown,true,,,,pending
HIGH,,,一加,一加 Ace 6,16,1024,16GB+1024GB,jd,https://search.jd.com/Search?keyword=%E4%B8%80%E5%8A%A0%20%E4%B8%80%E5%8A%A0%20Ace%206%2016GB%2B1024GB%20%E5%AE%98%E6%96%B9%E6%97%97%E8%88%B0%E5%BA%97,,,16GB+1024GB,,,中国大陆,,,,,,unknown,true,,,,pending
HIGH,,,一加,一加 Ace 6,16,1024,16GB+1024GB,pdd,https://mobile.yangkeduo.com/search_result.html?search_key=%E4%B8%80%E5%8A%A0%20%E4%B8%80%E5%8A%A0%20Ace%206%2016GB%2B1024GB%20%E5%AE%98%E6%96%B9%E6%97%97%E8%88%B0%E5%BA%97,,,16GB+1024GB,,,中国大陆,,,,,,unknown,true,,,,pending
HIGH,,,一加,一加 Ace 6,16,1024,16GB+1024GB,tmall,https://list.tmall.com/search_product.htm?q=%E4%B8%80%E5%8A%A0%20%E4%B8%80%E5%8A%A0%20Ace%206%2016GB%2B1024GB%20%E5%AE%98%E6%96%B9%E6%97%97%E8%88%B0%E5%BA%97,,,16GB+1024GB,,,中国大陆,,,,,,unknown,true,,,,pending
HIGH,,,三星,Samsung Galaxy A56 5G,8,256,8GB+256,jd,https://search.jd.com/Search?keyword=%E4%B8%89%E6%98%9F%20Samsung%20Galaxy%20A56%205G%208GB%2B256%20%E5%AE%98%E6%96%B9%E6%97%97%E8%88%B0%E5%BA%97,,,8GB+256,,,中国大陆,,,,,,unknown,true,,,,pending
HIGH,,,三星,Samsung Galaxy A56 5G,12,256,12GB+256,jd,https://search.jd.com/Search?keyword=%E4%B8%89%E6%98%9F%20Samsung%20Galaxy%20A56%205G%2012GB%2B256%20%E5%AE%98%E6%96%B9%E6%97%97%E8%88%B0%E5%BA%97,,,12GB+256,,,中国大陆,,,,,,unknown,true,,,,pending
HIGH,,,三星,Samsung Galaxy A56 5G,8,256,8GB+256,pdd,https://mobile.yangkeduo.com/search_result.html?search_key=%E4%B8%89%E6%98%9F%20Samsung%20Galaxy%20A56%205G%208GB%2B256%20%E5%AE%98%E6%96%B9%E6%97%97%E8%88%B0%E5%BA%97,,,8GB+256,,,中国大陆,,,,,,unknown,true,,,,pending
HIGH,,,三星,Samsung Galaxy A56 5G,12,256,12GB+256,pdd,https://mobile.yangkeduo.com/search_result.html?search_key=%E4%B8%89%E6%98%9F%20Samsung%20Galaxy%20A56%205G%2012GB%2B256%20%E5%AE%98%E6%96%B9%E6%97%97%E8%88%B0%E5%BA%97,,,12GB+256,,,中国大陆,,,,,,unknown,true,,,,pending
HIGH,,,三星,Samsung Galaxy A56 5G,8,256,8GB+256,tmall,https://list.tmall.com/search_product.htm?q=%E4%B8%89%E6%98%9F%20Samsung%20Galaxy%20A56%205G%208GB%2B256%20%E5%AE%98%E6%96%B9%E6%97%97%E8%88%B0%E5%BA%97,,,8GB+256,,,中国大陆,,,,,,unknown,true,,,,pending
HIGH,,,三星,Samsung Galaxy A56 5G,12,256,12GB+256,tmall,https://list.tmall.com/search_product.htm?q=%E4%B8%89%E6%98%9F%20Samsung%20Galaxy%20A56%205G%2012GB%2B256%20%E5%AE%98%E6%96%B9%E6%97%97%E8%88%B0%E5%BA%97,,,12GB+256,,,中国大陆,,,,,,unknown,true,,,,pending
HIGH,,,三星,Samsung Galaxy S25,12,256,12GB+256,jd,https://search.jd.com/Search?keyword=%E4%B8%89%E6%98%9F%20Samsung%20Galaxy%20S25%2012GB%2B256%20%E5%AE%98%E6%96%B9%E6%97%97%E8%88%B0%E5%BA%97,,,12GB+256,,,中国大陆,,,,,,unknown,true,,,,pending
HIGH,,,三星,Samsung Galaxy S25,12,256,12GB+256,pdd,https://mobile.yangkeduo.com/search_result.html?search_key=%E4%B8%89%E6%98%9F%20Samsung%20Galaxy%20S25%2012GB%2B256%20%E5%AE%98%E6%96%B9%E6%97%97%E8%88%B0%E5%BA%97,,,12GB+256,,,中国大陆,,,,,,unknown,true,,,,pending
HIGH,,,三星,Samsung Galaxy S25,12,256,12GB+256,tmall,https://list.tmall.com/search_product.htm?q=%E4%B8%89%E6%98%9F%20Samsung%20Galaxy%20S25%2012GB%2B256%20%E5%AE%98%E6%96%B9%E6%97%97%E8%88%B0%E5%BA%97,,,12GB+256,,,中国大陆,,,,,,unknown,true,,,,pending
HIGH,,,三星,Samsung Galaxy S25 Edge,12,256,12GB+256,jd,https://search.jd.com/Search?keyword=%E4%B8%89%E6%98%9F%20Samsung%20Galaxy%20S25%20Edge%2012GB%2B256%20%E5%AE%98%E6%96%B9%E6%97%97%E8%88%B0%E5%BA%97,,,12GB+256,,,中国大陆,,,,,,unknown,true,,,,pending
HIGH,,,三星,Samsung Galaxy S25 Edge,12,256,12GB+256,pdd,https://mobile.yangkeduo.com/search_result.html?search_key=%E4%B8%89%E6%98%9F%20Samsung%20Galaxy%20S25%20Edge%2012GB%2B256%20%E5%AE%98%E6%96%B9%E6%97%97%E8%88%B0%E5%BA%97,,,12GB+256,,,中国大陆,,,,,,unknown,true,,,,pending
HIGH,,,三星,Samsung Galaxy S25 Edge,12,256,12GB+256,tmall,https://list.tmall.com/search_product.htm?q=%E4%B8%89%E6%98%9F%20Samsung%20Galaxy%20S25%20Edge%2012GB%2B256%20%E5%AE%98%E6%96%B9%E6%97%97%E8%88%B0%E5%BA%97,,,12GB+256,,,中国大陆,,,,,,unknown,true,,,,pending
HIGH,,,三星,Samsung Galaxy S25 Edge,12,512,12GB+512,jd,https://search.jd.com/Search?keyword=%E4%B8%89%E6%98%9F%20Samsung%20Galaxy%20S25%20Edge%2012GB%2B512%20%E5%AE%98%E6%96%B9%E6%97%97%E8%88%B0%E5%BA%97,,,12GB+512,,,中国大陆,,,,,,unknown,true,,,,pending
HIGH,,,三星,Samsung Galaxy S25 Edge,12,512,12GB+512,pdd,https://mobile.yangkeduo.com/search_result.html?search_key=%E4%B8%89%E6%98%9F%20Samsung%20Galaxy%20S25%20Edge%2012GB%2B512%20%E5%AE%98%E6%96%B9%E6%97%97%E8%88%B0%E5%BA%97,,,12GB+512,,,中国大陆,,,,,,unknown,true,,,,pending
HIGH,,,三星,Samsung Galaxy S25 Edge,12,512,12GB+512,tmall,https://list.tmall.com/search_product.htm?q=%E4%B8%89%E6%98%9F%20Samsung%20Galaxy%20S25%20Edge%2012GB%2B512%20%E5%AE%98%E6%96%B9%E6%97%97%E8%88%B0%E5%BA%97,,,12GB+512,,,中国大陆,,,,,,unknown,true,,,,pending
HIGH,,,三星,Samsung Galaxy S25 Ultra,12,256,12GB+256,jd,https://search.jd.com/Search?keyword=%E4%B8%89%E6%98%9F%20Samsung%20Galaxy%20S25%20Ultra%2012GB%2B256%20%E5%AE%98%E6%96%B9%E6%97%97%E8%88%B0%E5%BA%97,,,12GB+256,,,中国大陆,,,,,,unknown,true,,,,pending
HIGH,,,三星,Samsung Galaxy S25 Ultra,12,256,12GB+256,pdd,https://mobile.yangkeduo.com/search_result.html?search_key=%E4%B8%89%E6%98%9F%20Samsung%20Galaxy%20S25%20Ultra%2012GB%2B256%20%E5%AE%98%E6%96%B9%E6%97%97%E8%88%B0%E5%BA%97,,,12GB+256,,,中国大陆,,,,,,unknown,true,,,,pending
HIGH,,,三星,Samsung Galaxy S25 Ultra,12,256,12GB+256,tmall,https://list.tmall.com/search_product.htm?q=%E4%B8%89%E6%98%9F%20Samsung%20Galaxy%20S25%20Ultra%2012GB%2B256%20%E5%AE%98%E6%96%B9%E6%97%97%E8%88%B0%E5%BA%97,,,12GB+256,,,中国大陆,,,,,,unknown,true,,,,pending
HIGH,,,三星,Samsung Galaxy S25 Ultra,16,1024,16GB+1TB,jd,https://search.jd.com/Search?keyword=%E4%B8%89%E6%98%9F%20Samsung%20Galaxy%20S25%20Ultra%2016GB%2B1TB%20%E5%AE%98%E6%96%B9%E6%97%97%E8%88%B0%E5%BA%97,,,16GB+1TB,,,中国大陆,,,,,,unknown,true,,,,pending
HIGH,,,三星,Samsung Galaxy S25 Ultra,16,1024,16GB+1TB,pdd,https://mobile.yangkeduo.com/search_result.html?search_key=%E4%B8%89%E6%98%9F%20Samsung%20Galaxy%20S25%20Ultra%2016GB%2B1TB%20%E5%AE%98%E6%96%B9%E6%97%97%E8%88%B0%E5%BA%97,,,16GB+1TB,,,中国大陆,,,,,,unknown,true,,,,pending
HIGH,,,三星,Samsung Galaxy S25 Ultra,16,1024,16GB+1TB,tmall,https://list.tmall.com/search_product.htm?q=%E4%B8%89%E6%98%9F%20Samsung%20Galaxy%20S25%20Ultra%2016GB%2B1TB%20%E5%AE%98%E6%96%B9%E6%97%97%E8%88%B0%E5%BA%97,,,16GB+1TB,,,中国大陆,,,,,,unknown,true,,,,pending
HIGH,,,三星,Samsung Galaxy S26,12,256,12GB+256,jd,https://search.jd.com/Search?keyword=%E4%B8%89%E6%98%9F%20Samsung%20Galaxy%20S26%2012GB%2B256%20%E5%AE%98%E6%96%B9%E6%97%97%E8%88%B0%E5%BA%97,,,12GB+256,,,中国大陆,,,,,,unknown,true,,,,pending
HIGH,,,三星,Samsung Galaxy S26,12,256,12GB+256,pdd,https://mobile.yangkeduo.com/search_result.html?search_key=%E4%B8%89%E6%98%9F%20Samsung%20Galaxy%20S26%2012GB%2B256%20%E5%AE%98%E6%96%B9%E6%97%97%E8%88%B0%E5%BA%97,,,12GB+256,,,中国大陆,,,,,,unknown,true,,,,pending
HIGH,,,三星,Samsung Galaxy S26,12,256,12GB+256,tmall,https://list.tmall.com/search_product.htm?q=%E4%B8%89%E6%98%9F%20Samsung%20Galaxy%20S26%2012GB%2B256%20%E5%AE%98%E6%96%B9%E6%97%97%E8%88%B0%E5%BA%97,,,12GB+256,,,中国大陆,,,,,,unknown,true,,,,pending
HIGH,,,三星,Samsung Galaxy S26,12,512,12GB+512,jd,https://search.jd.com/Search?keyword=%E4%B8%89%E6%98%9F%20Samsung%20Galaxy%20S26%2012GB%2B512%20%E5%AE%98%E6%96%B9%E6%97%97%E8%88%B0%E5%BA%97,,,12GB+512,,,中国大陆,,,,,,unknown,true,,,,pending
HIGH,,,三星,Samsung Galaxy S26,12,512,12GB+512,pdd,https://mobile.yangkeduo.com/search_result.html?search_key=%E4%B8%89%E6%98%9F%20Samsung%20Galaxy%20S26%2012GB%2B512%20%E5%AE%98%E6%96%B9%E6%97%97%E8%88%B0%E5%BA%97,,,12GB+512,,,中国大陆,,,,,,unknown,true,,,,pending
HIGH,,,三星,Samsung Galaxy S26,12,512,12GB+512,tmall,https://list.tmall.com/search_product.htm?q=%E4%B8%89%E6%98%9F%20Samsung%20Galaxy%20S26%2012GB%2B512%20%E5%AE%98%E6%96%B9%E6%97%97%E8%88%B0%E5%BA%97,,,12GB+512,,,中国大陆,,,,,,unknown,true,,,,pending
HIGH,,,三星,Samsung Galaxy S26,16,1024,16GB+1TB,jd,https://search.jd.com/Search?keyword=%E4%B8%89%E6%98%9F%20Samsung%20Galaxy%20S26%2016GB%2B1TB%20%E5%AE%98%E6%96%B9%E6%97%97%E8%88%B0%E5%BA%97,,,16GB+1TB,,,中国大陆,,,,,,unknown,true,,,,pending
HIGH,,,三星,Samsung Galaxy S26,16,1024,16GB+1TB,pdd,https://mobile.yangkeduo.com/search_result.html?search_key=%E4%B8%89%E6%98%9F%20Samsung%20Galaxy%20S26%2016GB%2B1TB%20%E5%AE%98%E6%96%B9%E6%97%97%E8%88%B0%E5%BA%97,,,16GB+1TB,,,中国大陆,,,,,,unknown,true,,,,pending
HIGH,,,三星,Samsung Galaxy S26,16,1024,16GB+1TB,tmall,https://list.tmall.com/search_product.htm?q=%E4%B8%89%E6%98%9F%20Samsung%20Galaxy%20S26%2016GB%2B1TB%20%E5%AE%98%E6%96%B9%E6%97%97%E8%88%B0%E5%BA%97,,,16GB+1TB,,,中国大陆,,,,,,unknown,true,,,,pending
HIGH,,,三星,Samsung Galaxy S26 Ultra,12,256,12GB+256,jd,https://search.jd.com/Search?keyword=%E4%B8%89%E6%98%9F%20Samsung%20Galaxy%20S26%20Ultra%2012GB%2B256%20%E5%AE%98%E6%96%B9%E6%97%97%E8%88%B0%E5%BA%97,,,12GB+256,,,中国大陆,,,,,,unknown,true,,,,pending
HIGH,,,三星,Samsung Galaxy S26 Ultra,12,256,12GB+256,pdd,https://mobile.yangkeduo.com/search_result.html?search_key=%E4%B8%89%E6%98%9F%20Samsung%20Galaxy%20S26%20Ultra%2012GB%2B256%20%E5%AE%98%E6%96%B9%E6%97%97%E8%88%B0%E5%BA%97,,,12GB+256,,,中国大陆,,,,,,unknown,true,,,,pending
HIGH,,,三星,Samsung Galaxy S26 Ultra,12,256,12GB+256,tmall,https://list.tmall.com/search_product.htm?q=%E4%B8%89%E6%98%9F%20Samsung%20Galaxy%20S26%20Ultra%2012GB%2B256%20%E5%AE%98%E6%96%B9%E6%97%97%E8%88%B0%E5%BA%97,,,12GB+256,,,中国大陆,,,,,,unknown,true,,,,pending
HIGH,,,三星,Samsung Galaxy S26 Ultra,12,512,12GB+512,jd,https://search.jd.com/Search?keyword=%E4%B8%89%E6%98%9F%20Samsung%20Galaxy%20S26%20Ultra%2012GB%2B512%20%E5%AE%98%E6%96%B9%E6%97%97%E8%88%B0%E5%BA%97,,,12GB+512,,,中国大陆,,,,,,unknown,true,,,,pending
HIGH,,,三星,Samsung Galaxy S26 Ultra,12,512,12GB+512,pdd,https://mobile.yangkeduo.com/search_result.html?search_key=%E4%B8%89%E6%98%9F%20Samsung%20Galaxy%20S26%20Ultra%2012GB%2B512%20%E5%AE%98%E6%96%B9%E6%97%97%E8%88%B0%E5%BA%97,,,12GB+512,,,中国大陆,,,,,,unknown,true,,,,pending
HIGH,,,三星,Samsung Galaxy S26 Ultra,12,512,12GB+512,tmall,https://list.tmall.com/search_product.htm?q=%E4%B8%89%E6%98%9F%20Samsung%20Galaxy%20S26%20Ultra%2012GB%2B512%20%E5%AE%98%E6%96%B9%E6%97%97%E8%88%B0%E5%BA%97,,,12GB+512,,,中国大陆,,,,,,unknown,true,,,,pending
HIGH,,,三星,Samsung Galaxy S26 Ultra,16,1024,16GB+1TB,jd,https://search.jd.com/Search?keyword=%E4%B8%89%E6%98%9F%20Samsung%20Galaxy%20S26%20Ultra%2016GB%2B1TB%20%E5%AE%98%E6%96%B9%E6%97%97%E8%88%B0%E5%BA%97,,,16GB+1TB,,,中国大陆,,,,,,unknown,true,,,,pending
HIGH,,,三星,Samsung Galaxy S26 Ultra,16,1024,16GB+1TB,pdd,https://mobile.yangkeduo.com/search_result.html?search_key=%E4%B8%89%E6%98%9F%20Samsung%20Galaxy%20S26%20Ultra%2016GB%2B1TB%20%E5%AE%98%E6%96%B9%E6%97%97%E8%88%B0%E5%BA%97,,,16GB+1TB,,,中国大陆,,,,,,unknown,true,,,,pending
HIGH,,,三星,Samsung Galaxy S26 Ultra,16,1024,16GB+1TB,tmall,https://list.tmall.com/search_product.htm?q=%E4%B8%89%E6%98%9F%20Samsung%20Galaxy%20S26%20Ultra%2016GB%2B1TB%20%E5%AE%98%E6%96%B9%E6%97%97%E8%88%B0%E5%BA%97,,,16GB+1TB,,,中国大陆,,,,,,unknown,true,,,,pending
HIGH,,,三星,Samsung Galaxy S26+,12,256,12GB+256,jd,https://search.jd.com/Search?keyword=%E4%B8%89%E6%98%9F%20Samsung%20Galaxy%20S26%2B%2012GB%2B256%20%E5%AE%98%E6%96%B9%E6%97%97%E8%88%B0%E5%BA%97,,,12GB+256,,,中国大陆,,,,,,unknown,true,,,,pending
HIGH,,,三星,Samsung Galaxy S26+,12,256,12GB+256,pdd,https://mobile.yangkeduo.com/search_result.html?search_key=%E4%B8%89%E6%98%9F%20Samsung%20Galaxy%20S26%2B%2012GB%2B256%20%E5%AE%98%E6%96%B9%E6%97%97%E8%88%B0%E5%BA%97,,,12GB+256,,,中国大陆,,,,,,unknown,true,,,,pending
HIGH,,,三星,Samsung Galaxy S26+,12,256,12GB+256,tmall,https://list.tmall.com/search_product.htm?q=%E4%B8%89%E6%98%9F%20Samsung%20Galaxy%20S26%2B%2012GB%2B256%20%E5%AE%98%E6%96%B9%E6%97%97%E8%88%B0%E5%BA%97,,,12GB+256,,,中国大陆,,,,,,unknown,true,,,,pending
HIGH,,,三星,Samsung Galaxy S26+,12,512,12GB+512,jd,https://search.jd.com/Search?keyword=%E4%B8%89%E6%98%9F%20Samsung%20Galaxy%20S26%2B%2012GB%2B512%20%E5%AE%98%E6%96%B9%E6%97%97%E8%88%B0%E5%BA%97,,,12GB+512,,,中国大陆,,,,,,unknown,true,,,,pending
HIGH,,,三星,Samsung Galaxy S26+,12,512,12GB+512,pdd,https://mobile.yangkeduo.com/search_result.html?search_key=%E4%B8%89%E6%98%9F%20Samsung%20Galaxy%20S26%2B%2012GB%2B512%20%E5%AE%98%E6%96%B9%E6%97%97%E8%88%B0%E5%BA%97,,,12GB+512,,,中国大陆,,,,,,unknown,true,,,,pending
HIGH,,,三星,Samsung Galaxy S26+,12,512,12GB+512,tmall,https://list.tmall.com/search_product.htm?q=%E4%B8%89%E6%98%9F%20Samsung%20Galaxy%20S26%2B%2012GB%2B512%20%E5%AE%98%E6%96%B9%E6%97%97%E8%88%B0%E5%BA%97,,,12GB+512,,,中国大陆,,,,,,unknown,true,,,,pending
HIGH,,,三星,Samsung Galaxy Z Flip7,12,256,12GB+256,jd,https://search.jd.com/Search?keyword=%E4%B8%89%E6%98%9F%20Samsung%20Galaxy%20Z%20Flip7%2012GB%2B256%20%E5%AE%98%E6%96%B9%E6%97%97%E8%88%B0%E5%BA%97,,,12GB+256,,,中国大陆,,,,,,unknown,true,,,,pending
HIGH,,,三星,Samsung Galaxy Z Flip7,12,256,12GB+256,pdd,https://mobile.yangkeduo.com/search_result.html?search_key=%E4%B8%89%E6%98%9F%20Samsung%20Galaxy%20Z%20Flip7%2012GB%2B256%20%E5%AE%98%E6%96%B9%E6%97%97%E8%88%B0%E5%BA%97,,,12GB+256,,,中国大陆,,,,,,unknown,true,,,,pending
HIGH,,,三星,Samsung Galaxy Z Flip7,12,256,12GB+256,tmall,https://list.tmall.com/search_product.htm?q=%E4%B8%89%E6%98%9F%20Samsung%20Galaxy%20Z%20Flip7%2012GB%2B256%20%E5%AE%98%E6%96%B9%E6%97%97%E8%88%B0%E5%BA%97,,,12GB+256,,,中国大陆,,,,,,unknown,true,,,,pending
HIGH,,,三星,Samsung Galaxy Z Flip7,12,512,12GB+512,jd,https://search.jd.com/Search?keyword=%E4%B8%89%E6%98%9F%20Samsung%20Galaxy%20Z%20Flip7%2012GB%2B512%20%E5%AE%98%E6%96%B9%E6%97%97%E8%88%B0%E5%BA%97,,,12GB+512,,,中国大陆,,,,,,unknown,true,,,,pending
HIGH,,,三星,Samsung Galaxy Z Flip7,12,512,12GB+512,pdd,https://mobile.yangkeduo.com/search_result.html?search_key=%E4%B8%89%E6%98%9F%20Samsung%20Galaxy%20Z%20Flip7%2012GB%2B512%20%E5%AE%98%E6%96%B9%E6%97%97%E8%88%B0%E5%BA%97,,,12GB+512,,,中国大陆,,,,,,unknown,true,,,,pending
HIGH,,,三星,Samsung Galaxy Z Flip7,12,512,12GB+512,tmall,https://list.tmall.com/search_product.htm?q=%E4%B8%89%E6%98%9F%20Samsung%20Galaxy%20Z%20Flip7%2012GB%2B512%20%E5%AE%98%E6%96%B9%E6%97%97%E8%88%B0%E5%BA%97,,,12GB+512,,,中国大陆,,,,,,unknown,true,,,,pending
HIGH,,,三星,Samsung Galaxy Z Flip8,12,256,12GB+256,jd,https://search.jd.com/Search?keyword=%E4%B8%89%E6%98%9F%20Samsung%20Galaxy%20Z%20Flip8%2012GB%2B256%20%E5%AE%98%E6%96%B9%E6%97%97%E8%88%B0%E5%BA%97,,,12GB+256,,,中国大陆,,,,,,unknown,true,,,,pending
HIGH,,,三星,Samsung Galaxy Z Flip8,12,256,12GB+256,pdd,https://mobile.yangkeduo.com/search_result.html?search_key=%E4%B8%89%E6%98%9F%20Samsung%20Galaxy%20Z%20Flip8%2012GB%2B256%20%E5%AE%98%E6%96%B9%E6%97%97%E8%88%B0%E5%BA%97,,,12GB+256,,,中国大陆,,,,,,unknown,true,,,,pending
HIGH,,,三星,Samsung Galaxy Z Flip8,12,256,12GB+256,tmall,https://list.tmall.com/search_product.htm?q=%E4%B8%89%E6%98%9F%20Samsung%20Galaxy%20Z%20Flip8%2012GB%2B256%20%E5%AE%98%E6%96%B9%E6%97%97%E8%88%B0%E5%BA%97,,,12GB+256,,,中国大陆,,,,,,unknown,true,,,,pending
HIGH,,,三星,Samsung Galaxy Z Flip8,12,512,12GB+512,jd,https://search.jd.com/Search?keyword=%E4%B8%89%E6%98%9F%20Samsung%20Galaxy%20Z%20Flip8%2012GB%2B512%20%E5%AE%98%E6%96%B9%E6%97%97%E8%88%B0%E5%BA%97,,,12GB+512,,,中国大陆,,,,,,unknown,true,,,,pending
HIGH,,,三星,Samsung Galaxy Z Flip8,12,512,12GB+512,pdd,https://mobile.yangkeduo.com/search_result.html?search_key=%E4%B8%89%E6%98%9F%20Samsung%20Galaxy%20Z%20Flip8%2012GB%2B512%20%E5%AE%98%E6%96%B9%E6%97%97%E8%88%B0%E5%BA%97,,,12GB+512,,,中国大陆,,,,,,unknown,true,,,,pending
HIGH,,,三星,Samsung Galaxy Z Flip8,12,512,12GB+512,tmall,https://list.tmall.com/search_product.htm?q=%E4%B8%89%E6%98%9F%20Samsung%20Galaxy%20Z%20Flip8%2012GB%2B512%20%E5%AE%98%E6%96%B9%E6%97%97%E8%88%B0%E5%BA%97,,,12GB+512,,,中国大陆,,,,,,unknown,true,,,,pending
HIGH,,,三星,Samsung Galaxy Z Fold7,12,256,12GB+256,jd,https://search.jd.com/Search?keyword=%E4%B8%89%E6%98%9F%20Samsung%20Galaxy%20Z%20Fold7%2012GB%2B256%20%E5%AE%98%E6%96%B9%E6%97%97%E8%88%B0%E5%BA%97,,,12GB+256,,,中国大陆,,,,,,unknown,true,,,,pending
HIGH,,,三星,Samsung Galaxy Z Fold7,12,256,12GB+256,pdd,https://mobile.yangkeduo.com/search_result.html?search_key=%E4%B8%89%E6%98%9F%20Samsung%20Galaxy%20Z%20Fold7%2012GB%2B256%20%E5%AE%98%E6%96%B9%E6%97%97%E8%88%B0%E5%BA%97,,,12GB+256,,,中国大陆,,,,,,unknown,true,,,,pending
HIGH,,,三星,Samsung Galaxy Z Fold7,12,256,12GB+256,tmall,https://list.tmall.com/search_product.htm?q=%E4%B8%89%E6%98%9F%20Samsung%20Galaxy%20Z%20Fold7%2012GB%2B256%20%E5%AE%98%E6%96%B9%E6%97%97%E8%88%B0%E5%BA%97,,,12GB+256,,,中国大陆,,,,,,unknown,true,,,,pending
HIGH,,,三星,Samsung Galaxy Z Fold7,12,512,12GB+512,jd,https://search.jd.com/Search?keyword=%E4%B8%89%E6%98%9F%20Samsung%20Galaxy%20Z%20Fold7%2012GB%2B512%20%E5%AE%98%E6%96%B9%E6%97%97%E8%88%B0%E5%BA%97,,,12GB+512,,,中国大陆,,,,,,unknown,true,,,,pending
HIGH,,,三星,Samsung Galaxy Z Fold7,12,512,12GB+512,pdd,https://mobile.yangkeduo.com/search_result.html?search_key=%E4%B8%89%E6%98%9F%20Samsung%20Galaxy%20Z%20Fold7%2012GB%2B512%20%E5%AE%98%E6%96%B9%E6%97%97%E8%88%B0%E5%BA%97,,,12GB+512,,,中国大陆,,,,,,unknown,true,,,,pending
HIGH,,,三星,Samsung Galaxy Z Fold7,12,512,12GB+512,tmall,https://list.tmall.com/search_product.htm?q=%E4%B8%89%E6%98%9F%20Samsung%20Galaxy%20Z%20Fold7%2012GB%2B512%20%E5%AE%98%E6%96%B9%E6%97%97%E8%88%B0%E5%BA%97,,,12GB+512,,,中国大陆,,,,,,unknown,true,,,,pending
HIGH,,,三星,Samsung Galaxy Z Fold7,16,1024,16GB+1TB,jd,https://search.jd.com/Search?keyword=%E4%B8%89%E6%98%9F%20Samsung%20Galaxy%20Z%20Fold7%2016GB%2B1TB%20%E5%AE%98%E6%96%B9%E6%97%97%E8%88%B0%E5%BA%97,,,16GB+1TB,,,中国大陆,,,,,,unknown,true,,,,pending
HIGH,,,三星,Samsung Galaxy Z Fold7,16,1024,16GB+1TB,pdd,https://mobile.yangkeduo.com/search_result.html?search_key=%E4%B8%89%E6%98%9F%20Samsung%20Galaxy%20Z%20Fold7%2016GB%2B1TB%20%E5%AE%98%E6%96%B9%E6%97%97%E8%88%B0%E5%BA%97,,,16GB+1TB,,,中国大陆,,,,,,unknown,true,,,,pending
HIGH,,,三星,Samsung Galaxy Z Fold7,16,1024,16GB+1TB,tmall,https://list.tmall.com/search_product.htm?q=%E4%B8%89%E6%98%9F%20Samsung%20Galaxy%20Z%20Fold7%2016GB%2B1TB%20%E5%AE%98%E6%96%B9%E6%97%97%E8%88%B0%E5%BA%97,,,16GB+1TB,,,中国大陆,,,,,,unknown,true,,,,pending
HIGH,,,三星,Samsung Galaxy Z Fold8,12,256,12GB+256,jd,https://search.jd.com/Search?keyword=%E4%B8%89%E6%98%9F%20Samsung%20Galaxy%20Z%20Fold8%2012GB%2B256%20%E5%AE%98%E6%96%B9%E6%97%97%E8%88%B0%E5%BA%97,,,12GB+256,,,中国大陆,,,,,,unknown,true,,,,pending
HIGH,,,三星,Samsung Galaxy Z Fold8,12,256,12GB+256,pdd,https://mobile.yangkeduo.com/search_result.html?search_key=%E4%B8%89%E6%98%9F%20Samsung%20Galaxy%20Z%20Fold8%2012GB%2B256%20%E5%AE%98%E6%96%B9%E6%97%97%E8%88%B0%E5%BA%97,,,12GB+256,,,中国大陆,,,,,,unknown,true,,,,pending
HIGH,,,三星,Samsung Galaxy Z Fold8,12,256,12GB+256,tmall,https://list.tmall.com/search_product.htm?q=%E4%B8%89%E6%98%9F%20Samsung%20Galaxy%20Z%20Fold8%2012GB%2B256%20%E5%AE%98%E6%96%B9%E6%97%97%E8%88%B0%E5%BA%97,,,12GB+256,,,中国大陆,,,,,,unknown,true,,,,pending
HIGH,,,三星,Samsung Galaxy Z Fold8,12,512,12GB+512,jd,https://search.jd.com/Search?keyword=%E4%B8%89%E6%98%9F%20Samsung%20Galaxy%20Z%20Fold8%2012GB%2B512%20%E5%AE%98%E6%96%B9%E6%97%97%E8%88%B0%E5%BA%97,,,12GB+512,,,中国大陆,,,,,,unknown,true,,,,pending
HIGH,,,三星,Samsung Galaxy Z Fold8,12,512,12GB+512,pdd,https://mobile.yangkeduo.com/search_result.html?search_key=%E4%B8%89%E6%98%9F%20Samsung%20Galaxy%20Z%20Fold8%2012GB%2B512%20%E5%AE%98%E6%96%B9%E6%97%97%E8%88%B0%E5%BA%97,,,12GB+512,,,中国大陆,,,,,,unknown,true,,,,pending
HIGH,,,三星,Samsung Galaxy Z Fold8,12,512,12GB+512,tmall,https://list.tmall.com/search_product.htm?q=%E4%B8%89%E6%98%9F%20Samsung%20Galaxy%20Z%20Fold8%2012GB%2B512%20%E5%AE%98%E6%96%B9%E6%97%97%E8%88%B0%E5%BA%97,,,12GB+512,,,中国大陆,,,,,,unknown,true,,,,pending
HIGH,,,三星,Samsung Galaxy Z Fold8,16,1024,16GB+1TB,jd,https://search.jd.com/Search?keyword=%E4%B8%89%E6%98%9F%20Samsung%20Galaxy%20Z%20Fold8%2016GB%2B1TB%20%E5%AE%98%E6%96%B9%E6%97%97%E8%88%B0%E5%BA%97,,,16GB+1TB,,,中国大陆,,,,,,unknown,true,,,,pending
HIGH,,,三星,Samsung Galaxy Z Fold8,16,1024,16GB+1TB,pdd,https://mobile.yangkeduo.com/search_result.html?search_key=%E4%B8%89%E6%98%9F%20Samsung%20Galaxy%20Z%20Fold8%2016GB%2B1TB%20%E5%AE%98%E6%96%B9%E6%97%97%E8%88%B0%E5%BA%97,,,16GB+1TB,,,中国大陆,,,,,,unknown,true,,,,pending
HIGH,,,三星,Samsung Galaxy Z Fold8,16,1024,16GB+1TB,tmall,https://list.tmall.com/search_product.htm?q=%E4%B8%89%E6%98%9F%20Samsung%20Galaxy%20Z%20Fold8%2016GB%2B1TB%20%E5%AE%98%E6%96%B9%E6%97%97%E8%88%B0%E5%BA%97,,,16GB+1TB,,,中国大陆,,,,,,unknown,true,,,,pending
HIGH,,,三星,Samsung Galaxy Z Fold8 Ultra,12,256,12GB+256,jd,https://search.jd.com/Search?keyword=%E4%B8%89%E6%98%9F%20Samsung%20Galaxy%20Z%20Fold8%20Ultra%2012GB%2B256%20%E5%AE%98%E6%96%B9%E6%97%97%E8%88%B0%E5%BA%97,,,12GB+256,,,中国大陆,,,,,,unknown,true,,,,pending
HIGH,,,三星,Samsung Galaxy Z Fold8 Ultra,12,256,12GB+256,pdd,https://mobile.yangkeduo.com/search_result.html?search_key=%E4%B8%89%E6%98%9F%20Samsung%20Galaxy%20Z%20Fold8%20Ultra%2012GB%2B256%20%E5%AE%98%E6%96%B9%E6%97%97%E8%88%B0%E5%BA%97,,,12GB+256,,,中国大陆,,,,,,unknown,true,,,,pending
HIGH,,,三星,Samsung Galaxy Z Fold8 Ultra,12,256,12GB+256,tmall,https://list.tmall.com/search_product.htm?q=%E4%B8%89%E6%98%9F%20Samsung%20Galaxy%20Z%20Fold8%20Ultra%2012GB%2B256%20%E5%AE%98%E6%96%B9%E6%97%97%E8%88%B0%E5%BA%97,,,12GB+256,,,中国大陆,,,,,,unknown,true,,,,pending
HIGH,,,三星,Samsung Galaxy Z Fold8 Ultra,12,512,12GB+512,jd,https://search.jd.com/Search?keyword=%E4%B8%89%E6%98%9F%20Samsung%20Galaxy%20Z%20Fold8%20Ultra%2012GB%2B512%20%E5%AE%98%E6%96%B9%E6%97%97%E8%88%B0%E5%BA%97,,,12GB+512,,,中国大陆,,,,,,unknown,true,,,,pending
HIGH,,,三星,Samsung Galaxy Z Fold8 Ultra,12,512,12GB+512,pdd,https://mobile.yangkeduo.com/search_result.html?search_key=%E4%B8%89%E6%98%9F%20Samsung%20Galaxy%20Z%20Fold8%20Ultra%2012GB%2B512%20%E5%AE%98%E6%96%B9%E6%97%97%E8%88%B0%E5%BA%97,,,12GB+512,,,中国大陆,,,,,,unknown,true,,,,pending
HIGH,,,三星,Samsung Galaxy Z Fold8 Ultra,12,512,12GB+512,tmall,https://list.tmall.com/search_product.htm?q=%E4%B8%89%E6%98%9F%20Samsung%20Galaxy%20Z%20Fold8%20Ultra%2012GB%2B512%20%E5%AE%98%E6%96%B9%E6%97%97%E8%88%B0%E5%BA%97,,,12GB+512,,,中国大陆,,,,,,unknown,true,,,,pending
HIGH,,,三星,Samsung Galaxy Z Fold8 Ultra,16,1024,16GB+1TB,jd,https://search.jd.com/Search?keyword=%E4%B8%89%E6%98%9F%20Samsung%20Galaxy%20Z%20Fold8%20Ultra%2016GB%2B1TB%20%E5%AE%98%E6%96%B9%E6%97%97%E8%88%B0%E5%BA%97,,,16GB+1TB,,,中国大陆,,,,,,unknown,true,,,,pending
HIGH,,,三星,Samsung Galaxy Z Fold8 Ultra,16,1024,16GB+1TB,pdd,https://mobile.yangkeduo.com/search_result.html?search_key=%E4%B8%89%E6%98%9F%20Samsung%20Galaxy%20Z%20Fold8%20Ultra%2016GB%2B1TB%20%E5%AE%98%E6%96%B9%E6%97%97%E8%88%B0%E5%BA%97,,,16GB+1TB,,,中国大陆,,,,,,unknown,true,,,,pending
HIGH,,,三星,Samsung Galaxy Z Fold8 Ultra,16,1024,16GB+1TB,tmall,https://list.tmall.com/search_product.htm?q=%E4%B8%89%E6%98%9F%20Samsung%20Galaxy%20Z%20Fold8%20Ultra%2016GB%2B1TB%20%E5%AE%98%E6%96%B9%E6%97%97%E8%88%B0%E5%BA%97,,,16GB+1TB,,,中国大陆,,,,,,unknown,true,,,,pending
HIGH,,,华为,HUAWEI Mate 70 Pro,,256,256,jd,https://search.jd.com/Search?keyword=%E5%8D%8E%E4%B8%BA%20HUAWEI%20Mate%2070%20Pro%20256%20%E5%AE%98%E6%96%B9%E6%97%97%E8%88%B0%E5%BA%97,,,256,,,中国大陆,,,,,,unknown,true,,,,pending
HIGH,,,华为,HUAWEI Mate 70 Pro,,256,256,pdd,https://mobile.yangkeduo.com/search_result.html?search_key=%E5%8D%8E%E4%B8%BA%20HUAWEI%20Mate%2070%20Pro%20256%20%E5%AE%98%E6%96%B9%E6%97%97%E8%88%B0%E5%BA%97,,,256,,,中国大陆,,,,,,unknown,true,,,,pending
HIGH,,,华为,HUAWEI Mate 70 Pro,,256,256,tmall,https://list.tmall.com/search_product.htm?q=%E5%8D%8E%E4%B8%BA%20HUAWEI%20Mate%2070%20Pro%20256%20%E5%AE%98%E6%96%B9%E6%97%97%E8%88%B0%E5%BA%97,,,256,,,中国大陆,,,,,,unknown,true,,,,pending
HIGH,,,华为,HUAWEI Mate 70 Pro,,512,512,jd,https://search.jd.com/Search?keyword=%E5%8D%8E%E4%B8%BA%20HUAWEI%20Mate%2070%20Pro%20512%20%E5%AE%98%E6%96%B9%E6%97%97%E8%88%B0%E5%BA%97,,,512,,,中国大陆,,,,,,unknown,true,,,,pending
HIGH,,,华为,HUAWEI Mate 70 Pro,,512,512,pdd,https://mobile.yangkeduo.com/search_result.html?search_key=%E5%8D%8E%E4%B8%BA%20HUAWEI%20Mate%2070%20Pro%20512%20%E5%AE%98%E6%96%B9%E6%97%97%E8%88%B0%E5%BA%97,,,512,,,中国大陆,,,,,,unknown,true,,,,pending
HIGH,,,华为,HUAWEI Mate 70 Pro,,512,512,tmall,https://list.tmall.com/search_product.htm?q=%E5%8D%8E%E4%B8%BA%20HUAWEI%20Mate%2070%20Pro%20512%20%E5%AE%98%E6%96%B9%E6%97%97%E8%88%B0%E5%BA%97,,,512,,,中国大陆,,,,,,unknown,true,,,,pending
HIGH,,,华为,HUAWEI Mate 70 Pro,,1024,1TB,jd,https://search.jd.com/Search?keyword=%E5%8D%8E%E4%B8%BA%20HUAWEI%20Mate%2070%20Pro%201TB%20%E5%AE%98%E6%96%B9%E6%97%97%E8%88%B0%E5%BA%97,,,1TB,,,中国大陆,,,,,,unknown,true,,,,pending
HIGH,,,华为,HUAWEI Mate 70 Pro,,1024,1TB,pdd,https://mobile.yangkeduo.com/search_result.html?search_key=%E5%8D%8E%E4%B8%BA%20HUAWEI%20Mate%2070%20Pro%201TB%20%E5%AE%98%E6%96%B9%E6%97%97%E8%88%B0%E5%BA%97,,,1TB,,,中国大陆,,,,,,unknown,true,,,,pending
HIGH,,,华为,HUAWEI Mate 70 Pro,,1024,1TB,tmall,https://list.tmall.com/search_product.htm?q=%E5%8D%8E%E4%B8%BA%20HUAWEI%20Mate%2070%20Pro%201TB%20%E5%AE%98%E6%96%B9%E6%97%97%E8%88%B0%E5%BA%97,,,1TB,,,中国大陆,,,,,,unknown,true,,,,pending
HIGH,,,华为,HUAWEI Mate 70 Pro+,,512,512,jd,https://search.jd.com/Search?keyword=%E5%8D%8E%E4%B8%BA%20HUAWEI%20Mate%2070%20Pro%2B%20512%20%E5%AE%98%E6%96%B9%E6%97%97%E8%88%B0%E5%BA%97,,,512,,,中国大陆,,,,,,unknown,true,,,,pending
HIGH,,,华为,HUAWEI Mate 70 Pro+,,512,512,pdd,https://mobile.yangkeduo.com/search_result.html?search_key=%E5%8D%8E%E4%B8%BA%20HUAWEI%20Mate%2070%20Pro%2B%20512%20%E5%AE%98%E6%96%B9%E6%97%97%E8%88%B0%E5%BA%97,,,512,,,中国大陆,,,,,,unknown,true,,,,pending
HIGH,,,华为,HUAWEI Mate 70 Pro+,,512,512,tmall,https://list.tmall.com/search_product.htm?q=%E5%8D%8E%E4%B8%BA%20HUAWEI%20Mate%2070%20Pro%2B%20512%20%E5%AE%98%E6%96%B9%E6%97%97%E8%88%B0%E5%BA%97,,,512,,,中国大陆,,,,,,unknown,true,,,,pending
HIGH,,,华为,HUAWEI Mate 70 Pro+,,1024,1TB,jd,https://search.jd.com/Search?keyword=%E5%8D%8E%E4%B8%BA%20HUAWEI%20Mate%2070%20Pro%2B%201TB%20%E5%AE%98%E6%96%B9%E6%97%97%E8%88%B0%E5%BA%97,,,1TB,,,中国大陆,,,,,,unknown,true,,,,pending
HIGH,,,华为,HUAWEI Mate 70 Pro+,,1024,1TB,pdd,https://mobile.yangkeduo.com/search_result.html?search_key=%E5%8D%8E%E4%B8%BA%20HUAWEI%20Mate%2070%20Pro%2B%201TB%20%E5%AE%98%E6%96%B9%E6%97%97%E8%88%B0%E5%BA%97,,,1TB,,,中国大陆,,,,,,unknown,true,,,,pending
HIGH,,,华为,HUAWEI Mate 70 Pro+,,1024,1TB,tmall,https://list.tmall.com/search_product.htm?q=%E5%8D%8E%E4%B8%BA%20HUAWEI%20Mate%2070%20Pro%2B%201TB%20%E5%AE%98%E6%96%B9%E6%97%97%E8%88%B0%E5%BA%97,,,1TB,,,中国大陆,,,,,,unknown,true,,,,pending
HIGH,,,华为,HUAWEI Mate 70 RS 非凡大师,,512,512,jd,https://search.jd.com/Search?keyword=%E5%8D%8E%E4%B8%BA%20HUAWEI%20Mate%2070%20RS%20%E9%9D%9E%E5%87%A1%E5%A4%A7%E5%B8%88%20512%20%E5%AE%98%E6%96%B9%E6%97%97%E8%88%B0%E5%BA%97,,,512,,,中国大陆,,,,,,unknown,true,,,,pending
HIGH,,,华为,HUAWEI Mate 70 RS 非凡大师,,512,512,pdd,https://mobile.yangkeduo.com/search_result.html?search_key=%E5%8D%8E%E4%B8%BA%20HUAWEI%20Mate%2070%20RS%20%E9%9D%9E%E5%87%A1%E5%A4%A7%E5%B8%88%20512%20%E5%AE%98%E6%96%B9%E6%97%97%E8%88%B0%E5%BA%97,,,512,,,中国大陆,,,,,,unknown,true,,,,pending
HIGH,,,华为,HUAWEI Mate 70 RS 非凡大师,,512,512,tmall,https://list.tmall.com/search_product.htm?q=%E5%8D%8E%E4%B8%BA%20HUAWEI%20Mate%2070%20RS%20%E9%9D%9E%E5%87%A1%E5%A4%A7%E5%B8%88%20512%20%E5%AE%98%E6%96%B9%E6%97%97%E8%88%B0%E5%BA%97,,,512,,,中国大陆,,,,,,unknown,true,,,,pending
HIGH,,,华为,HUAWEI Mate 70 RS 非凡大师,,1024,1TB,jd,https://search.jd.com/Search?keyword=%E5%8D%8E%E4%B8%BA%20HUAWEI%20Mate%2070%20RS%20%E9%9D%9E%E5%87%A1%E5%A4%A7%E5%B8%88%201TB%20%E5%AE%98%E6%96%B9%E6%97%97%E8%88%B0%E5%BA%97,,,1TB,,,中国大陆,,,,,,unknown,true,,,,pending
HIGH,,,华为,HUAWEI Mate 70 RS 非凡大师,,1024,1TB,pdd,https://mobile.yangkeduo.com/search_result.html?search_key=%E5%8D%8E%E4%B8%BA%20HUAWEI%20Mate%2070%20RS%20%E9%9D%9E%E5%87%A1%E5%A4%A7%E5%B8%88%201TB%20%E5%AE%98%E6%96%B9%E6%97%97%E8%88%B0%E5%BA%97,,,1TB,,,中国大陆,,,,,,unknown,true,,,,pending
HIGH,,,华为,HUAWEI Mate 70 RS 非凡大师,,1024,1TB,tmall,https://list.tmall.com/search_product.htm?q=%E5%8D%8E%E4%B8%BA%20HUAWEI%20Mate%2070%20RS%20%E9%9D%9E%E5%87%A1%E5%A4%A7%E5%B8%88%201TB%20%E5%AE%98%E6%96%B9%E6%97%97%E8%88%B0%E5%BA%97,,,1TB,,,中国大陆,,,,,,unknown,true,,,,pending
HIGH,,,华为,HUAWEI Mate X6,12,256,12GB+256,jd,https://search.jd.com/Search?keyword=%E5%8D%8E%E4%B8%BA%20HUAWEI%20Mate%20X6%2012GB%2B256%20%E5%AE%98%E6%96%B9%E6%97%97%E8%88%B0%E5%BA%97,,,12GB+256,,,中国大陆,,,,,,unknown,true,,,,pending
HIGH,,,华为,HUAWEI Mate X6,12,256,12GB+256,pdd,https://mobile.yangkeduo.com/search_result.html?search_key=%E5%8D%8E%E4%B8%BA%20HUAWEI%20Mate%20X6%2012GB%2B256%20%E5%AE%98%E6%96%B9%E6%97%97%E8%88%B0%E5%BA%97,,,12GB+256,,,中国大陆,,,,,,unknown,true,,,,pending
HIGH,,,华为,HUAWEI Mate X6,12,256,12GB+256,tmall,https://list.tmall.com/search_product.htm?q=%E5%8D%8E%E4%B8%BA%20HUAWEI%20Mate%20X6%2012GB%2B256%20%E5%AE%98%E6%96%B9%E6%97%97%E8%88%B0%E5%BA%97,,,12GB+256,,,中国大陆,,,,,,unknown,true,,,,pending
HIGH,,,华为,HUAWEI Mate X6,12,512,12GB+512,jd,https://search.jd.com/Search?keyword=%E5%8D%8E%E4%B8%BA%20HUAWEI%20Mate%20X6%2012GB%2B512%20%E5%AE%98%E6%96%B9%E6%97%97%E8%88%B0%E5%BA%97,,,12GB+512,,,中国大陆,,,,,,unknown,true,,,,pending
HIGH,,,华为,HUAWEI Mate X6,16,512,16GB+512,jd,https://search.jd.com/Search?keyword=%E5%8D%8E%E4%B8%BA%20HUAWEI%20Mate%20X6%2016GB%2B512%20%E5%AE%98%E6%96%B9%E6%97%97%E8%88%B0%E5%BA%97,,,16GB+512,,,中国大陆,,,,,,unknown,true,,,,pending
HIGH,,,华为,HUAWEI Mate X6,12,512,12GB+512,pdd,https://mobile.yangkeduo.com/search_result.html?search_key=%E5%8D%8E%E4%B8%BA%20HUAWEI%20Mate%20X6%2012GB%2B512%20%E5%AE%98%E6%96%B9%E6%97%97%E8%88%B0%E5%BA%97,,,12GB+512,,,中国大陆,,,,,,unknown,true,,,,pending
HIGH,,,华为,HUAWEI Mate X6,16,512,16GB+512,pdd,https://mobile.yangkeduo.com/search_result.html?search_key=%E5%8D%8E%E4%B8%BA%20HUAWEI%20Mate%20X6%2016GB%2B512%20%E5%AE%98%E6%96%B9%E6%97%97%E8%88%B0%E5%BA%97,,,16GB+512,,,中国大陆,,,,,,unknown,true,,,,pending
HIGH,,,华为,HUAWEI Mate X6,12,512,12GB+512,tmall,https://list.tmall.com/search_product.htm?q=%E5%8D%8E%E4%B8%BA%20HUAWEI%20Mate%20X6%2012GB%2B512%20%E5%AE%98%E6%96%B9%E6%97%97%E8%88%B0%E5%BA%97,,,12GB+512,,,中国大陆,,,,,,unknown,true,,,,pending
HIGH,,,华为,HUAWEI Mate X6,16,512,16GB+512,tmall,https://list.tmall.com/search_product.htm?q=%E5%8D%8E%E4%B8%BA%20HUAWEI%20Mate%20X6%2016GB%2B512%20%E5%AE%98%E6%96%B9%E6%97%97%E8%88%B0%E5%BA%97,,,16GB+512,,,中国大陆,,,,,,unknown,true,,,,pending
HIGH,,,华为,HUAWEI Mate X6,16,1024,16GB+1TB,jd,https://search.jd.com/Search?keyword=%E5%8D%8E%E4%B8%BA%20HUAWEI%20Mate%20X6%2016GB%2B1TB%20%E5%AE%98%E6%96%B9%E6%97%97%E8%88%B0%E5%BA%97,,,16GB+1TB,,,中国大陆,,,,,,unknown,true,,,,pending
HIGH,,,华为,HUAWEI Mate X6,16,1024,16GB+1TB,pdd,https://mobile.yangkeduo.com/search_result.html?search_key=%E5%8D%8E%E4%B8%BA%20HUAWEI%20Mate%20X6%2016GB%2B1TB%20%E5%AE%98%E6%96%B9%E6%97%97%E8%88%B0%E5%BA%97,,,16GB+1TB,,,中国大陆,,,,,,unknown,true,,,,pending
HIGH,,,华为,HUAWEI Mate X6,16,1024,16GB+1TB,tmall,https://list.tmall.com/search_product.htm?q=%E5%8D%8E%E4%B8%BA%20HUAWEI%20Mate%20X6%2016GB%2B1TB%20%E5%AE%98%E6%96%B9%E6%97%97%E8%88%B0%E5%BA%97,,,16GB+1TB,,,中国大陆,,,,,,unknown,true,,,,pending
HIGH,,,华为,HUAWEI Mate XT 非凡大师,,256,256,jd,https://search.jd.com/Search?keyword=%E5%8D%8E%E4%B8%BA%20HUAWEI%20Mate%20XT%20%E9%9D%9E%E5%87%A1%E5%A4%A7%E5%B8%88%20256%20%E5%AE%98%E6%96%B9%E6%97%97%E8%88%B0%E5%BA%97,,,256,,,中国大陆,,,,,,unknown,true,,,,pending
HIGH,,,华为,HUAWEI Mate XT 非凡大师,,256,256,pdd,https://mobile.yangkeduo.com/search_result.html?search_key=%E5%8D%8E%E4%B8%BA%20HUAWEI%20Mate%20XT%20%E9%9D%9E%E5%87%A1%E5%A4%A7%E5%B8%88%20256%20%E5%AE%98%E6%96%B9%E6%97%97%E8%88%B0%E5%BA%97,,,256,,,中国大陆,,,,,,unknown,true,,,,pending
HIGH,,,华为,HUAWEI Mate XT 非凡大师,,256,256,tmall,https://list.tmall.com/search_product.htm?q=%E5%8D%8E%E4%B8%BA%20HUAWEI%20Mate%20XT%20%E9%9D%9E%E5%87%A1%E5%A4%A7%E5%B8%88%20256%20%E5%AE%98%E6%96%B9%E6%97%97%E8%88%B0%E5%BA%97,,,256,,,中国大陆,,,,,,unknown,true,,,,pending
HIGH,,,华为,HUAWEI Mate XT 非凡大师,,512,512,jd,https://search.jd.com/Search?keyword=%E5%8D%8E%E4%B8%BA%20HUAWEI%20Mate%20XT%20%E9%9D%9E%E5%87%A1%E5%A4%A7%E5%B8%88%20512%20%E5%AE%98%E6%96%B9%E6%97%97%E8%88%B0%E5%BA%97,,,512,,,中国大陆,,,,,,unknown,true,,,,pending
HIGH,,,华为,HUAWEI Mate XT 非凡大师,,512,512,pdd,https://mobile.yangkeduo.com/search_result.html?search_key=%E5%8D%8E%E4%B8%BA%20HUAWEI%20Mate%20XT%20%E9%9D%9E%E5%87%A1%E5%A4%A7%E5%B8%88%20512%20%E5%AE%98%E6%96%B9%E6%97%97%E8%88%B0%E5%BA%97,,,512,,,中国大陆,,,,,,unknown,true,,,,pending
HIGH,,,华为,HUAWEI Mate XT 非凡大师,,512,512,tmall,https://list.tmall.com/search_product.htm?q=%E5%8D%8E%E4%B8%BA%20HUAWEI%20Mate%20XT%20%E9%9D%9E%E5%87%A1%E5%A4%A7%E5%B8%88%20512%20%E5%AE%98%E6%96%B9%E6%97%97%E8%88%B0%E5%BA%97,,,512,,,中国大陆,,,,,,unknown,true,,,,pending
HIGH,,,华为,HUAWEI Mate XT 非凡大师,,1024,1TB,jd,https://search.jd.com/Search?keyword=%E5%8D%8E%E4%B8%BA%20HUAWEI%20Mate%20XT%20%E9%9D%9E%E5%87%A1%E5%A4%A7%E5%B8%88%201TB%20%E5%AE%98%E6%96%B9%E6%97%97%E8%88%B0%E5%BA%97,,,1TB,,,中国大陆,,,,,,unknown,true,,,,pending
HIGH,,,华为,HUAWEI Mate XT 非凡大师,,1024,1TB,pdd,https://mobile.yangkeduo.com/search_result.html?search_key=%E5%8D%8E%E4%B8%BA%20HUAWEI%20Mate%20XT%20%E9%9D%9E%E5%87%A1%E5%A4%A7%E5%B8%88%201TB%20%E5%AE%98%E6%96%B9%E6%97%97%E8%88%B0%E5%BA%97,,,1TB,,,中国大陆,,,,,,unknown,true,,,,pending
HIGH,,,华为,HUAWEI Mate XT 非凡大师,,1024,1TB,tmall,https://list.tmall.com/search_product.htm?q=%E5%8D%8E%E4%B8%BA%20HUAWEI%20Mate%20XT%20%E9%9D%9E%E5%87%A1%E5%A4%A7%E5%B8%88%201TB%20%E5%AE%98%E6%96%B9%E6%97%97%E8%88%B0%E5%BA%97,,,1TB,,,中国大陆,,,,,,unknown,true,,,,pending
HIGH,,,华为,HUAWEI Pura 80,,256,256,jd,https://search.jd.com/Search?keyword=%E5%8D%8E%E4%B8%BA%20HUAWEI%20Pura%2080%20256%20%E5%AE%98%E6%96%B9%E6%97%97%E8%88%B0%E5%BA%97,,,256,,,中国大陆,,,,,,unknown,true,,,,pending
HIGH,,,华为,HUAWEI Pura 80,,256,256,pdd,https://mobile.yangkeduo.com/search_result.html?search_key=%E5%8D%8E%E4%B8%BA%20HUAWEI%20Pura%2080%20256%20%E5%AE%98%E6%96%B9%E6%97%97%E8%88%B0%E5%BA%97,,,256,,,中国大陆,,,,,,unknown,true,,,,pending
HIGH,,,华为,HUAWEI Pura 80,,256,256,tmall,https://list.tmall.com/search_product.htm?q=%E5%8D%8E%E4%B8%BA%20HUAWEI%20Pura%2080%20256%20%E5%AE%98%E6%96%B9%E6%97%97%E8%88%B0%E5%BA%97,,,256,,,中国大陆,,,,,,unknown,true,,,,pending
HIGH,,,华为,HUAWEI Pura 80,,512,512,jd,https://search.jd.com/Search?keyword=%E5%8D%8E%E4%B8%BA%20HUAWEI%20Pura%2080%20512%20%E5%AE%98%E6%96%B9%E6%97%97%E8%88%B0%E5%BA%97,,,512,,,中国大陆,,,,,,unknown,true,,,,pending
HIGH,,,华为,HUAWEI Pura 80,,512,512,pdd,https://mobile.yangkeduo.com/search_result.html?search_key=%E5%8D%8E%E4%B8%BA%20HUAWEI%20Pura%2080%20512%20%E5%AE%98%E6%96%B9%E6%97%97%E8%88%B0%E5%BA%97,,,512,,,中国大陆,,,,,,unknown,true,,,,pending
HIGH,,,华为,HUAWEI Pura 80,,512,512,tmall,https://list.tmall.com/search_product.htm?q=%E5%8D%8E%E4%B8%BA%20HUAWEI%20Pura%2080%20512%20%E5%AE%98%E6%96%B9%E6%97%97%E8%88%B0%E5%BA%97,,,512,,,中国大陆,,,,,,unknown,true,,,,pending
HIGH,,,华为,HUAWEI Pura 80,,1024,1TB,jd,https://search.jd.com/Search?keyword=%E5%8D%8E%E4%B8%BA%20HUAWEI%20Pura%2080%201TB%20%E5%AE%98%E6%96%B9%E6%97%97%E8%88%B0%E5%BA%97,,,1TB,,,中国大陆,,,,,,unknown,true,,,,pending
HIGH,,,华为,HUAWEI Pura 80,,1024,1TB,pdd,https://mobile.yangkeduo.com/search_result.html?search_key=%E5%8D%8E%E4%B8%BA%20HUAWEI%20Pura%2080%201TB%20%E5%AE%98%E6%96%B9%E6%97%97%E8%88%B0%E5%BA%97,,,1TB,,,中国大陆,,,,,,unknown,true,,,,pending
HIGH,,,华为,HUAWEI Pura 80,,1024,1TB,tmall,https://list.tmall.com/search_product.htm?q=%E5%8D%8E%E4%B8%BA%20HUAWEI%20Pura%2080%201TB%20%E5%AE%98%E6%96%B9%E6%97%97%E8%88%B0%E5%BA%97,,,1TB,,,中国大陆,,,,,,unknown,true,,,,pending
HIGH,,,华为,HUAWEI Pura 80 Pro,,256,256,jd,https://search.jd.com/Search?keyword=%E5%8D%8E%E4%B8%BA%20HUAWEI%20Pura%2080%20Pro%20256%20%E5%AE%98%E6%96%B9%E6%97%97%E8%88%B0%E5%BA%97,,,256,,,中国大陆,,,,,,unknown,true,,,,pending
HIGH,,,华为,HUAWEI Pura 80 Pro,,256,256,pdd,https://mobile.yangkeduo.com/search_result.html?search_key=%E5%8D%8E%E4%B8%BA%20HUAWEI%20Pura%2080%20Pro%20256%20%E5%AE%98%E6%96%B9%E6%97%97%E8%88%B0%E5%BA%97,,,256,,,中国大陆,,,,,,unknown,true,,,,pending
HIGH,,,华为,HUAWEI Pura 80 Pro,,256,256,tmall,https://list.tmall.com/search_product.htm?q=%E5%8D%8E%E4%B8%BA%20HUAWEI%20Pura%2080%20Pro%20256%20%E5%AE%98%E6%96%B9%E6%97%97%E8%88%B0%E5%BA%97,,,256,,,中国大陆,,,,,,unknown,true,,,,pending
HIGH,,,华为,HUAWEI Pura 80 Pro,,512,512,jd,https://search.jd.com/Search?keyword=%E5%8D%8E%E4%B8%BA%20HUAWEI%20Pura%2080%20Pro%20512%20%E5%AE%98%E6%96%B9%E6%97%97%E8%88%B0%E5%BA%97,,,512,,,中国大陆,,,,,,unknown,true,,,,pending
HIGH,,,华为,HUAWEI Pura 80 Pro,,512,512,pdd,https://mobile.yangkeduo.com/search_result.html?search_key=%E5%8D%8E%E4%B8%BA%20HUAWEI%20Pura%2080%20Pro%20512%20%E5%AE%98%E6%96%B9%E6%97%97%E8%88%B0%E5%BA%97,,,512,,,中国大陆,,,,,,unknown,true,,,,pending
HIGH,,,华为,HUAWEI Pura 80 Pro,,512,512,tmall,https://list.tmall.com/search_product.htm?q=%E5%8D%8E%E4%B8%BA%20HUAWEI%20Pura%2080%20Pro%20512%20%E5%AE%98%E6%96%B9%E6%97%97%E8%88%B0%E5%BA%97,,,512,,,中国大陆,,,,,,unknown,true,,,,pending
HIGH,,,华为,HUAWEI Pura 80 Pro,,1024,1TB,jd,https://search.jd.com/Search?keyword=%E5%8D%8E%E4%B8%BA%20HUAWEI%20Pura%2080%20Pro%201TB%20%E5%AE%98%E6%96%B9%E6%97%97%E8%88%B0%E5%BA%97,,,1TB,,,中国大陆,,,,,,unknown,true,,,,pending
HIGH,,,华为,HUAWEI Pura 80 Pro,,1024,1TB,pdd,https://mobile.yangkeduo.com/search_result.html?search_key=%E5%8D%8E%E4%B8%BA%20HUAWEI%20Pura%2080%20Pro%201TB%20%E5%AE%98%E6%96%B9%E6%97%97%E8%88%B0%E5%BA%97,,,1TB,,,中国大陆,,,,,,unknown,true,,,,pending
HIGH,,,华为,HUAWEI Pura 80 Pro,,1024,1TB,tmall,https://list.tmall.com/search_product.htm?q=%E5%8D%8E%E4%B8%BA%20HUAWEI%20Pura%2080%20Pro%201TB%20%E5%AE%98%E6%96%B9%E6%97%97%E8%88%B0%E5%BA%97,,,1TB,,,中国大陆,,,,,,unknown,true,,,,pending
HIGH,,,华为,HUAWEI Pura 80 Pro+,,512,512,jd,https://search.jd.com/Search?keyword=%E5%8D%8E%E4%B8%BA%20HUAWEI%20Pura%2080%20Pro%2B%20512%20%E5%AE%98%E6%96%B9%E6%97%97%E8%88%B0%E5%BA%97,,,512,,,中国大陆,,,,,,unknown,true,,,,pending
HIGH,,,华为,HUAWEI Pura 80 Pro+,,512,512,pdd,https://mobile.yangkeduo.com/search_result.html?search_key=%E5%8D%8E%E4%B8%BA%20HUAWEI%20Pura%2080%20Pro%2B%20512%20%E5%AE%98%E6%96%B9%E6%97%97%E8%88%B0%E5%BA%97,,,512,,,中国大陆,,,,,,unknown,true,,,,pending
HIGH,,,华为,HUAWEI Pura 80 Pro+,,512,512,tmall,https://list.tmall.com/search_product.htm?q=%E5%8D%8E%E4%B8%BA%20HUAWEI%20Pura%2080%20Pro%2B%20512%20%E5%AE%98%E6%96%B9%E6%97%97%E8%88%B0%E5%BA%97,,,512,,,中国大陆,,,,,,unknown,true,,,,pending
HIGH,,,华为,HUAWEI Pura 80 Pro+,,1024,1TB,jd,https://search.jd.com/Search?keyword=%E5%8D%8E%E4%B8%BA%20HUAWEI%20Pura%2080%20Pro%2B%201TB%20%E5%AE%98%E6%96%B9%E6%97%97%E8%88%B0%E5%BA%97,,,1TB,,,中国大陆,,,,,,unknown,true,,,,pending
HIGH,,,华为,HUAWEI Pura 80 Pro+,,1024,1TB,pdd,https://mobile.yangkeduo.com/search_result.html?search_key=%E5%8D%8E%E4%B8%BA%20HUAWEI%20Pura%2080%20Pro%2B%201TB%20%E5%AE%98%E6%96%B9%E6%97%97%E8%88%B0%E5%BA%97,,,1TB,,,中国大陆,,,,,,unknown,true,,,,pending
HIGH,,,华为,HUAWEI Pura 80 Pro+,,1024,1TB,tmall,https://list.tmall.com/search_product.htm?q=%E5%8D%8E%E4%B8%BA%20HUAWEI%20Pura%2080%20Pro%2B%201TB%20%E5%AE%98%E6%96%B9%E6%97%97%E8%88%B0%E5%BA%97,,,1TB,,,中国大陆,,,,,,unknown,true,,,,pending
HIGH,,,华为,HUAWEI Pura 80 Ultra,,512,512,jd,https://search.jd.com/Search?keyword=%E5%8D%8E%E4%B8%BA%20HUAWEI%20Pura%2080%20Ultra%20512%20%E5%AE%98%E6%96%B9%E6%97%97%E8%88%B0%E5%BA%97,,,512,,,中国大陆,,,,,,unknown,true,,,,pending
HIGH,,,华为,HUAWEI Pura 80 Ultra,,512,512,pdd,https://mobile.yangkeduo.com/search_result.html?search_key=%E5%8D%8E%E4%B8%BA%20HUAWEI%20Pura%2080%20Ultra%20512%20%E5%AE%98%E6%96%B9%E6%97%97%E8%88%B0%E5%BA%97,,,512,,,中国大陆,,,,,,unknown,true,,,,pending
HIGH,,,华为,HUAWEI Pura 80 Ultra,,512,512,tmall,https://list.tmall.com/search_product.htm?q=%E5%8D%8E%E4%B8%BA%20HUAWEI%20Pura%2080%20Ultra%20512%20%E5%AE%98%E6%96%B9%E6%97%97%E8%88%B0%E5%BA%97,,,512,,,中国大陆,,,,,,unknown,true,,,,pending
HIGH,,,华为,HUAWEI Pura 80 Ultra,,1024,1TB,jd,https://search.jd.com/Search?keyword=%E5%8D%8E%E4%B8%BA%20HUAWEI%20Pura%2080%20Ultra%201TB%20%E5%AE%98%E6%96%B9%E6%97%97%E8%88%B0%E5%BA%97,,,1TB,,,中国大陆,,,,,,unknown,true,,,,pending
HIGH,,,华为,HUAWEI Pura 80 Ultra,,1024,1TB,pdd,https://mobile.yangkeduo.com/search_result.html?search_key=%E5%8D%8E%E4%B8%BA%20HUAWEI%20Pura%2080%20Ultra%201TB%20%E5%AE%98%E6%96%B9%E6%97%97%E8%88%B0%E5%BA%97,,,1TB,,,中国大陆,,,,,,unknown,true,,,,pending
HIGH,,,华为,HUAWEI Pura 80 Ultra,,1024,1TB,tmall,https://list.tmall.com/search_product.htm?q=%E5%8D%8E%E4%B8%BA%20HUAWEI%20Pura%2080%20Ultra%201TB%20%E5%AE%98%E6%96%B9%E6%97%97%E8%88%B0%E5%BA%97,,,1TB,,,中国大陆,,,,,,unknown,true,,,,pending
HIGH,,,华为,HUAWEI Pura 90 Pro Max,,256,256,jd,https://search.jd.com/Search?keyword=%E5%8D%8E%E4%B8%BA%20HUAWEI%20Pura%2090%20Pro%20Max%20256%20%E5%AE%98%E6%96%B9%E6%97%97%E8%88%B0%E5%BA%97,,,256,,,中国大陆,,,,,,unknown,true,,,,pending
HIGH,,,华为,HUAWEI Pura 90 Pro Max,,256,256,pdd,https://mobile.yangkeduo.com/search_result.html?search_key=%E5%8D%8E%E4%B8%BA%20HUAWEI%20Pura%2090%20Pro%20Max%20256%20%E5%AE%98%E6%96%B9%E6%97%97%E8%88%B0%E5%BA%97,,,256,,,中国大陆,,,,,,unknown,true,,,,pending
HIGH,,,华为,HUAWEI Pura 90 Pro Max,,256,256,tmall,https://list.tmall.com/search_product.htm?q=%E5%8D%8E%E4%B8%BA%20HUAWEI%20Pura%2090%20Pro%20Max%20256%20%E5%AE%98%E6%96%B9%E6%97%97%E8%88%B0%E5%BA%97,,,256,,,中国大陆,,,,,,unknown,true,,,,pending
HIGH,,,华为,HUAWEI Pura 90 Pro Max,,512,512,jd,https://search.jd.com/Search?keyword=%E5%8D%8E%E4%B8%BA%20HUAWEI%20Pura%2090%20Pro%20Max%20512%20%E5%AE%98%E6%96%B9%E6%97%97%E8%88%B0%E5%BA%97,,,512,,,中国大陆,,,,,,unknown,true,,,,pending
HIGH,,,华为,HUAWEI Pura 90 Pro Max,,512,512,pdd,https://mobile.yangkeduo.com/search_result.html?search_key=%E5%8D%8E%E4%B8%BA%20HUAWEI%20Pura%2090%20Pro%20Max%20512%20%E5%AE%98%E6%96%B9%E6%97%97%E8%88%B0%E5%BA%97,,,512,,,中国大陆,,,,,,unknown,true,,,,pending
HIGH,,,华为,HUAWEI Pura 90 Pro Max,,512,512,tmall,https://list.tmall.com/search_product.htm?q=%E5%8D%8E%E4%B8%BA%20HUAWEI%20Pura%2090%20Pro%20Max%20512%20%E5%AE%98%E6%96%B9%E6%97%97%E8%88%B0%E5%BA%97,,,512,,,中国大陆,,,,,,unknown,true,,,,pending
HIGH,,,华为,HUAWEI Pura 90 Pro Max,,1024,1TB,jd,https://search.jd.com/Search?keyword=%E5%8D%8E%E4%B8%BA%20HUAWEI%20Pura%2090%20Pro%20Max%201TB%20%E5%AE%98%E6%96%B9%E6%97%97%E8%88%B0%E5%BA%97,,,1TB,,,中国大陆,,,,,,unknown,true,,,,pending
HIGH,,,华为,HUAWEI Pura 90 Pro Max,,1024,1TB,pdd,https://mobile.yangkeduo.com/search_result.html?search_key=%E5%8D%8E%E4%B8%BA%20HUAWEI%20Pura%2090%20Pro%20Max%201TB%20%E5%AE%98%E6%96%B9%E6%97%97%E8%88%B0%E5%BA%97,,,1TB,,,中国大陆,,,,,,unknown,true,,,,pending
HIGH,,,华为,HUAWEI Pura 90 Pro Max,,1024,1TB,tmall,https://list.tmall.com/search_product.htm?q=%E5%8D%8E%E4%B8%BA%20HUAWEI%20Pura%2090%20Pro%20Max%201TB%20%E5%AE%98%E6%96%B9%E6%97%97%E8%88%B0%E5%BA%97,,,1TB,,,中国大陆,,,,,,unknown,true,,,,pending
HIGH,,,华为,HUAWEI Pura X,12,256,12GB+256,jd,https://search.jd.com/Search?keyword=%E5%8D%8E%E4%B8%BA%20HUAWEI%20Pura%20X%2012GB%2B256%20%E5%AE%98%E6%96%B9%E6%97%97%E8%88%B0%E5%BA%97,,,12GB+256,,,中国大陆,,,,,,unknown,true,,,,pending
HIGH,,,华为,HUAWEI Pura X,12,256,12GB+256,pdd,https://mobile.yangkeduo.com/search_result.html?search_key=%E5%8D%8E%E4%B8%BA%20HUAWEI%20Pura%20X%2012GB%2B256%20%E5%AE%98%E6%96%B9%E6%97%97%E8%88%B0%E5%BA%97,,,12GB+256,,,中国大陆,,,,,,unknown,true,,,,pending
HIGH,,,华为,HUAWEI Pura X,12,256,12GB+256,tmall,https://list.tmall.com/search_product.htm?q=%E5%8D%8E%E4%B8%BA%20HUAWEI%20Pura%20X%2012GB%2B256%20%E5%AE%98%E6%96%B9%E6%97%97%E8%88%B0%E5%BA%97,,,12GB+256,,,中国大陆,,,,,,unknown,true,,,,pending
HIGH,,,华为,HUAWEI Pura X,12,512,12GB+512,jd,https://search.jd.com/Search?keyword=%E5%8D%8E%E4%B8%BA%20HUAWEI%20Pura%20X%2012GB%2B512%20%E5%AE%98%E6%96%B9%E6%97%97%E8%88%B0%E5%BA%97,,,12GB+512,,,中国大陆,,,,,,unknown,true,,,,pending
HIGH,,,华为,HUAWEI Pura X,16,512,16GB+512,jd,https://search.jd.com/Search?keyword=%E5%8D%8E%E4%B8%BA%20HUAWEI%20Pura%20X%2016GB%2B512%20%E5%AE%98%E6%96%B9%E6%97%97%E8%88%B0%E5%BA%97,,,16GB+512,,,中国大陆,,,,,,unknown,true,,,,pending
HIGH,,,华为,HUAWEI Pura X,12,512,12GB+512,pdd,https://mobile.yangkeduo.com/search_result.html?search_key=%E5%8D%8E%E4%B8%BA%20HUAWEI%20Pura%20X%2012GB%2B512%20%E5%AE%98%E6%96%B9%E6%97%97%E8%88%B0%E5%BA%97,,,12GB+512,,,中国大陆,,,,,,unknown,true,,,,pending
HIGH,,,华为,HUAWEI Pura X,16,512,16GB+512,pdd,https://mobile.yangkeduo.com/search_result.html?search_key=%E5%8D%8E%E4%B8%BA%20HUAWEI%20Pura%20X%2016GB%2B512%20%E5%AE%98%E6%96%B9%E6%97%97%E8%88%B0%E5%BA%97,,,16GB+512,,,中国大陆,,,,,,unknown,true,,,,pending
HIGH,,,华为,HUAWEI Pura X,12,512,12GB+512,tmall,https://list.tmall.com/search_product.htm?q=%E5%8D%8E%E4%B8%BA%20HUAWEI%20Pura%20X%2012GB%2B512%20%E5%AE%98%E6%96%B9%E6%97%97%E8%88%B0%E5%BA%97,,,12GB+512,,,中国大陆,,,,,,unknown,true,,,,pending
HIGH,,,华为,HUAWEI Pura X,16,512,16GB+512,tmall,https://list.tmall.com/search_product.htm?q=%E5%8D%8E%E4%B8%BA%20HUAWEI%20Pura%20X%2016GB%2B512%20%E5%AE%98%E6%96%B9%E6%97%97%E8%88%B0%E5%BA%97,,,16GB+512,,,中国大陆,,,,,,unknown,true,,,,pending
HIGH,,,华为,HUAWEI Pura X,16,1024,16GB+1TB,jd,https://search.jd.com/Search?keyword=%E5%8D%8E%E4%B8%BA%20HUAWEI%20Pura%20X%2016GB%2B1TB%20%E5%AE%98%E6%96%B9%E6%97%97%E8%88%B0%E5%BA%97,,,16GB+1TB,,,中国大陆,,,,,,unknown,true,,,,pending
HIGH,,,华为,HUAWEI Pura X,16,1024,16GB+1TB,pdd,https://mobile.yangkeduo.com/search_result.html?search_key=%E5%8D%8E%E4%B8%BA%20HUAWEI%20Pura%20X%2016GB%2B1TB%20%E5%AE%98%E6%96%B9%E6%97%97%E8%88%B0%E5%BA%97,,,16GB+1TB,,,中国大陆,,,,,,unknown,true,,,,pending
HIGH,,,华为,HUAWEI Pura X,16,1024,16GB+1TB,tmall,https://list.tmall.com/search_product.htm?q=%E5%8D%8E%E4%B8%BA%20HUAWEI%20Pura%20X%2016GB%2B1TB%20%E5%AE%98%E6%96%B9%E6%97%97%E8%88%B0%E5%BA%97,,,16GB+1TB,,,中国大陆,,,,,,unknown,true,,,,pending
HIGH,,,华为,HUAWEI Pura X Max,12,256,12GB+256,jd,https://search.jd.com/Search?keyword=%E5%8D%8E%E4%B8%BA%20HUAWEI%20Pura%20X%20Max%2012GB%2B256%20%E5%AE%98%E6%96%B9%E6%97%97%E8%88%B0%E5%BA%97,,,12GB+256,,,中国大陆,,,,,,unknown,true,,,,pending
HIGH,,,华为,HUAWEI Pura X Max,12,256,12GB+256,pdd,https://mobile.yangkeduo.com/search_result.html?search_key=%E5%8D%8E%E4%B8%BA%20HUAWEI%20Pura%20X%20Max%2012GB%2B256%20%E5%AE%98%E6%96%B9%E6%97%97%E8%88%B0%E5%BA%97,,,12GB+256,,,中国大陆,,,,,,unknown,true,,,,pending
HIGH,,,华为,HUAWEI Pura X Max,12,256,12GB+256,tmall,https://list.tmall.com/search_product.htm?q=%E5%8D%8E%E4%B8%BA%20HUAWEI%20Pura%20X%20Max%2012GB%2B256%20%E5%AE%98%E6%96%B9%E6%97%97%E8%88%B0%E5%BA%97,,,12GB+256,,,中国大陆,,,,,,unknown,true,,,,pending
HIGH,,,华为,HUAWEI Pura X Max,12,512,12GB+512,jd,https://search.jd.com/Search?keyword=%E5%8D%8E%E4%B8%BA%20HUAWEI%20Pura%20X%20Max%2012GB%2B512%20%E5%AE%98%E6%96%B9%E6%97%97%E8%88%B0%E5%BA%97,,,12GB+512,,,中国大陆,,,,,,unknown,true,,,,pending
HIGH,,,华为,HUAWEI Pura X Max,16,512,16GB+512,jd,https://search.jd.com/Search?keyword=%E5%8D%8E%E4%B8%BA%20HUAWEI%20Pura%20X%20Max%2016GB%2B512%20%E5%AE%98%E6%96%B9%E6%97%97%E8%88%B0%E5%BA%97,,,16GB+512,,,中国大陆,,,,,,unknown,true,,,,pending
HIGH,,,华为,HUAWEI Pura X Max,12,512,12GB+512,pdd,https://mobile.yangkeduo.com/search_result.html?search_key=%E5%8D%8E%E4%B8%BA%20HUAWEI%20Pura%20X%20Max%2012GB%2B512%20%E5%AE%98%E6%96%B9%E6%97%97%E8%88%B0%E5%BA%97,,,12GB+512,,,中国大陆,,,,,,unknown,true,,,,pending
HIGH,,,华为,HUAWEI Pura X Max,16,512,16GB+512,pdd,https://mobile.yangkeduo.com/search_result.html?search_key=%E5%8D%8E%E4%B8%BA%20HUAWEI%20Pura%20X%20Max%2016GB%2B512%20%E5%AE%98%E6%96%B9%E6%97%97%E8%88%B0%E5%BA%97,,,16GB+512,,,中国大陆,,,,,,unknown,true,,,,pending
HIGH,,,华为,HUAWEI Pura X Max,12,512,12GB+512,tmall,https://list.tmall.com/search_product.htm?q=%E5%8D%8E%E4%B8%BA%20HUAWEI%20Pura%20X%20Max%2012GB%2B512%20%E5%AE%98%E6%96%B9%E6%97%97%E8%88%B0%E5%BA%97,,,12GB+512,,,中国大陆,,,,,,unknown,true,,,,pending
HIGH,,,华为,HUAWEI Pura X Max,16,512,16GB+512,tmall,https://list.tmall.com/search_product.htm?q=%E5%8D%8E%E4%B8%BA%20HUAWEI%20Pura%20X%20Max%2016GB%2B512%20%E5%AE%98%E6%96%B9%E6%97%97%E8%88%B0%E5%BA%97,,,16GB+512,,,中国大陆,,,,,,unknown,true,,,,pending
HIGH,,,华为,HUAWEI Pura X Max,16,1024,16GB+1TB,jd,https://search.jd.com/Search?keyword=%E5%8D%8E%E4%B8%BA%20HUAWEI%20Pura%20X%20Max%2016GB%2B1TB%20%E5%AE%98%E6%96%B9%E6%97%97%E8%88%B0%E5%BA%97,,,16GB+1TB,,,中国大陆,,,,,,unknown,true,,,,pending
HIGH,,,华为,HUAWEI Pura X Max,16,1024,16GB+1TB,pdd,https://mobile.yangkeduo.com/search_result.html?search_key=%E5%8D%8E%E4%B8%BA%20HUAWEI%20Pura%20X%20Max%2016GB%2B1TB%20%E5%AE%98%E6%96%B9%E6%97%97%E8%88%B0%E5%BA%97,,,16GB+1TB,,,中国大陆,,,,,,unknown,true,,,,pending
HIGH,,,华为,HUAWEI Pura X Max,16,1024,16GB+1TB,tmall,https://list.tmall.com/search_product.htm?q=%E5%8D%8E%E4%B8%BA%20HUAWEI%20Pura%20X%20Max%2016GB%2B1TB%20%E5%AE%98%E6%96%B9%E6%97%97%E8%88%B0%E5%BA%97,,,16GB+1TB,,,中国大陆,,,,,,unknown,true,,,,pending
HIGH,,5999.00,荣耀,荣耀Magic8 Pro,12,512,12GB+512GB,jd,https://search.jd.com/Search?keyword=%E8%8D%A3%E8%80%80%20%E8%8D%A3%E8%80%80Magic8%20Pro%2012GB%2B512GB%20%E5%AE%98%E6%96%B9%E6%97%97%E8%88%B0%E5%BA%97,,,12GB+512GB,,,中国大陆,,,,,,unknown,true,,,,pending
HIGH,,,荣耀,荣耀Magic8 Pro,16,512,16GB+512GB,jd,https://search.jd.com/Search?keyword=%E8%8D%A3%E8%80%80%20%E8%8D%A3%E8%80%80Magic8%20Pro%2016GB%2B512GB%20%E5%AE%98%E6%96%B9%E6%97%97%E8%88%B0%E5%BA%97,,,16GB+512GB,,,中国大陆,,,,,,unknown,true,,,,pending
HIGH,,5999.00,荣耀,荣耀Magic8 Pro,12,512,12GB+512GB,pdd,https://mobile.yangkeduo.com/search_result.html?search_key=%E8%8D%A3%E8%80%80%20%E8%8D%A3%E8%80%80Magic8%20Pro%2012GB%2B512GB%20%E5%AE%98%E6%96%B9%E6%97%97%E8%88%B0%E5%BA%97,,,12GB+512GB,,,中国大陆,,,,,,unknown,true,,,,pending
HIGH,,,荣耀,荣耀Magic8 Pro,16,512,16GB+512GB,pdd,https://mobile.yangkeduo.com/search_result.html?search_key=%E8%8D%A3%E8%80%80%20%E8%8D%A3%E8%80%80Magic8%20Pro%2016GB%2B512GB%20%E5%AE%98%E6%96%B9%E6%97%97%E8%88%B0%E5%BA%97,,,16GB+512GB,,,中国大陆,,,,,,unknown,true,,,,pending
HIGH,,5999.00,荣耀,荣耀Magic8 Pro,12,512,12GB+512GB,tmall,https://list.tmall.com/search_product.htm?q=%E8%8D%A3%E8%80%80%20%E8%8D%A3%E8%80%80Magic8%20Pro%2012GB%2B512GB%20%E5%AE%98%E6%96%B9%E6%97%97%E8%88%B0%E5%BA%97,,,12GB+512GB,,,中国大陆,,,,,,unknown,true,,,,pending
HIGH,,,荣耀,荣耀Magic8 Pro,16,512,16GB+512GB,tmall,https://list.tmall.com/search_product.htm?q=%E8%8D%A3%E8%80%80%20%E8%8D%A3%E8%80%80Magic8%20Pro%2016GB%2B512GB%20%E5%AE%98%E6%96%B9%E6%97%97%E8%88%B0%E5%BA%97,,,16GB+512GB,,,中国大陆,,,,,,unknown,true,,,,pending
HIGH,,,荣耀,荣耀Magic8 Pro,16,1024,16GB+1024GB,jd,https://search.jd.com/Search?keyword=%E8%8D%A3%E8%80%80%20%E8%8D%A3%E8%80%80Magic8%20Pro%2016GB%2B1024GB%20%E5%AE%98%E6%96%B9%E6%97%97%E8%88%B0%E5%BA%97,,,16GB+1024GB,,,中国大陆,,,,,,unknown,true,,,,pending
HIGH,,,荣耀,荣耀Magic8 Pro,16,1024,16GB+1024GB,pdd,https://mobile.yangkeduo.com/search_result.html?search_key=%E8%8D%A3%E8%80%80%20%E8%8D%A3%E8%80%80Magic8%20Pro%2016GB%2B1024GB%20%E5%AE%98%E6%96%B9%E6%97%97%E8%88%B0%E5%BA%97,,,16GB+1024GB,,,中国大陆,,,,,,unknown,true,,,,pending
HIGH,,,荣耀,荣耀Magic8 Pro,16,1024,16GB+1024GB,tmall,https://list.tmall.com/search_product.htm?q=%E8%8D%A3%E8%80%80%20%E8%8D%A3%E8%80%80Magic8%20Pro%2016GB%2B1024GB%20%E5%AE%98%E6%96%B9%E6%97%97%E8%88%B0%E5%BA%97,,,16GB+1024GB,,,中国大陆,,,,,,unknown,true,,,,pending
HIGH,,,魅族,魅族 21 Note,16,256,16GB+256,jd,https://search.jd.com/Search?keyword=%E9%AD%85%E6%97%8F%20%E9%AD%85%E6%97%8F%2021%20Note%2016GB%2B256%20%E5%AE%98%E6%96%B9%E6%97%97%E8%88%B0%E5%BA%97,,,16GB+256,,,中国大陆,,,,,,unknown,true,,,,pending
HIGH,,,魅族,魅族 21 Note,16,256,16GB+256,pdd,https://mobile.yangkeduo.com/search_result.html?search_key=%E9%AD%85%E6%97%8F%20%E9%AD%85%E6%97%8F%2021%20Note%2016GB%2B256%20%E5%AE%98%E6%96%B9%E6%97%97%E8%88%B0%E5%BA%97,,,16GB+256,,,中国大陆,,,,,,unknown,true,,,,pending
HIGH,,,魅族,魅族 21 Note,16,256,16GB+256,tmall,https://list.tmall.com/search_product.htm?q=%E9%AD%85%E6%97%8F%20%E9%AD%85%E6%97%8F%2021%20Note%2016GB%2B256%20%E5%AE%98%E6%96%B9%E6%97%97%E8%88%B0%E5%BA%97,,,16GB+256,,,中国大陆,,,,,,unknown,true,,,,pending
HIGH,,,魅族,魅族 21 Note,16,512,16GB+512,jd,https://search.jd.com/Search?keyword=%E9%AD%85%E6%97%8F%20%E9%AD%85%E6%97%8F%2021%20Note%2016GB%2B512%20%E5%AE%98%E6%96%B9%E6%97%97%E8%88%B0%E5%BA%97,,,16GB+512,,,中国大陆,,,,,,unknown,true,,,,pending
HIGH,,,魅族,魅族 21 Note,16,512,16GB+512,pdd,https://mobile.yangkeduo.com/search_result.html?search_key=%E9%AD%85%E6%97%8F%20%E9%AD%85%E6%97%8F%2021%20Note%2016GB%2B512%20%E5%AE%98%E6%96%B9%E6%97%97%E8%88%B0%E5%BA%97,,,16GB+512,,,中国大陆,,,,,,unknown,true,,,,pending
HIGH,,,魅族,魅族 21 Note,16,512,16GB+512,tmall,https://list.tmall.com/search_product.htm?q=%E9%AD%85%E6%97%8F%20%E9%AD%85%E6%97%8F%2021%20Note%2016GB%2B512%20%E5%AE%98%E6%96%B9%E6%97%97%E8%88%B0%E5%BA%97,,,16GB+512,,,中国大陆,,,,,,unknown,true,,,,pending
HIGH,,,魅族,魅族 21 PRO,12,256,12GB+256,jd,https://search.jd.com/Search?keyword=%E9%AD%85%E6%97%8F%20%E9%AD%85%E6%97%8F%2021%20PRO%2012GB%2B256%20%E5%AE%98%E6%96%B9%E6%97%97%E8%88%B0%E5%BA%97,,,12GB+256,,,中国大陆,,,,,,unknown,true,,,,pending
HIGH,,,魅族,魅族 21 PRO,12,256,12GB+256,pdd,https://mobile.yangkeduo.com/search_result.html?search_key=%E9%AD%85%E6%97%8F%20%E9%AD%85%E6%97%8F%2021%20PRO%2012GB%2B256%20%E5%AE%98%E6%96%B9%E6%97%97%E8%88%B0%E5%BA%97,,,12GB+256,,,中国大陆,,,,,,unknown,true,,,,pending
HIGH,,,魅族,魅族 21 PRO,12,256,12GB+256,tmall,https://list.tmall.com/search_product.htm?q=%E9%AD%85%E6%97%8F%20%E9%AD%85%E6%97%8F%2021%20PRO%2012GB%2B256%20%E5%AE%98%E6%96%B9%E6%97%97%E8%88%B0%E5%BA%97,,,12GB+256,,,中国大陆,,,,,,unknown,true,,,,pending
HIGH,,,魅族,魅族 22,12,256,12GB+256,jd,https://search.jd.com/Search?keyword=%E9%AD%85%E6%97%8F%20%E9%AD%85%E6%97%8F%2022%2012GB%2B256%20%E5%AE%98%E6%96%B9%E6%97%97%E8%88%B0%E5%BA%97,,,12GB+256,,,中国大陆,,,,,,unknown,true,,,,pending
HIGH,,,魅族,魅族 22,12,256,12GB+256,pdd,https://mobile.yangkeduo.com/search_result.html?search_key=%E9%AD%85%E6%97%8F%20%E9%AD%85%E6%97%8F%2022%2012GB%2B256%20%E5%AE%98%E6%96%B9%E6%97%97%E8%88%B0%E5%BA%97,,,12GB+256,,,中国大陆,,,,,,unknown,true,,,,pending
HIGH,,,魅族,魅族 22,12,256,12GB+256,tmall,https://list.tmall.com/search_product.htm?q=%E9%AD%85%E6%97%8F%20%E9%AD%85%E6%97%8F%2022%2012GB%2B256%20%E5%AE%98%E6%96%B9%E6%97%97%E8%88%B0%E5%BA%97,,,12GB+256,,,中国大陆,,,,,,unknown,true,,,,pending
HIGH,,,魅族,魅族 22,12,512,12GB+512,jd,https://search.jd.com/Search?keyword=%E9%AD%85%E6%97%8F%20%E9%AD%85%E6%97%8F%2022%2012GB%2B512%20%E5%AE%98%E6%96%B9%E6%97%97%E8%88%B0%E5%BA%97,,,12GB+512,,,中国大陆,,,,,,unknown,true,,,,pending
HIGH,,,魅族,魅族 22,16,512,16GB+512,jd,https://search.jd.com/Search?keyword=%E9%AD%85%E6%97%8F%20%E9%AD%85%E6%97%8F%2022%2016GB%2B512%20%E5%AE%98%E6%96%B9%E6%97%97%E8%88%B0%E5%BA%97,,,16GB+512,,,中国大陆,,,,,,unknown,true,,,,pending
HIGH,,,魅族,魅族 22,12,512,12GB+512,pdd,https://mobile.yangkeduo.com/search_result.html?search_key=%E9%AD%85%E6%97%8F%20%E9%AD%85%E6%97%8F%2022%2012GB%2B512%20%E5%AE%98%E6%96%B9%E6%97%97%E8%88%B0%E5%BA%97,,,12GB+512,,,中国大陆,,,,,,unknown,true,,,,pending
HIGH,,,魅族,魅族 22,16,512,16GB+512,pdd,https://mobile.yangkeduo.com/search_result.html?search_key=%E9%AD%85%E6%97%8F%20%E9%AD%85%E6%97%8F%2022%2016GB%2B512%20%E5%AE%98%E6%96%B9%E6%97%97%E8%88%B0%E5%BA%97,,,16GB+512,,,中国大陆,,,,,,unknown,true,,,,pending
HIGH,,,魅族,魅族 22,12,512,12GB+512,tmall,https://list.tmall.com/search_product.htm?q=%E9%AD%85%E6%97%8F%20%E9%AD%85%E6%97%8F%2022%2012GB%2B512%20%E5%AE%98%E6%96%B9%E6%97%97%E8%88%B0%E5%BA%97,,,12GB+512,,,中国大陆,,,,,,unknown,true,,,,pending
HIGH,,,魅族,魅族 22,16,512,16GB+512,tmall,https://list.tmall.com/search_product.htm?q=%E9%AD%85%E6%97%8F%20%E9%AD%85%E6%97%8F%2022%2016GB%2B512%20%E5%AE%98%E6%96%B9%E6%97%97%E8%88%B0%E5%BA%97,,,16GB+512,,,中国大陆,,,,,,unknown,true,,,,pending
HIGH,,,魅族,魅族 22,16,1024,16GB+1TB,jd,https://search.jd.com/Search?keyword=%E9%AD%85%E6%97%8F%20%E9%AD%85%E6%97%8F%2022%2016GB%2B1TB%20%E5%AE%98%E6%96%B9%E6%97%97%E8%88%B0%E5%BA%97,,,16GB+1TB,,,中国大陆,,,,,,unknown,true,,,,pending
HIGH,,,魅族,魅族 22,16,1024,16GB+1TB,pdd,https://mobile.yangkeduo.com/search_result.html?search_key=%E9%AD%85%E6%97%8F%20%E9%AD%85%E6%97%8F%2022%2016GB%2B1TB%20%E5%AE%98%E6%96%B9%E6%97%97%E8%88%B0%E5%BA%97,,,16GB+1TB,,,中国大陆,,,,,,unknown,true,,,,pending
HIGH,,,魅族,魅族 22,16,1024,16GB+1TB,tmall,https://list.tmall.com/search_product.htm?q=%E9%AD%85%E6%97%8F%20%E9%AD%85%E6%97%8F%2022%2016GB%2B1TB%20%E5%AE%98%E6%96%B9%E6%97%97%E8%88%B0%E5%BA%97,,,16GB+1TB,,,中国大陆,,,,,,unknown,true,,,,pending
HIGH,,,魅族,魅族 Lucky 08,8,256,8GB+256,jd,https://search.jd.com/Search?keyword=%E9%AD%85%E6%97%8F%20%E9%AD%85%E6%97%8F%20Lucky%2008%208GB%2B256%20%E5%AE%98%E6%96%B9%E6%97%97%E8%88%B0%E5%BA%97,,,8GB+256,,,中国大陆,,,,,,unknown,true,,,,pending
HIGH,,,魅族,魅族 Lucky 08,8,256,8GB+256,pdd,https://mobile.yangkeduo.com/search_result.html?search_key=%E9%AD%85%E6%97%8F%20%E9%AD%85%E6%97%8F%20Lucky%2008%208GB%2B256%20%E5%AE%98%E6%96%B9%E6%97%97%E8%88%B0%E5%BA%97,,,8GB+256,,,中国大陆,,,,,,unknown,true,,,,pending
HIGH,,,魅族,魅族 Lucky 08,8,256,8GB+256,tmall,https://list.tmall.com/search_product.htm?q=%E9%AD%85%E6%97%8F%20%E9%AD%85%E6%97%8F%20Lucky%2008%208GB%2B256%20%E5%AE%98%E6%96%B9%E6%97%97%E8%88%B0%E5%BA%97,,,8GB+256,,,中国大陆,,,,,,unknown,true,,,,pending
HIGH,,,魅族,魅族 Note 16,8,128,8GB+128,jd,https://search.jd.com/Search?keyword=%E9%AD%85%E6%97%8F%20%E9%AD%85%E6%97%8F%20Note%2016%208GB%2B128%20%E5%AE%98%E6%96%B9%E6%97%97%E8%88%B0%E5%BA%97,,,8GB+128,,,中国大陆,,,,,,unknown,true,,,,pending
HIGH,,,魅族,魅族 Note 16,8,128,8GB+128,pdd,https://mobile.yangkeduo.com/search_result.html?search_key=%E9%AD%85%E6%97%8F%20%E9%AD%85%E6%97%8F%20Note%2016%208GB%2B128%20%E5%AE%98%E6%96%B9%E6%97%97%E8%88%B0%E5%BA%97,,,8GB+128,,,中国大陆,,,,,,unknown,true,,,,pending
HIGH,,,魅族,魅族 Note 16,8,128,8GB+128,tmall,https://list.tmall.com/search_product.htm?q=%E9%AD%85%E6%97%8F%20%E9%AD%85%E6%97%8F%20Note%2016%208GB%2B128%20%E5%AE%98%E6%96%B9%E6%97%97%E8%88%B0%E5%BA%97,,,8GB+128,,,中国大陆,,,,,,unknown,true,,,,pending
HIGH,,,魅族,魅族 Note 16,8,256,8GB+256,jd,https://search.jd.com/Search?keyword=%E9%AD%85%E6%97%8F%20%E9%AD%85%E6%97%8F%20Note%2016%208GB%2B256%20%E5%AE%98%E6%96%B9%E6%97%97%E8%88%B0%E5%BA%97,,,8GB+256,,,中国大陆,,,,,,unknown,true,,,,pending
HIGH,,,魅族,魅族 Note 16,12,256,12GB+256,jd,https://search.jd.com/Search?keyword=%E9%AD%85%E6%97%8F%20%E9%AD%85%E6%97%8F%20Note%2016%2012GB%2B256%20%E5%AE%98%E6%96%B9%E6%97%97%E8%88%B0%E5%BA%97,,,12GB+256,,,中国大陆,,,,,,unknown,true,,,,pending
HIGH,,,魅族,魅族 Note 16,8,256,8GB+256,pdd,https://mobile.yangkeduo.com/search_result.html?search_key=%E9%AD%85%E6%97%8F%20%E9%AD%85%E6%97%8F%20Note%2016%208GB%2B256%20%E5%AE%98%E6%96%B9%E6%97%97%E8%88%B0%E5%BA%97,,,8GB+256,,,中国大陆,,,,,,unknown,true,,,,pending
HIGH,,,魅族,魅族 Note 16,12,256,12GB+256,pdd,https://mobile.yangkeduo.com/search_result.html?search_key=%E9%AD%85%E6%97%8F%20%E9%AD%85%E6%97%8F%20Note%2016%2012GB%2B256%20%E5%AE%98%E6%96%B9%E6%97%97%E8%88%B0%E5%BA%97,,,12GB+256,,,中国大陆,,,,,,unknown,true,,,,pending
HIGH,,,魅族,魅族 Note 16,8,256,8GB+256,tmall,https://list.tmall.com/search_product.htm?q=%E9%AD%85%E6%97%8F%20%E9%AD%85%E6%97%8F%20Note%2016%208GB%2B256%20%E5%AE%98%E6%96%B9%E6%97%97%E8%88%B0%E5%BA%97,,,8GB+256,,,中国大陆,,,,,,unknown,true,,,,pending
HIGH,,,魅族,魅族 Note 16,12,256,12GB+256,tmall,https://list.tmall.com/search_product.htm?q=%E9%AD%85%E6%97%8F%20%E9%AD%85%E6%97%8F%20Note%2016%2012GB%2B256%20%E5%AE%98%E6%96%B9%E6%97%97%E8%88%B0%E5%BA%97,,,12GB+256,,,中国大陆,,,,,,unknown,true,,,,pending
HIGH,,,魅族,魅族 Note 16 Pro,12,256,12GB+256,jd,https://search.jd.com/Search?keyword=%E9%AD%85%E6%97%8F%20%E9%AD%85%E6%97%8F%20Note%2016%20Pro%2012GB%2B256%20%E5%AE%98%E6%96%B9%E6%97%97%E8%88%B0%E5%BA%97,,,12GB+256,,,中国大陆,,,,,,unknown,true,,,,pending
HIGH,,,魅族,魅族 Note 16 Pro,12,256,12GB+256,pdd,https://mobile.yangkeduo.com/search_result.html?search_key=%E9%AD%85%E6%97%8F%20%E9%AD%85%E6%97%8F%20Note%2016%20Pro%2012GB%2B256%20%E5%AE%98%E6%96%B9%E6%97%97%E8%88%B0%E5%BA%97,,,12GB+256,,,中国大陆,,,,,,unknown,true,,,,pending
HIGH,,,魅族,魅族 Note 16 Pro,12,256,12GB+256,tmall,https://list.tmall.com/search_product.htm?q=%E9%AD%85%E6%97%8F%20%E9%AD%85%E6%97%8F%20Note%2016%20Pro%2012GB%2B256%20%E5%AE%98%E6%96%B9%E6%97%97%E8%88%B0%E5%BA%97,,,12GB+256,,,中国大陆,,,,,,unknown,true,,,,pending
HIGH,,,魅族,魅族 Note 16 Pro,16,512,16GB+512,jd,https://search.jd.com/Search?keyword=%E9%AD%85%E6%97%8F%20%E9%AD%85%E6%97%8F%20Note%2016%20Pro%2016GB%2B512%20%E5%AE%98%E6%96%B9%E6%97%97%E8%88%B0%E5%BA%97,,,16GB+512,,,中国大陆,,,,,,unknown,true,,,,pending
HIGH,,,魅族,魅族 Note 16 Pro,16,512,16GB+512,pdd,https://mobile.yangkeduo.com/search_result.html?search_key=%E9%AD%85%E6%97%8F%20%E9%AD%85%E6%97%8F%20Note%2016%20Pro%2016GB%2B512%20%E5%AE%98%E6%96%B9%E6%97%97%E8%88%B0%E5%BA%97,,,16GB+512,,,中国大陆,,,,,,unknown,true,,,,pending
HIGH,,,魅族,魅族 Note 16 Pro,16,512,16GB+512,tmall,https://list.tmall.com/search_product.htm?q=%E9%AD%85%E6%97%8F%20%E9%AD%85%E6%97%8F%20Note%2016%20Pro%2016GB%2B512%20%E5%AE%98%E6%96%B9%E6%97%97%E8%88%B0%E5%BA%97,,,16GB+512,,,中国大陆,,,,,,unknown,true,,,,pending
MEDIUM,2025-10-01,,vivo,iQOO 15,12,256,12GB+256,jd,https://search.jd.com/Search?keyword=vivo%20iQOO%2015%2012GB%2B256%20%E5%AE%98%E6%96%B9%E6%97%97%E8%88%B0%E5%BA%97,iQOO京东自营旗舰店,100283678024,12GB+256GB传奇版,vivo iQOO 15 12GB+256GB传奇版 第五代骁龙8至尊版 2K三星珠峰屏 国家补贴,https://item.jd.com/product/JayNFgjbNjrbHW-KBxyUrA.html,中国大陆,,4499.00,3999.00,,京东公开价;部分地区国家补贴;资格和地区以用户实际页面为准,unknown,true,data/raw/ecommerce/2026-09-03/jd_iqoo15_12_256.txt,,,existing_reviewed
MEDIUM,2025-10-01,5299.00,vivo,iQOO 15,16,256,16GB+256,tmall,https://list.tmall.com/search_product.htm?q=vivo%20iQOO%2015%2016GB%2B256%20%E5%AE%98%E6%96%B9%E6%97%97%E8%88%B0%E5%BA%97,vivo手机官方旗舰店,974850242549,16GB+256GB 凌云,【享限时优惠】vivo iQOO 15新品第五代骁龙8至尊版2K三星屏长续航学生游戏手机,https://detail.tmall.com/item.htm?id=974850242549&skuId=6293702130415,中国大陆,4899.00,4559.05,,4559.05,百亿补贴;券后价;闪电加补100元;政府补贴5%资格和实价未核验,unknown,true,data/raw/ecommerce/2026-09-03/tmall_iqoo15_16_256.txt,,,existing_reviewed
MEDIUM,2025-09-25,4499.00,小米,Xiaomi 17,12,256,12GB+256GB,jd,https://search.jd.com/Search?keyword=%E5%B0%8F%E7%B1%B3%20Xiaomi%2017%2012GB%2B256GB%20%E5%AE%98%E6%96%B9%E6%97%97%E8%88%B0%E5%BA%97,小米京东自营旗舰店,100209621655,12GB+256GB 白色,小米 17 12GB+256GB 白色,https://item.jd.com/100209621655.html,中国大陆,5099.00,5099.00,,,焕新补贴领后价4319.1元（资格及叠加规则未核验）,unknown,true,data/raw/ecommerce/2026-09-03/jd_xiaomi17_12_256.txt,data/raw/ecommerce/2026-09-03/jd_xiaomi17_12_256.png,,existing_reviewed
MEDIUM,2025-09-10,5999.00,Apple,iPhone 17,,256,256GB,jd,https://search.jd.com/Search?keyword=Apple%20iPhone%2017%20256GB%20%E5%AE%98%E6%96%B9%E6%97%97%E8%88%B0%E5%BA%97,,,256GB,,,中国大陆,,,,,,unknown,true,,,,pending
MEDIUM,2025-09-10,5999.00,Apple,iPhone 17,,256,256GB,pdd,https://mobile.yangkeduo.com/search_result.html?search_key=Apple%20iPhone%2017%20256GB%20%E5%AE%98%E6%96%B9%E6%97%97%E8%88%B0%E5%BA%97,,,256GB,,,中国大陆,,,,,,unknown,true,,,,pending
MEDIUM,2025-09-10,5999.00,Apple,iPhone 17,,256,256GB,tmall,https://list.tmall.com/search_product.htm?q=Apple%20iPhone%2017%20256GB%20%E5%AE%98%E6%96%B9%E6%97%97%E8%88%B0%E5%BA%97,,,256GB,,,中国大陆,,,,,,unknown,true,,,,pending
MEDIUM,2025-09-10,,Apple,iPhone 17,,512,512,jd,https://search.jd.com/Search?keyword=Apple%20iPhone%2017%20512%20%E5%AE%98%E6%96%B9%E6%97%97%E8%88%B0%E5%BA%97,,,512,,,中国大陆,,,,,,unknown,true,,,,pending
MEDIUM,2025-09-10,,Apple,iPhone 17,,512,512,pdd,https://mobile.yangkeduo.com/search_result.html?search_key=Apple%20iPhone%2017%20512%20%E5%AE%98%E6%96%B9%E6%97%97%E8%88%B0%E5%BA%97,,,512,,,中国大陆,,,,,,unknown,true,,,,pending
MEDIUM,2025-09-10,,Apple,iPhone 17,,512,512,tmall,https://list.tmall.com/search_product.htm?q=Apple%20iPhone%2017%20512%20%E5%AE%98%E6%96%B9%E6%97%97%E8%88%B0%E5%BA%97,,,512,,,中国大陆,,,,,,unknown,true,,,,pending
MEDIUM,2025-09-01,1399.00,vivo,vivo Y500,8,128,8GB+128,jd,https://search.jd.com/Search?keyword=vivo%20vivo%20Y500%208GB%2B128%20%E5%AE%98%E6%96%B9%E6%97%97%E8%88%B0%E5%BA%97,,,8GB+128,,,中国大陆,,,,,,unknown,true,,,,pending
MEDIUM,2025-09-01,1399.00,vivo,vivo Y500,8,128,8GB+128,pdd,https://mobile.yangkeduo.com/search_result.html?search_key=vivo%20vivo%20Y500%208GB%2B128%20%E5%AE%98%E6%96%B9%E6%97%97%E8%88%B0%E5%BA%97,,,8GB+128,,,中国大陆,,,,,,unknown,true,,,,pending
MEDIUM,2025-09-01,1399.00,vivo,vivo Y500,8,128,8GB+128,tmall,https://list.tmall.com/search_product.htm?q=vivo%20vivo%20Y500%208GB%2B128%20%E5%AE%98%E6%96%B9%E6%97%97%E8%88%B0%E5%BA%97,,,8GB+128,,,中国大陆,,,,,,unknown,true,,,,pending
MEDIUM,2025-09-01,1799.00,vivo,vivo Y500,12,256,12GB+256,jd,https://search.jd.com/Search?keyword=vivo%20vivo%20Y500%2012GB%2B256%20%E5%AE%98%E6%96%B9%E6%97%97%E8%88%B0%E5%BA%97,,,12GB+256,,,中国大陆,,,,,,unknown,true,,,,pending
MEDIUM,2025-09-01,1599.00,vivo,vivo Y500,8,256,8GB+256,jd,https://search.jd.com/Search?keyword=vivo%20vivo%20Y500%208GB%2B256%20%E5%AE%98%E6%96%B9%E6%97%97%E8%88%B0%E5%BA%97,,,8GB+256,,,中国大陆,,,,,,unknown,true,,,,pending
MEDIUM,2025-09-01,1799.00,vivo,vivo Y500,12,256,12GB+256,pdd,https://mobile.yangkeduo.com/search_result.html?search_key=vivo%20vivo%20Y500%2012GB%2B256%20%E5%AE%98%E6%96%B9%E6%97%97%E8%88%B0%E5%BA%97,,,12GB+256,,,中国大陆,,,,,,unknown,true,,,,pending
MEDIUM,2025-09-01,1599.00,vivo,vivo Y500,8,256,8GB+256,pdd,https://mobile.yangkeduo.com/search_result.html?search_key=vivo%20vivo%20Y500%208GB%2B256%20%E5%AE%98%E6%96%B9%E6%97%97%E8%88%B0%E5%BA%97,,,8GB+256,,,中国大陆,,,,,,unknown,true,,,,pending
MEDIUM,2025-09-01,1799.00,vivo,vivo Y500,12,256,12GB+256,tmall,https://list.tmall.com/search_product.htm?q=vivo%20vivo%20Y500%2012GB%2B256%20%E5%AE%98%E6%96%B9%E6%97%97%E8%88%B0%E5%BA%97,,,12GB+256,,,中国大陆,,,,,,unknown,true,,,,pending
MEDIUM,2025-09-01,1599.00,vivo,vivo Y500,8,256,8GB+256,tmall,https://list.tmall.com/search_product.htm?q=vivo%20vivo%20Y500%208GB%2B256%20%E5%AE%98%E6%96%B9%E6%97%97%E8%88%B0%E5%BA%97,,,8GB+256,,,中国大陆,,,,,,unknown,true,,,,pending
MEDIUM,2025-09-01,1999.00,vivo,vivo Y500,12,512,12GB+512,jd,https://search.jd.com/Search?keyword=vivo%20vivo%20Y500%2012GB%2B512%20%E5%AE%98%E6%96%B9%E6%97%97%E8%88%B0%E5%BA%97,,,12GB+512,,,中国大陆,,,,,,unknown,true,,,,pending
MEDIUM,2025-09-01,1999.00,vivo,vivo Y500,12,512,12GB+512,pdd,https://mobile.yangkeduo.com/search_result.html?search_key=vivo%20vivo%20Y500%2012GB%2B512%20%E5%AE%98%E6%96%B9%E6%97%97%E8%88%B0%E5%BA%97,,,12GB+512,,,中国大陆,,,,,,unknown,true,,,,pending
MEDIUM,2025-09-01,1999.00,vivo,vivo Y500,12,512,12GB+512,tmall,https://list.tmall.com/search_product.htm?q=vivo%20vivo%20Y500%2012GB%2B512%20%E5%AE%98%E6%96%B9%E6%97%97%E8%88%B0%E5%BA%97,,,12GB+512,,,中国大陆,,,,,,unknown,true,,,,pending
MEDIUM,2025-05-01,2999.00,vivo,iQOO Neo10 Pro+,12,256,12GB+256,jd,https://search.jd.com/Search?keyword=vivo%20iQOO%20Neo10%20Pro%2B%2012GB%2B256%20%E5%AE%98%E6%96%B9%E6%97%97%E8%88%B0%E5%BA%97,,,12GB+256,,,中国大陆,,,,,,unknown,true,,,,pending
MEDIUM,2025-05-01,3299.00,vivo,iQOO Neo10 Pro+,16,256,16GB+256,jd,https://search.jd.com/Search?keyword=vivo%20iQOO%20Neo10%20Pro%2B%2016GB%2B256%20%E5%AE%98%E6%96%B9%E6%97%97%E8%88%B0%E5%BA%97,,,16GB+256,,,中国大陆,,,,,,unknown,true,,,,pending
MEDIUM,2025-05-01,2999.00,vivo,iQOO Neo10 Pro+,12,256,12GB+256,pdd,https://mobile.yangkeduo.com/search_result.html?search_key=vivo%20iQOO%20Neo10%20Pro%2B%2012GB%2B256%20%E5%AE%98%E6%96%B9%E6%97%97%E8%88%B0%E5%BA%97,,,12GB+256,,,中国大陆,,,,,,unknown,true,,,,pending
MEDIUM,2025-05-01,3299.00,vivo,iQOO Neo10 Pro+,16,256,16GB+256,pdd,https://mobile.yangkeduo.com/search_result.html?search_key=vivo%20iQOO%20Neo10%20Pro%2B%2016GB%2B256%20%E5%AE%98%E6%96%B9%E6%97%97%E8%88%B0%E5%BA%97,,,16GB+256,,,中国大陆,,,,,,unknown,true,,,,pending
MEDIUM,2025-05-01,2999.00,vivo,iQOO Neo10 Pro+,12,256,12GB+256,tmall,https://list.tmall.com/search_product.htm?q=vivo%20iQOO%20Neo10%20Pro%2B%2012GB%2B256%20%E5%AE%98%E6%96%B9%E6%97%97%E8%88%B0%E5%BA%97,,,12GB+256,,,中国大陆,,,,,,unknown,true,,,,pending
MEDIUM,2025-05-01,3299.00,vivo,iQOO Neo10 Pro+,16,256,16GB+256,tmall,https://list.tmall.com/search_product.htm?q=vivo%20iQOO%20Neo10%20Pro%2B%2016GB%2B256%20%E5%AE%98%E6%96%B9%E6%97%97%E8%88%B0%E5%BA%97,,,16GB+256,,,中国大陆,,,,,,unknown,true,,,,pending
MEDIUM,2025-05-01,3499.00,vivo,iQOO Neo10 Pro+,12,512,12GB+512,jd,https://search.jd.com/Search?keyword=vivo%20iQOO%20Neo10%20Pro%2B%2012GB%2B512%20%E5%AE%98%E6%96%B9%E6%97%97%E8%88%B0%E5%BA%97,,,12GB+512,,,中国大陆,,,,,,unknown,true,,,,pending
MEDIUM,2025-05-01,3699.00,vivo,iQOO Neo10 Pro+,16,512,16GB+512,jd,https://search.jd.com/Search?keyword=vivo%20iQOO%20Neo10%20Pro%2B%2016GB%2B512%20%E5%AE%98%E6%96%B9%E6%97%97%E8%88%B0%E5%BA%97,,,16GB+512,,,中国大陆,,,,,,unknown,true,,,,pending
MEDIUM,2025-05-01,3499.00,vivo,iQOO Neo10 Pro+,12,512,12GB+512,pdd,https://mobile.yangkeduo.com/search_result.html?search_key=vivo%20iQOO%20Neo10%20Pro%2B%2012GB%2B512%20%E5%AE%98%E6%96%B9%E6%97%97%E8%88%B0%E5%BA%97,,,12GB+512,,,中国大陆,,,,,,unknown,true,,,,pending
MEDIUM,2025-05-01,3699.00,vivo,iQOO Neo10 Pro+,16,512,16GB+512,pdd,https://mobile.yangkeduo.com/search_result.html?search_key=vivo%20iQOO%20Neo10%20Pro%2B%2016GB%2B512%20%E5%AE%98%E6%96%B9%E6%97%97%E8%88%B0%E5%BA%97,,,16GB+512,,,中国大陆,,,,,,unknown,true,,,,pending
MEDIUM,2025-05-01,3499.00,vivo,iQOO Neo10 Pro+,12,512,12GB+512,tmall,https://list.tmall.com/search_product.htm?q=vivo%20iQOO%20Neo10%20Pro%2B%2012GB%2B512%20%E5%AE%98%E6%96%B9%E6%97%97%E8%88%B0%E5%BA%97,,,12GB+512,,,中国大陆,,,,,,unknown,true,,,,pending
MEDIUM,2025-05-01,3699.00,vivo,iQOO Neo10 Pro+,16,512,16GB+512,tmall,https://list.tmall.com/search_product.htm?q=vivo%20iQOO%20Neo10%20Pro%2B%2016GB%2B512%20%E5%AE%98%E6%96%B9%E6%97%97%E8%88%B0%E5%BA%97,,,16GB+512,,,中国大陆,,,,,,unknown,true,,,,pending
MEDIUM,2025-05-01,,vivo,iQOO Neo10 Pro+,16,1024,16GB+1TB,jd,https://search.jd.com/Search?keyword=vivo%20iQOO%20Neo10%20Pro%2B%2016GB%2B1TB%20%E5%AE%98%E6%96%B9%E6%97%97%E8%88%B0%E5%BA%97,,,16GB+1TB,,,中国大陆,,,,,,unknown,true,,,,pending
MEDIUM,2025-05-01,,vivo,iQOO Neo10 Pro+,16,1024,16GB+1TB,pdd,https://mobile.yangkeduo.com/search_result.html?search_key=vivo%20iQOO%20Neo10%20Pro%2B%2016GB%2B1TB%20%E5%AE%98%E6%96%B9%E6%97%97%E8%88%B0%E5%BA%97,,,16GB+1TB,,,中国大陆,,,,,,unknown,true,,,,pending
MEDIUM,2025-05-01,,vivo,iQOO Neo10 Pro+,16,1024,16GB+1TB,tmall,https://list.tmall.com/search_product.htm?q=vivo%20iQOO%20Neo10%20Pro%2B%2016GB%2B1TB%20%E5%AE%98%E6%96%B9%E6%97%97%E8%88%B0%E5%BA%97,,,16GB+1TB,,,中国大陆,,,,,,unknown,true,,,,pending
MEDIUM,2025-05-01,2699.00,vivo,vivo S30,12,256,12GB+256,jd,https://search.jd.com/Search?keyword=vivo%20vivo%20S30%2012GB%2B256%20%E5%AE%98%E6%96%B9%E6%97%97%E8%88%B0%E5%BA%97,,,12GB+256,,,中国大陆,,,,,,unknown,true,,,,pending
MEDIUM,2025-05-01,2699.00,vivo,vivo S30,12,256,12GB+256,pdd,https://mobile.yangkeduo.com/search_result.html?search_key=vivo%20vivo%20S30%2012GB%2B256%20%E5%AE%98%E6%96%B9%E6%97%97%E8%88%B0%E5%BA%97,,,12GB+256,,,中国大陆,,,,,,unknown,true,,,,pending
MEDIUM,2025-05-01,2699.00,vivo,vivo S30,12,256,12GB+256,tmall,https://list.tmall.com/search_product.htm?q=vivo%20vivo%20S30%2012GB%2B256%20%E5%AE%98%E6%96%B9%E6%97%97%E8%88%B0%E5%BA%97,,,12GB+256,,,中国大陆,,,,,,unknown,true,,,,pending
MEDIUM,2025-05-01,2999.00,vivo,vivo S30,12,512,12GB+512,jd,https://search.jd.com/Search?keyword=vivo%20vivo%20S30%2012GB%2B512%20%E5%AE%98%E6%96%B9%E6%97%97%E8%88%B0%E5%BA%97,,,12GB+512,,,中国大陆,,,,,,unknown,true,,,,pending
MEDIUM,2025-05-01,3299.00,vivo,vivo S30,16,512,16GB+512,jd,https://search.jd.com/Search?keyword=vivo%20vivo%20S30%2016GB%2B512%20%E5%AE%98%E6%96%B9%E6%97%97%E8%88%B0%E5%BA%97,,,16GB+512,,,中国大陆,,,,,,unknown,true,,,,pending
MEDIUM,2025-05-01,2999.00,vivo,vivo S30,12,512,12GB+512,pdd,https://mobile.yangkeduo.com/search_result.html?search_key=vivo%20vivo%20S30%2012GB%2B512%20%E5%AE%98%E6%96%B9%E6%97%97%E8%88%B0%E5%BA%97,,,12GB+512,,,中国大陆,,,,,,unknown,true,,,,pending
MEDIUM,2025-05-01,3299.00,vivo,vivo S30,16,512,16GB+512,pdd,https://mobile.yangkeduo.com/search_result.html?search_key=vivo%20vivo%20S30%2016GB%2B512%20%E5%AE%98%E6%96%B9%E6%97%97%E8%88%B0%E5%BA%97,,,16GB+512,,,中国大陆,,,,,,unknown,true,,,,pending
MEDIUM,2025-05-01,2999.00,vivo,vivo S30,12,512,12GB+512,tmall,https://list.tmall.com/search_product.htm?q=vivo%20vivo%20S30%2012GB%2B512%20%E5%AE%98%E6%96%B9%E6%97%97%E8%88%B0%E5%BA%97,,,12GB+512,,,中国大陆,,,,,,unknown,true,,,,pending
MEDIUM,2025-05-01,3299.00,vivo,vivo S30,16,512,16GB+512,tmall,https://list.tmall.com/search_product.htm?q=vivo%20vivo%20S30%2016GB%2B512%20%E5%AE%98%E6%96%B9%E6%97%97%E8%88%B0%E5%BA%97,,,16GB+512,,,中国大陆,,,,,,unknown,true,,,,pending
MEDIUM,2025-05-01,3499.00,vivo,vivo S30 Pro mini,12,256,12GB+256,jd,https://search.jd.com/Search?keyword=vivo%20vivo%20S30%20Pro%20mini%2012GB%2B256%20%E5%AE%98%E6%96%B9%E6%97%97%E8%88%B0%E5%BA%97,,,12GB+256,,,中国大陆,,,,,,unknown,true,,,,pending
MEDIUM,2025-05-01,3499.00,vivo,vivo S30 Pro mini,12,256,12GB+256,pdd,https://mobile.yangkeduo.com/search_result.html?search_key=vivo%20vivo%20S30%20Pro%20mini%2012GB%2B256%20%E5%AE%98%E6%96%B9%E6%97%97%E8%88%B0%E5%BA%97,,,12GB+256,,,中国大陆,,,,,,unknown,true,,,,pending
MEDIUM,2025-05-01,3499.00,vivo,vivo S30 Pro mini,12,256,12GB+256,tmall,https://list.tmall.com/search_product.htm?q=vivo%20vivo%20S30%20Pro%20mini%2012GB%2B256%20%E5%AE%98%E6%96%B9%E6%97%97%E8%88%B0%E5%BA%97,,,12GB+256,,,中国大陆,,,,,,unknown,true,,,,pending
MEDIUM,2025-05-01,3799.00,vivo,vivo S30 Pro mini,12,512,12GB+512,jd,https://search.jd.com/Search?keyword=vivo%20vivo%20S30%20Pro%20mini%2012GB%2B512%20%E5%AE%98%E6%96%B9%E6%97%97%E8%88%B0%E5%BA%97,,,12GB+512,,,中国大陆,,,,,,unknown,true,,,,pending
MEDIUM,2025-05-01,3999.00,vivo,vivo S30 Pro mini,16,512,16GB+512,jd,https://search.jd.com/Search?keyword=vivo%20vivo%20S30%20Pro%20mini%2016GB%2B512%20%E5%AE%98%E6%96%B9%E6%97%97%E8%88%B0%E5%BA%97,,,16GB+512,,,中国大陆,,,,,,unknown,true,,,,pending
MEDIUM,2025-05-01,3799.00,vivo,vivo S30 Pro mini,12,512,12GB+512,pdd,https://mobile.yangkeduo.com/search_result.html?search_key=vivo%20vivo%20S30%20Pro%20mini%2012GB%2B512%20%E5%AE%98%E6%96%B9%E6%97%97%E8%88%B0%E5%BA%97,,,12GB+512,,,中国大陆,,,,,,unknown,true,,,,pending
MEDIUM,2025-05-01,3999.00,vivo,vivo S30 Pro mini,16,512,16GB+512,pdd,https://mobile.yangkeduo.com/search_result.html?search_key=vivo%20vivo%20S30%20Pro%20mini%2016GB%2B512%20%E5%AE%98%E6%96%B9%E6%97%97%E8%88%B0%E5%BA%97,,,16GB+512,,,中国大陆,,,,,,unknown,true,,,,pending
MEDIUM,2025-05-01,3799.00,vivo,vivo S30 Pro mini,12,512,12GB+512,tmall,https://list.tmall.com/search_product.htm?q=vivo%20vivo%20S30%20Pro%20mini%2012GB%2B512%20%E5%AE%98%E6%96%B9%E6%97%97%E8%88%B0%E5%BA%97,,,12GB+512,,,中国大陆,,,,,,unknown,true,,,,pending
MEDIUM,2025-05-01,3999.00,vivo,vivo S30 Pro mini,16,512,16GB+512,tmall,https://list.tmall.com/search_product.htm?q=vivo%20vivo%20S30%20Pro%20mini%2016GB%2B512%20%E5%AE%98%E6%96%B9%E6%97%97%E8%88%B0%E5%BA%97,,,16GB+512,,,中国大陆,,,,,,unknown,true,,,,pending
MEDIUM,2025-04-01,2699.00,vivo,iQOO Z10 Turbo,12,256,12GB+256,jd,https://search.jd.com/Search?keyword=vivo%20iQOO%20Z10%20Turbo%2012GB%2B256%20%E5%AE%98%E6%96%B9%E6%97%97%E8%88%B0%E5%BA%97,,,12GB+256,,,中国大陆,,,,,,unknown,true,,,,pending
MEDIUM,2025-04-01,3099.00,vivo,iQOO Z10 Turbo,16,256,16GB+256,jd,https://search.jd.com/Search?keyword=vivo%20iQOO%20Z10%20Turbo%2016GB%2B256%20%E5%AE%98%E6%96%B9%E6%97%97%E8%88%B0%E5%BA%97,,,16GB+256,,,中国大陆,,,,,,unknown,true,,,,pending
MEDIUM,2025-04-01,2699.00,vivo,iQOO Z10 Turbo,12,256,12GB+256,pdd,https://mobile.yangkeduo.com/search_result.html?search_key=vivo%20iQOO%20Z10%20Turbo%2012GB%2B256%20%E5%AE%98%E6%96%B9%E6%97%97%E8%88%B0%E5%BA%97,,,12GB+256,,,中国大陆,,,,,,unknown,true,,,,pending
MEDIUM,2025-04-01,3099.00,vivo,iQOO Z10 Turbo,16,256,16GB+256,pdd,https://mobile.yangkeduo.com/search_result.html?search_key=vivo%20iQOO%20Z10%20Turbo%2016GB%2B256%20%E5%AE%98%E6%96%B9%E6%97%97%E8%88%B0%E5%BA%97,,,16GB+256,,,中国大陆,,,,,,unknown,true,,,,pending
MEDIUM,2025-04-01,2699.00,vivo,iQOO Z10 Turbo,12,256,12GB+256,tmall,https://list.tmall.com/search_product.htm?q=vivo%20iQOO%20Z10%20Turbo%2012GB%2B256%20%E5%AE%98%E6%96%B9%E6%97%97%E8%88%B0%E5%BA%97,,,12GB+256,,,中国大陆,,,,,,unknown,true,,,,pending
MEDIUM,2025-04-01,3099.00,vivo,iQOO Z10 Turbo,16,256,16GB+256,tmall,https://list.tmall.com/search_product.htm?q=vivo%20iQOO%20Z10%20Turbo%2016GB%2B256%20%E5%AE%98%E6%96%B9%E6%97%97%E8%88%B0%E5%BA%97,,,16GB+256,,,中国大陆,,,,,,unknown,true,,,,pending
MEDIUM,2025-04-01,3199.00,vivo,iQOO Z10 Turbo,12,512,12GB+512,jd,https://search.jd.com/Search?keyword=vivo%20iQOO%20Z10%20Turbo%2012GB%2B512%20%E5%AE%98%E6%96%B9%E6%97%97%E8%88%B0%E5%BA%97,,,12GB+512,,,中国大陆,,,,,,unknown,true,,,,pending
MEDIUM,2025-04-01,3599.00,vivo,iQOO Z10 Turbo,16,512,16GB+512,jd,https://search.jd.com/Search?keyword=vivo%20iQOO%20Z10%20Turbo%2016GB%2B512%20%E5%AE%98%E6%96%B9%E6%97%97%E8%88%B0%E5%BA%97,,,16GB+512,,,中国大陆,,,,,,unknown,true,,,,pending
MEDIUM,2025-04-01,3199.00,vivo,iQOO Z10 Turbo,12,512,12GB+512,pdd,https://mobile.yangkeduo.com/search_result.html?search_key=vivo%20iQOO%20Z10%20Turbo%2012GB%2B512%20%E5%AE%98%E6%96%B9%E6%97%97%E8%88%B0%E5%BA%97,,,12GB+512,,,中国大陆,,,,,,unknown,true,,,,pending
MEDIUM,2025-04-01,3599.00,vivo,iQOO Z10 Turbo,16,512,16GB+512,pdd,https://mobile.yangkeduo.com/search_result.html?search_key=vivo%20iQOO%20Z10%20Turbo%2016GB%2B512%20%E5%AE%98%E6%96%B9%E6%97%97%E8%88%B0%E5%BA%97,,,16GB+512,,,中国大陆,,,,,,unknown,true,,,,pending
MEDIUM,2025-04-01,3199.00,vivo,iQOO Z10 Turbo,12,512,12GB+512,tmall,https://list.tmall.com/search_product.htm?q=vivo%20iQOO%20Z10%20Turbo%2012GB%2B512%20%E5%AE%98%E6%96%B9%E6%97%97%E8%88%B0%E5%BA%97,,,12GB+512,,,中国大陆,,,,,,unknown,true,,,,pending
MEDIUM,2025-04-01,3599.00,vivo,iQOO Z10 Turbo,16,512,16GB+512,tmall,https://list.tmall.com/search_product.htm?q=vivo%20iQOO%20Z10%20Turbo%2016GB%2B512%20%E5%AE%98%E6%96%B9%E6%97%97%E8%88%B0%E5%BA%97,,,16GB+512,,,中国大陆,,,,,,unknown,true,,,,pending
MEDIUM,2025-04-01,1999.00,vivo,iQOO Z10 Turbo Pro,12,256,12GB+256,jd,https://search.jd.com/Search?keyword=vivo%20iQOO%20Z10%20Turbo%20Pro%2012GB%2B256%20%E5%AE%98%E6%96%B9%E6%97%97%E8%88%B0%E5%BA%97,,,12GB+256,,,中国大陆,,,,,,unknown,true,,,,pending
MEDIUM,2025-04-01,2199.00,vivo,iQOO Z10 Turbo Pro,16,256,16GB+256,jd,https://search.jd.com/Search?keyword=vivo%20iQOO%20Z10%20Turbo%20Pro%2016GB%2B256%20%E5%AE%98%E6%96%B9%E6%97%97%E8%88%B0%E5%BA%97,,,16GB+256,,,中国大陆,,,,,,unknown,true,,,,pending
MEDIUM,2025-04-01,1999.00,vivo,iQOO Z10 Turbo Pro,12,256,12GB+256,pdd,https://mobile.yangkeduo.com/search_result.html?search_key=vivo%20iQOO%20Z10%20Turbo%20Pro%2012GB%2B256%20%E5%AE%98%E6%96%B9%E6%97%97%E8%88%B0%E5%BA%97,,,12GB+256,,,中国大陆,,,,,,unknown,true,,,,pending
MEDIUM,2025-04-01,2199.00,vivo,iQOO Z10 Turbo Pro,16,256,16GB+256,pdd,https://mobile.yangkeduo.com/search_result.html?search_key=vivo%20iQOO%20Z10%20Turbo%20Pro%2016GB%2B256%20%E5%AE%98%E6%96%B9%E6%97%97%E8%88%B0%E5%BA%97,,,16GB+256,,,中国大陆,,,,,,unknown,true,,,,pending
MEDIUM,2025-04-01,1999.00,vivo,iQOO Z10 Turbo Pro,12,256,12GB+256,tmall,https://list.tmall.com/search_product.htm?q=vivo%20iQOO%20Z10%20Turbo%20Pro%2012GB%2B256%20%E5%AE%98%E6%96%B9%E6%97%97%E8%88%B0%E5%BA%97,,,12GB+256,,,中国大陆,,,,,,unknown,true,,,,pending
MEDIUM,2025-04-01,2199.00,vivo,iQOO Z10 Turbo Pro,16,256,16GB+256,tmall,https://list.tmall.com/search_product.htm?q=vivo%20iQOO%20Z10%20Turbo%20Pro%2016GB%2B256%20%E5%AE%98%E6%96%B9%E6%97%97%E8%88%B0%E5%BA%97,,,16GB+256,,,中国大陆,,,,,,unknown,true,,,,pending
MEDIUM,2025-04-01,2399.00,vivo,iQOO Z10 Turbo Pro,12,512,12GB+512,jd,https://search.jd.com/Search?keyword=vivo%20iQOO%20Z10%20Turbo%20Pro%2012GB%2B512%20%E5%AE%98%E6%96%B9%E6%97%97%E8%88%B0%E5%BA%97,,,12GB+512,,,中国大陆,,,,,,unknown,true,,,,pending
MEDIUM,2025-04-01,2599.00,vivo,iQOO Z10 Turbo Pro,16,512,16GB+512,jd,https://search.jd.com/Search?keyword=vivo%20iQOO%20Z10%20Turbo%20Pro%2016GB%2B512%20%E5%AE%98%E6%96%B9%E6%97%97%E8%88%B0%E5%BA%97,,,16GB+512,,,中国大陆,,,,,,unknown,true,,,,pending
MEDIUM,2025-04-01,2399.00,vivo,iQOO Z10 Turbo Pro,12,512,12GB+512,pdd,https://mobile.yangkeduo.com/search_result.html?search_key=vivo%20iQOO%20Z10%20Turbo%20Pro%2012GB%2B512%20%E5%AE%98%E6%96%B9%E6%97%97%E8%88%B0%E5%BA%97,,,12GB+512,,,中国大陆,,,,,,unknown,true,,,,pending
MEDIUM,2025-04-01,2599.00,vivo,iQOO Z10 Turbo Pro,16,512,16GB+512,pdd,https://mobile.yangkeduo.com/search_result.html?search_key=vivo%20iQOO%20Z10%20Turbo%20Pro%2016GB%2B512%20%E5%AE%98%E6%96%B9%E6%97%97%E8%88%B0%E5%BA%97,,,16GB+512,,,中国大陆,,,,,,unknown,true,,,,pending
MEDIUM,2025-04-01,2399.00,vivo,iQOO Z10 Turbo Pro,12,512,12GB+512,tmall,https://list.tmall.com/search_product.htm?q=vivo%20iQOO%20Z10%20Turbo%20Pro%2012GB%2B512%20%E5%AE%98%E6%96%B9%E6%97%97%E8%88%B0%E5%BA%97,,,12GB+512,,,中国大陆,,,,,,unknown,true,,,,pending
MEDIUM,2025-04-01,2599.00,vivo,iQOO Z10 Turbo Pro,16,512,16GB+512,tmall,https://list.tmall.com/search_product.htm?q=vivo%20iQOO%20Z10%20Turbo%20Pro%2016GB%2B512%20%E5%AE%98%E6%96%B9%E6%97%97%E8%88%B0%E5%BA%97,,,16GB+512,,,中国大陆,,,,,,unknown,true,,,,pending
MEDIUM,2025-04-01,1499.00,vivo,iQOO Z10x,8,128,8GB+128,jd,https://search.jd.com/Search?keyword=vivo%20iQOO%20Z10x%208GB%2B128%20%E5%AE%98%E6%96%B9%E6%97%97%E8%88%B0%E5%BA%97,,,8GB+128,,,中国大陆,,,,,,unknown,true,,,,pending
MEDIUM,2025-04-01,1499.00,vivo,iQOO Z10x,8,128,8GB+128,pdd,https://mobile.yangkeduo.com/search_result.html?search_key=vivo%20iQOO%20Z10x%208GB%2B128%20%E5%AE%98%E6%96%B9%E6%97%97%E8%88%B0%E5%BA%97,,,8GB+128,,,中国大陆,,,,,,unknown,true,,,,pending
MEDIUM,2025-04-01,1499.00,vivo,iQOO Z10x,8,128,8GB+128,tmall,https://list.tmall.com/search_product.htm?q=vivo%20iQOO%20Z10x%208GB%2B128%20%E5%AE%98%E6%96%B9%E6%97%97%E8%88%B0%E5%BA%97,,,8GB+128,,,中国大陆,,,,,,unknown,true,,,,pending
MEDIUM,2025-04-01,1699.00,vivo,iQOO Z10x,8,256,8GB+256,jd,https://search.jd.com/Search?keyword=vivo%20iQOO%20Z10x%208GB%2B256%20%E5%AE%98%E6%96%B9%E6%97%97%E8%88%B0%E5%BA%97,,,8GB+256,,,中国大陆,,,,,,unknown,true,,,,pending
MEDIUM,2025-04-01,1899.00,vivo,iQOO Z10x,12,256,12GB+256,jd,https://search.jd.com/Search?keyword=vivo%20iQOO%20Z10x%2012GB%2B256%20%E5%AE%98%E6%96%B9%E6%97%97%E8%88%B0%E5%BA%97,,,12GB+256,,,中国大陆,,,,,,unknown,true,,,,pending
MEDIUM,2025-04-01,1699.00,vivo,iQOO Z10x,8,256,8GB+256,pdd,https://mobile.yangkeduo.com/search_result.html?search_key=vivo%20iQOO%20Z10x%208GB%2B256%20%E5%AE%98%E6%96%B9%E6%97%97%E8%88%B0%E5%BA%97,,,8GB+256,,,中国大陆,,,,,,unknown,true,,,,pending
MEDIUM,2025-04-01,1899.00,vivo,iQOO Z10x,12,256,12GB+256,pdd,https://mobile.yangkeduo.com/search_result.html?search_key=vivo%20iQOO%20Z10x%2012GB%2B256%20%E5%AE%98%E6%96%B9%E6%97%97%E8%88%B0%E5%BA%97,,,12GB+256,,,中国大陆,,,,,,unknown,true,,,,pending
MEDIUM,2025-04-01,1699.00,vivo,iQOO Z10x,8,256,8GB+256,tmall,https://list.tmall.com/search_product.htm?q=vivo%20iQOO%20Z10x%208GB%2B256%20%E5%AE%98%E6%96%B9%E6%97%97%E8%88%B0%E5%BA%97,,,8GB+256,,,中国大陆,,,,,,unknown,true,,,,pending
MEDIUM,2025-04-01,1899.00,vivo,iQOO Z10x,12,256,12GB+256,tmall,https://list.tmall.com/search_product.htm?q=vivo%20iQOO%20Z10x%2012GB%2B256%20%E5%AE%98%E6%96%B9%E6%97%97%E8%88%B0%E5%BA%97,,,12GB+256,,,中国大陆,,,,,,unknown,true,,,,pending
MEDIUM,2025-04-01,2099.00,vivo,iQOO Z10x,12,512,12GB+512,jd,https://search.jd.com/Search?keyword=vivo%20iQOO%20Z10x%2012GB%2B512%20%E5%AE%98%E6%96%B9%E6%97%97%E8%88%B0%E5%BA%97,,,12GB+512,,,中国大陆,,,,,,unknown,true,,,,pending
MEDIUM,2025-04-01,2099.00,vivo,iQOO Z10x,12,512,12GB+512,pdd,https://mobile.yangkeduo.com/search_result.html?search_key=vivo%20iQOO%20Z10x%2012GB%2B512%20%E5%AE%98%E6%96%B9%E6%97%97%E8%88%B0%E5%BA%97,,,12GB+512,,,中国大陆,,,,,,unknown,true,,,,pending
MEDIUM,2025-04-01,2099.00,vivo,iQOO Z10x,12,512,12GB+512,tmall,https://list.tmall.com/search_product.htm?q=vivo%20iQOO%20Z10x%2012GB%2B512%20%E5%AE%98%E6%96%B9%E6%97%97%E8%88%B0%E5%BA%97,,,12GB+512,,,中国大陆,,,,,,unknown,true,,,,pending
MEDIUM,2025-04-01,6499.00,vivo,vivo X200 Ultra,12,256,12GB+256,jd,https://search.jd.com/Search?keyword=vivo%20vivo%20X200%20Ultra%2012GB%2B256%20%E5%AE%98%E6%96%B9%E6%97%97%E8%88%B0%E5%BA%97,,,12GB+256,,,中国大陆,,,,,,unknown,true,,,,pending
MEDIUM,2025-04-01,6499.00,vivo,vivo X200 Ultra,12,256,12GB+256,pdd,https://mobile.yangkeduo.com/search_result.html?search_key=vivo%20vivo%20X200%20Ultra%2012GB%2B256%20%E5%AE%98%E6%96%B9%E6%97%97%E8%88%B0%E5%BA%97,,,12GB+256,,,中国大陆,,,,,,unknown,true,,,,pending
MEDIUM,2025-04-01,6499.00,vivo,vivo X200 Ultra,12,256,12GB+256,tmall,https://list.tmall.com/search_product.htm?q=vivo%20vivo%20X200%20Ultra%2012GB%2B256%20%E5%AE%98%E6%96%B9%E6%97%97%E8%88%B0%E5%BA%97,,,12GB+256,,,中国大陆,,,,,,unknown,true,,,,pending
MEDIUM,2025-04-01,6999.00,vivo,vivo X200 Ultra,16,512,16GB+512,jd,https://search.jd.com/Search?keyword=vivo%20vivo%20X200%20Ultra%2016GB%2B512%20%E5%AE%98%E6%96%B9%E6%97%97%E8%88%B0%E5%BA%97,,,16GB+512,,,中国大陆,,,,,,unknown,true,,,,pending
MEDIUM,2025-04-01,6999.00,vivo,vivo X200 Ultra,16,512,16GB+512,pdd,https://mobile.yangkeduo.com/search_result.html?search_key=vivo%20vivo%20X200%20Ultra%2016GB%2B512%20%E5%AE%98%E6%96%B9%E6%97%97%E8%88%B0%E5%BA%97,,,16GB+512,,,中国大陆,,,,,,unknown,true,,,,pending
MEDIUM,2025-04-01,6999.00,vivo,vivo X200 Ultra,16,512,16GB+512,tmall,https://list.tmall.com/search_product.htm?q=vivo%20vivo%20X200%20Ultra%2016GB%2B512%20%E5%AE%98%E6%96%B9%E6%97%97%E8%88%B0%E5%BA%97,,,16GB+512,,,中国大陆,,,,,,unknown,true,,,,pending
MEDIUM,2025-04-01,,vivo,vivo X200 Ultra,16,1024,16GB+1TB,jd,https://search.jd.com/Search?keyword=vivo%20vivo%20X200%20Ultra%2016GB%2B1TB%20%E5%AE%98%E6%96%B9%E6%97%97%E8%88%B0%E5%BA%97,,,16GB+1TB,,,中国大陆,,,,,,unknown,true,,,,pending
MEDIUM,2025-04-01,,vivo,vivo X200 Ultra,16,1024,16GB+1TB,pdd,https://mobile.yangkeduo.com/search_result.html?search_key=vivo%20vivo%20X200%20Ultra%2016GB%2B1TB%20%E5%AE%98%E6%96%B9%E6%97%97%E8%88%B0%E5%BA%97,,,16GB+1TB,,,中国大陆,,,,,,unknown,true,,,,pending
MEDIUM,2025-04-01,,vivo,vivo X200 Ultra,16,1024,16GB+1TB,tmall,https://list.tmall.com/search_product.htm?q=vivo%20vivo%20X200%20Ultra%2016GB%2B1TB%20%E5%AE%98%E6%96%B9%E6%97%97%E8%88%B0%E5%BA%97,,,16GB+1TB,,,中国大陆,,,,,,unknown,true,,,,pending
MEDIUM,2025-03-01,1099.00,vivo,vivo Y300i,8,128,8GB+128,jd,https://search.jd.com/Search?keyword=vivo%20vivo%20Y300i%208GB%2B128%20%E5%AE%98%E6%96%B9%E6%97%97%E8%88%B0%E5%BA%97,,,8GB+128,,,中国大陆,,,,,,unknown,true,,,,pending
MEDIUM,2025-03-01,1099.00,vivo,vivo Y300i,8,128,8GB+128,pdd,https://mobile.yangkeduo.com/search_result.html?search_key=vivo%20vivo%20Y300i%208GB%2B128%20%E5%AE%98%E6%96%B9%E6%97%97%E8%88%B0%E5%BA%97,,,8GB+128,,,中国大陆,,,,,,unknown,true,,,,pending
MEDIUM,2025-03-01,1099.00,vivo,vivo Y300i,8,128,8GB+128,tmall,https://list.tmall.com/search_product.htm?q=vivo%20vivo%20Y300i%208GB%2B128%20%E5%AE%98%E6%96%B9%E6%97%97%E8%88%B0%E5%BA%97,,,8GB+128,,,中国大陆,,,,,,unknown,true,,,,pending
MEDIUM,2025-03-01,1599.00,vivo,vivo Y300i,12,256,12GB+256,jd,https://search.jd.com/Search?keyword=vivo%20vivo%20Y300i%2012GB%2B256%20%E5%AE%98%E6%96%B9%E6%97%97%E8%88%B0%E5%BA%97,,,12GB+256,,,中国大陆,,,,,,unknown,true,,,,pending
MEDIUM,2025-03-01,1499.00,vivo,vivo Y300i,8,256,8GB+256,jd,https://search.jd.com/Search?keyword=vivo%20vivo%20Y300i%208GB%2B256%20%E5%AE%98%E6%96%B9%E6%97%97%E8%88%B0%E5%BA%97,,,8GB+256,,,中国大陆,,,,,,unknown,true,,,,pending
MEDIUM,2025-03-01,1599.00,vivo,vivo Y300i,12,256,12GB+256,pdd,https://mobile.yangkeduo.com/search_result.html?search_key=vivo%20vivo%20Y300i%2012GB%2B256%20%E5%AE%98%E6%96%B9%E6%97%97%E8%88%B0%E5%BA%97,,,12GB+256,,,中国大陆,,,,,,unknown,true,,,,pending
MEDIUM,2025-03-01,1499.00,vivo,vivo Y300i,8,256,8GB+256,pdd,https://mobile.yangkeduo.com/search_result.html?search_key=vivo%20vivo%20Y300i%208GB%2B256%20%E5%AE%98%E6%96%B9%E6%97%97%E8%88%B0%E5%BA%97,,,8GB+256,,,中国大陆,,,,,,unknown,true,,,,pending
MEDIUM,2025-03-01,1599.00,vivo,vivo Y300i,12,256,12GB+256,tmall,https://list.tmall.com/search_product.htm?q=vivo%20vivo%20Y300i%2012GB%2B256%20%E5%AE%98%E6%96%B9%E6%97%97%E8%88%B0%E5%BA%97,,,12GB+256,,,中国大陆,,,,,,unknown,true,,,,pending
MEDIUM,2025-03-01,1499.00,vivo,vivo Y300i,8,256,8GB+256,tmall,https://list.tmall.com/search_product.htm?q=vivo%20vivo%20Y300i%208GB%2B256%20%E5%AE%98%E6%96%B9%E6%97%97%E8%88%B0%E5%BA%97,,,8GB+256,,,中国大陆,,,,,,unknown,true,,,,pending
MEDIUM,2025-03-01,1799.00,vivo,vivo Y300i,12,512,12GB+512,jd,https://search.jd.com/Search?keyword=vivo%20vivo%20Y300i%2012GB%2B512%20%E5%AE%98%E6%96%B9%E6%97%97%E8%88%B0%E5%BA%97,,,12GB+512,,,中国大陆,,,,,,unknown,true,,,,pending
MEDIUM,2025-03-01,1799.00,vivo,vivo Y300i,12,512,12GB+512,pdd,https://mobile.yangkeduo.com/search_result.html?search_key=vivo%20vivo%20Y300i%2012GB%2B512%20%E5%AE%98%E6%96%B9%E6%97%97%E8%88%B0%E5%BA%97,,,12GB+512,,,中国大陆,,,,,,unknown,true,,,,pending
MEDIUM,2025-03-01,1799.00,vivo,vivo Y300i,12,512,12GB+512,tmall,https://list.tmall.com/search_product.htm?q=vivo%20vivo%20Y300i%2012GB%2B512%20%E5%AE%98%E6%96%B9%E6%97%97%E8%88%B0%E5%BA%97,,,12GB+512,,,中国大陆,,,,,,unknown,true,,,,pending
MEDIUM,2024-12-01,1399.00,vivo,vivo Y300,8,128,8GB+128,jd,https://search.jd.com/Search?keyword=vivo%20vivo%20Y300%208GB%2B128%20%E5%AE%98%E6%96%B9%E6%97%97%E8%88%B0%E5%BA%97,,,8GB+128,,,中国大陆,,,,,,unknown,true,,,,pending
MEDIUM,2024-12-01,1399.00,vivo,vivo Y300,8,128,8GB+128,pdd,https://mobile.yangkeduo.com/search_result.html?search_key=vivo%20vivo%20Y300%208GB%2B128%20%E5%AE%98%E6%96%B9%E6%97%97%E8%88%B0%E5%BA%97,,,8GB+128,,,中国大陆,,,,,,unknown,true,,,,pending
MEDIUM,2024-12-01,1399.00,vivo,vivo Y300,8,128,8GB+128,tmall,https://list.tmall.com/search_product.htm?q=vivo%20vivo%20Y300%208GB%2B128%20%E5%AE%98%E6%96%B9%E6%97%97%E8%88%B0%E5%BA%97,,,8GB+128,,,中国大陆,,,,,,unknown,true,,,,pending
MEDIUM,2024-12-01,1799.00,vivo,vivo Y300,12,256,12GB+256,jd,https://search.jd.com/Search?keyword=vivo%20vivo%20Y300%2012GB%2B256%20%E5%AE%98%E6%96%B9%E6%97%97%E8%88%B0%E5%BA%97,,,12GB+256,,,中国大陆,,,,,,unknown,true,,,,pending
MEDIUM,2024-12-01,1599.00,vivo,vivo Y300,8,256,8GB+256,jd,https://search.jd.com/Search?keyword=vivo%20vivo%20Y300%208GB%2B256%20%E5%AE%98%E6%96%B9%E6%97%97%E8%88%B0%E5%BA%97,,,8GB+256,,,中国大陆,,,,,,unknown,true,,,,pending
MEDIUM,2024-12-01,1799.00,vivo,vivo Y300,12,256,12GB+256,pdd,https://mobile.yangkeduo.com/search_result.html?search_key=vivo%20vivo%20Y300%2012GB%2B256%20%E5%AE%98%E6%96%B9%E6%97%97%E8%88%B0%E5%BA%97,,,12GB+256,,,中国大陆,,,,,,unknown,true,,,,pending
MEDIUM,2024-12-01,1599.00,vivo,vivo Y300,8,256,8GB+256,pdd,https://mobile.yangkeduo.com/search_result.html?search_key=vivo%20vivo%20Y300%208GB%2B256%20%E5%AE%98%E6%96%B9%E6%97%97%E8%88%B0%E5%BA%97,,,8GB+256,,,中国大陆,,,,,,unknown,true,,,,pending
MEDIUM,2024-12-01,1799.00,vivo,vivo Y300,12,256,12GB+256,tmall,https://list.tmall.com/search_product.htm?q=vivo%20vivo%20Y300%2012GB%2B256%20%E5%AE%98%E6%96%B9%E6%97%97%E8%88%B0%E5%BA%97,,,12GB+256,,,中国大陆,,,,,,unknown,true,,,,pending
MEDIUM,2024-12-01,1599.00,vivo,vivo Y300,8,256,8GB+256,tmall,https://list.tmall.com/search_product.htm?q=vivo%20vivo%20Y300%208GB%2B256%20%E5%AE%98%E6%96%B9%E6%97%97%E8%88%B0%E5%BA%97,,,8GB+256,,,中国大陆,,,,,,unknown,true,,,,pending
MEDIUM,2024-12-01,1999.00,vivo,vivo Y300,12,512,12GB+512,jd,https://search.jd.com/Search?keyword=vivo%20vivo%20Y300%2012GB%2B512%20%E5%AE%98%E6%96%B9%E6%97%97%E8%88%B0%E5%BA%97,,,12GB+512,,,中国大陆,,,,,,unknown,true,,,,pending
MEDIUM,2024-12-01,1999.00,vivo,vivo Y300,12,512,12GB+512,pdd,https://mobile.yangkeduo.com/search_result.html?search_key=vivo%20vivo%20Y300%2012GB%2B512%20%E5%AE%98%E6%96%B9%E6%97%97%E8%88%B0%E5%BA%97,,,12GB+512,,,中国大陆,,,,,,unknown,true,,,,pending
MEDIUM,2024-12-01,1999.00,vivo,vivo Y300,12,512,12GB+512,tmall,https://list.tmall.com/search_product.htm?q=vivo%20vivo%20Y300%2012GB%2B512%20%E5%AE%98%E6%96%B9%E6%97%97%E8%88%B0%E5%BA%97,,,12GB+512,,,中国大陆,,,,,,unknown,true,,,,pending
MEDIUM,2024-11-26,5499.00,华为,HUAWEI Mate 70,12,256,12GB+256GB,jd,https://search.jd.com/Search?keyword=%E5%8D%8E%E4%B8%BA%20HUAWEI%20Mate%2070%2012GB%2B256GB%20%E5%AE%98%E6%96%B9%E6%97%97%E8%88%B0%E5%BA%97,,,12GB+256GB,,,中国大陆,,,,,,unknown,true,,,,pending
MEDIUM,2024-11-26,,华为,HUAWEI Mate 70,,256,256,jd,https://search.jd.com/Search?keyword=%E5%8D%8E%E4%B8%BA%20HUAWEI%20Mate%2070%20256%20%E5%AE%98%E6%96%B9%E6%97%97%E8%88%B0%E5%BA%97,,,256,,,中国大陆,,,,,,unknown,true,,,,pending
MEDIUM,2024-11-26,5499.00,华为,HUAWEI Mate 70,12,256,12GB+256GB,pdd,https://mobile.yangkeduo.com/search_result.html?search_key=%E5%8D%8E%E4%B8%BA%20HUAWEI%20Mate%2070%2012GB%2B256GB%20%E5%AE%98%E6%96%B9%E6%97%97%E8%88%B0%E5%BA%97,,,12GB+256GB,,,中国大陆,,,,,,unknown,true,,,,pending
MEDIUM,2024-11-26,,华为,HUAWEI Mate 70,,256,256,pdd,https://mobile.yangkeduo.com/search_result.html?search_key=%E5%8D%8E%E4%B8%BA%20HUAWEI%20Mate%2070%20256%20%E5%AE%98%E6%96%B9%E6%97%97%E8%88%B0%E5%BA%97,,,256,,,中国大陆,,,,,,unknown,true,,,,pending
MEDIUM,2024-11-26,5499.00,华为,HUAWEI Mate 70,12,256,12GB+256GB,tmall,https://list.tmall.com/search_product.htm?q=%E5%8D%8E%E4%B8%BA%20HUAWEI%20Mate%2070%2012GB%2B256GB%20%E5%AE%98%E6%96%B9%E6%97%97%E8%88%B0%E5%BA%97,,,12GB+256GB,,,中国大陆,,,,,,unknown,true,,,,pending
MEDIUM,2024-11-26,,华为,HUAWEI Mate 70,,256,256,tmall,https://list.tmall.com/search_product.htm?q=%E5%8D%8E%E4%B8%BA%20HUAWEI%20Mate%2070%20256%20%E5%AE%98%E6%96%B9%E6%97%97%E8%88%B0%E5%BA%97,,,256,,,中国大陆,,,,,,unknown,true,,,,pending
MEDIUM,2024-11-26,,华为,HUAWEI Mate 70,,512,512,jd,https://search.jd.com/Search?keyword=%E5%8D%8E%E4%B8%BA%20HUAWEI%20Mate%2070%20512%20%E5%AE%98%E6%96%B9%E6%97%97%E8%88%B0%E5%BA%97,,,512,,,中国大陆,,,,,,unknown,true,,,,pending
MEDIUM,2024-11-26,,华为,HUAWEI Mate 70,,512,512,pdd,https://mobile.yangkeduo.com/search_result.html?search_key=%E5%8D%8E%E4%B8%BA%20HUAWEI%20Mate%2070%20512%20%E5%AE%98%E6%96%B9%E6%97%97%E8%88%B0%E5%BA%97,,,512,,,中国大陆,,,,,,unknown,true,,,,pending
MEDIUM,2024-11-26,,华为,HUAWEI Mate 70,,512,512,tmall,https://list.tmall.com/search_product.htm?q=%E5%8D%8E%E4%B8%BA%20HUAWEI%20Mate%2070%20512%20%E5%AE%98%E6%96%B9%E6%97%97%E8%88%B0%E5%BA%97,,,512,,,中国大陆,,,,,,unknown,true,,,,pending
MEDIUM,2024-11-26,,华为,HUAWEI Mate 70,,1024,1TB,jd,https://search.jd.com/Search?keyword=%E5%8D%8E%E4%B8%BA%20HUAWEI%20Mate%2070%201TB%20%E5%AE%98%E6%96%B9%E6%97%97%E8%88%B0%E5%BA%97,,,1TB,,,中国大陆,,,,,,unknown,true,,,,pending
MEDIUM,2024-11-26,,华为,HUAWEI Mate 70,,1024,1TB,pdd,https://mobile.yangkeduo.com/search_result.html?search_key=%E5%8D%8E%E4%B8%BA%20HUAWEI%20Mate%2070%201TB%20%E5%AE%98%E6%96%B9%E6%97%97%E8%88%B0%E5%BA%97,,,1TB,,,中国大陆,,,,,,unknown,true,,,,pending
MEDIUM,2024-11-26,,华为,HUAWEI Mate 70,,1024,1TB,tmall,https://list.tmall.com/search_product.htm?q=%E5%8D%8E%E4%B8%BA%20HUAWEI%20Mate%2070%201TB%20%E5%AE%98%E6%96%B9%E6%97%97%E8%88%B0%E5%BA%97,,,1TB,,,中国大陆,,,,,,unknown,true,,,,pending
MEDIUM,2024-11-01,2399.00,vivo,iQOO Neo10,12,256,12GB+256,jd,https://search.jd.com/Search?keyword=vivo%20iQOO%20Neo10%2012GB%2B256%20%E5%AE%98%E6%96%B9%E6%97%97%E8%88%B0%E5%BA%97,,,12GB+256,,,中国大陆,,,,,,unknown,true,,,,pending
MEDIUM,2024-11-01,2599.00,vivo,iQOO Neo10,16,256,16GB+256,jd,https://search.jd.com/Search?keyword=vivo%20iQOO%20Neo10%2016GB%2B256%20%E5%AE%98%E6%96%B9%E6%97%97%E8%88%B0%E5%BA%97,,,16GB+256,,,中国大陆,,,,,,unknown,true,,,,pending
MEDIUM,2024-11-01,2399.00,vivo,iQOO Neo10,12,256,12GB+256,pdd,https://mobile.yangkeduo.com/search_result.html?search_key=vivo%20iQOO%20Neo10%2012GB%2B256%20%E5%AE%98%E6%96%B9%E6%97%97%E8%88%B0%E5%BA%97,,,12GB+256,,,中国大陆,,,,,,unknown,true,,,,pending
MEDIUM,2024-11-01,2599.00,vivo,iQOO Neo10,16,256,16GB+256,pdd,https://mobile.yangkeduo.com/search_result.html?search_key=vivo%20iQOO%20Neo10%2016GB%2B256%20%E5%AE%98%E6%96%B9%E6%97%97%E8%88%B0%E5%BA%97,,,16GB+256,,,中国大陆,,,,,,unknown,true,,,,pending
MEDIUM,2024-11-01,2399.00,vivo,iQOO Neo10,12,256,12GB+256,tmall,https://list.tmall.com/search_product.htm?q=vivo%20iQOO%20Neo10%2012GB%2B256%20%E5%AE%98%E6%96%B9%E6%97%97%E8%88%B0%E5%BA%97,,,12GB+256,,,中国大陆,,,,,,unknown,true,,,,pending
MEDIUM,2024-11-01,2599.00,vivo,iQOO Neo10,16,256,16GB+256,tmall,https://list.tmall.com/search_product.htm?q=vivo%20iQOO%20Neo10%2016GB%2B256%20%E5%AE%98%E6%96%B9%E6%97%97%E8%88%B0%E5%BA%97,,,16GB+256,,,中国大陆,,,,,,unknown,true,,,,pending
MEDIUM,2024-11-01,2799.00,vivo,iQOO Neo10,12,512,12GB+512,jd,https://search.jd.com/Search?keyword=vivo%20iQOO%20Neo10%2012GB%2B512%20%E5%AE%98%E6%96%B9%E6%97%97%E8%88%B0%E5%BA%97,,,12GB+512,,,中国大陆,,,,,,unknown,true,,,,pending
MEDIUM,2024-11-01,3099.00,vivo,iQOO Neo10,16,512,16GB+512,jd,https://search.jd.com/Search?keyword=vivo%20iQOO%20Neo10%2016GB%2B512%20%E5%AE%98%E6%96%B9%E6%97%97%E8%88%B0%E5%BA%97,,,16GB+512,,,中国大陆,,,,,,unknown,true,,,,pending
MEDIUM,2024-11-01,2799.00,vivo,iQOO Neo10,12,512,12GB+512,pdd,https://mobile.yangkeduo.com/search_result.html?search_key=vivo%20iQOO%20Neo10%2012GB%2B512%20%E5%AE%98%E6%96%B9%E6%97%97%E8%88%B0%E5%BA%97,,,12GB+512,,,中国大陆,,,,,,unknown,true,,,,pending
MEDIUM,2024-11-01,3099.00,vivo,iQOO Neo10,16,512,16GB+512,pdd,https://mobile.yangkeduo.com/search_result.html?search_key=vivo%20iQOO%20Neo10%2016GB%2B512%20%E5%AE%98%E6%96%B9%E6%97%97%E8%88%B0%E5%BA%97,,,16GB+512,,,中国大陆,,,,,,unknown,true,,,,pending
MEDIUM,2024-11-01,2799.00,vivo,iQOO Neo10,12,512,12GB+512,tmall,https://list.tmall.com/search_product.htm?q=vivo%20iQOO%20Neo10%2012GB%2B512%20%E5%AE%98%E6%96%B9%E6%97%97%E8%88%B0%E5%BA%97,,,12GB+512,,,中国大陆,,,,,,unknown,true,,,,pending
MEDIUM,2024-11-01,3099.00,vivo,iQOO Neo10,16,512,16GB+512,tmall,https://list.tmall.com/search_product.htm?q=vivo%20iQOO%20Neo10%2016GB%2B512%20%E5%AE%98%E6%96%B9%E6%97%97%E8%88%B0%E5%BA%97,,,16GB+512,,,中国大陆,,,,,,unknown,true,,,,pending
MEDIUM,2024-11-01,3599.00,vivo,iQOO Neo10,16,1024,16GB+1TB,jd,https://search.jd.com/Search?keyword=vivo%20iQOO%20Neo10%2016GB%2B1TB%20%E5%AE%98%E6%96%B9%E6%97%97%E8%88%B0%E5%BA%97,,,16GB+1TB,,,中国大陆,,,,,,unknown,true,,,,pending
MEDIUM,2024-11-01,3599.00,vivo,iQOO Neo10,16,1024,16GB+1TB,pdd,https://mobile.yangkeduo.com/search_result.html?search_key=vivo%20iQOO%20Neo10%2016GB%2B1TB%20%E5%AE%98%E6%96%B9%E6%97%97%E8%88%B0%E5%BA%97,,,16GB+1TB,,,中国大陆,,,,,,unknown,true,,,,pending
MEDIUM,2024-11-01,3599.00,vivo,iQOO Neo10,16,1024,16GB+1TB,tmall,https://list.tmall.com/search_product.htm?q=vivo%20iQOO%20Neo10%2016GB%2B1TB%20%E5%AE%98%E6%96%B9%E6%97%97%E8%88%B0%E5%BA%97,,,16GB+1TB,,,中国大陆,,,,,,unknown,true,,,,pending
MEDIUM,2024-11-01,3199.00,vivo,iQOO Neo10 Pro,12,256,12GB+256,jd,https://search.jd.com/Search?keyword=vivo%20iQOO%20Neo10%20Pro%2012GB%2B256%20%E5%AE%98%E6%96%B9%E6%97%97%E8%88%B0%E5%BA%97,,,12GB+256,,,中国大陆,,,,,,unknown,true,,,,pending
MEDIUM,2024-11-01,3399.00,vivo,iQOO Neo10 Pro,16,256,16GB+256,jd,https://search.jd.com/Search?keyword=vivo%20iQOO%20Neo10%20Pro%2016GB%2B256%20%E5%AE%98%E6%96%B9%E6%97%97%E8%88%B0%E5%BA%97,,,16GB+256,,,中国大陆,,,,,,unknown,true,,,,pending
MEDIUM,2024-11-01,3199.00,vivo,iQOO Neo10 Pro,12,256,12GB+256,pdd,https://mobile.yangkeduo.com/search_result.html?search_key=vivo%20iQOO%20Neo10%20Pro%2012GB%2B256%20%E5%AE%98%E6%96%B9%E6%97%97%E8%88%B0%E5%BA%97,,,12GB+256,,,中国大陆,,,,,,unknown,true,,,,pending
MEDIUM,2024-11-01,3399.00,vivo,iQOO Neo10 Pro,16,256,16GB+256,pdd,https://mobile.yangkeduo.com/search_result.html?search_key=vivo%20iQOO%20Neo10%20Pro%2016GB%2B256%20%E5%AE%98%E6%96%B9%E6%97%97%E8%88%B0%E5%BA%97,,,16GB+256,,,中国大陆,,,,,,unknown,true,,,,pending
MEDIUM,2024-11-01,3199.00,vivo,iQOO Neo10 Pro,12,256,12GB+256,tmall,https://list.tmall.com/search_product.htm?q=vivo%20iQOO%20Neo10%20Pro%2012GB%2B256%20%E5%AE%98%E6%96%B9%E6%97%97%E8%88%B0%E5%BA%97,,,12GB+256,,,中国大陆,,,,,,unknown,true,,,,pending
MEDIUM,2024-11-01,3399.00,vivo,iQOO Neo10 Pro,16,256,16GB+256,tmall,https://list.tmall.com/search_product.htm?q=vivo%20iQOO%20Neo10%20Pro%2016GB%2B256%20%E5%AE%98%E6%96%B9%E6%97%97%E8%88%B0%E5%BA%97,,,16GB+256,,,中国大陆,,,,,,unknown,true,,,,pending
MEDIUM,2024-11-01,3499.00,vivo,iQOO Neo10 Pro,12,512,12GB+512,jd,https://search.jd.com/Search?keyword=vivo%20iQOO%20Neo10%20Pro%2012GB%2B512%20%E5%AE%98%E6%96%B9%E6%97%97%E8%88%B0%E5%BA%97,,,12GB+512,,,中国大陆,,,,,,unknown,true,,,,pending
MEDIUM,2024-11-01,3799.00,vivo,iQOO Neo10 Pro,16,512,16GB+512,jd,https://search.jd.com/Search?keyword=vivo%20iQOO%20Neo10%20Pro%2016GB%2B512%20%E5%AE%98%E6%96%B9%E6%97%97%E8%88%B0%E5%BA%97,,,16GB+512,,,中国大陆,,,,,,unknown,true,,,,pending
MEDIUM,2024-11-01,3499.00,vivo,iQOO Neo10 Pro,12,512,12GB+512,pdd,https://mobile.yangkeduo.com/search_result.html?search_key=vivo%20iQOO%20Neo10%20Pro%2012GB%2B512%20%E5%AE%98%E6%96%B9%E6%97%97%E8%88%B0%E5%BA%97,,,12GB+512,,,中国大陆,,,,,,unknown,true,,,,pending
MEDIUM,2024-11-01,3799.00,vivo,iQOO Neo10 Pro,16,512,16GB+512,pdd,https://mobile.yangkeduo.com/search_result.html?search_key=vivo%20iQOO%20Neo10%20Pro%2016GB%2B512%20%E5%AE%98%E6%96%B9%E6%97%97%E8%88%B0%E5%BA%97,,,16GB+512,,,中国大陆,,,,,,unknown,true,,,,pending
MEDIUM,2024-11-01,3499.00,vivo,iQOO Neo10 Pro,12,512,12GB+512,tmall,https://list.tmall.com/search_product.htm?q=vivo%20iQOO%20Neo10%20Pro%2012GB%2B512%20%E5%AE%98%E6%96%B9%E6%97%97%E8%88%B0%E5%BA%97,,,12GB+512,,,中国大陆,,,,,,unknown,true,,,,pending
MEDIUM,2024-11-01,3799.00,vivo,iQOO Neo10 Pro,16,512,16GB+512,tmall,https://list.tmall.com/search_product.htm?q=vivo%20iQOO%20Neo10%20Pro%2016GB%2B512%20%E5%AE%98%E6%96%B9%E6%97%97%E8%88%B0%E5%BA%97,,,16GB+512,,,中国大陆,,,,,,unknown,true,,,,pending
MEDIUM,2024-11-01,4299.00,vivo,iQOO Neo10 Pro,16,1024,16GB+1TB,jd,https://search.jd.com/Search?keyword=vivo%20iQOO%20Neo10%20Pro%2016GB%2B1TB%20%E5%AE%98%E6%96%B9%E6%97%97%E8%88%B0%E5%BA%97,,,16GB+1TB,,,中国大陆,,,,,,unknown,true,,,,pending
MEDIUM,2024-11-01,4299.00,vivo,iQOO Neo10 Pro,16,1024,16GB+1TB,pdd,https://mobile.yangkeduo.com/search_result.html?search_key=vivo%20iQOO%20Neo10%20Pro%2016GB%2B1TB%20%E5%AE%98%E6%96%B9%E6%97%97%E8%88%B0%E5%BA%97,,,16GB+1TB,,,中国大陆,,,,,,unknown,true,,,,pending
MEDIUM,2024-11-01,4299.00,vivo,iQOO Neo10 Pro,16,1024,16GB+1TB,tmall,https://list.tmall.com/search_product.htm?q=vivo%20iQOO%20Neo10%20Pro%2016GB%2B1TB%20%E5%AE%98%E6%96%B9%E6%97%97%E8%88%B0%E5%BA%97,,,16GB+1TB,,,中国大陆,,,,,,unknown,true,,,,pending
MEDIUM,2024-11-01,2299.00,vivo,vivo S20,8,256,8GB+256,jd,https://search.jd.com/Search?keyword=vivo%20vivo%20S20%208GB%2B256%20%E5%AE%98%E6%96%B9%E6%97%97%E8%88%B0%E5%BA%97,,,8GB+256,,,中国大陆,,,,,,unknown,true,,,,pending
MEDIUM,2024-11-01,2599.00,vivo,vivo S20,12,256,12GB+256,jd,https://search.jd.com/Search?keyword=vivo%20vivo%20S20%2012GB%2B256%20%E5%AE%98%E6%96%B9%E6%97%97%E8%88%B0%E5%BA%97,,,12GB+256,,,中国大陆,,,,,,unknown,true,,,,pending
MEDIUM,2024-11-01,2299.00,vivo,vivo S20,8,256,8GB+256,pdd,https://mobile.yangkeduo.com/search_result.html?search_key=vivo%20vivo%20S20%208GB%2B256%20%E5%AE%98%E6%96%B9%E6%97%97%E8%88%B0%E5%BA%97,,,8GB+256,,,中国大陆,,,,,,unknown,true,,,,pending
MEDIUM,2024-11-01,2599.00,vivo,vivo S20,12,256,12GB+256,pdd,https://mobile.yangkeduo.com/search_result.html?search_key=vivo%20vivo%20S20%2012GB%2B256%20%E5%AE%98%E6%96%B9%E6%97%97%E8%88%B0%E5%BA%97,,,12GB+256,,,中国大陆,,,,,,unknown,true,,,,pending
MEDIUM,2024-11-01,2299.00,vivo,vivo S20,8,256,8GB+256,tmall,https://list.tmall.com/search_product.htm?q=vivo%20vivo%20S20%208GB%2B256%20%E5%AE%98%E6%96%B9%E6%97%97%E8%88%B0%E5%BA%97,,,8GB+256,,,中国大陆,,,,,,unknown,true,,,,pending
MEDIUM,2024-11-01,2599.00,vivo,vivo S20,12,256,12GB+256,tmall,https://list.tmall.com/search_product.htm?q=vivo%20vivo%20S20%2012GB%2B256%20%E5%AE%98%E6%96%B9%E6%97%97%E8%88%B0%E5%BA%97,,,12GB+256,,,中国大陆,,,,,,unknown,true,,,,pending
MEDIUM,2024-11-01,2799.00,vivo,vivo S20,12,512,12GB+512,jd,https://search.jd.com/Search?keyword=vivo%20vivo%20S20%2012GB%2B512%20%E5%AE%98%E6%96%B9%E6%97%97%E8%88%B0%E5%BA%97,,,12GB+512,,,中国大陆,,,,,,unknown,true,,,,pending
MEDIUM,2024-11-01,2999.00,vivo,vivo S20,16,512,16GB+512,jd,https://search.jd.com/Search?keyword=vivo%20vivo%20S20%2016GB%2B512%20%E5%AE%98%E6%96%B9%E6%97%97%E8%88%B0%E5%BA%97,,,16GB+512,,,中国大陆,,,,,,unknown,true,,,,pending
MEDIUM,2024-11-01,2799.00,vivo,vivo S20,12,512,12GB+512,pdd,https://mobile.yangkeduo.com/search_result.html?search_key=vivo%20vivo%20S20%2012GB%2B512%20%E5%AE%98%E6%96%B9%E6%97%97%E8%88%B0%E5%BA%97,,,12GB+512,,,中国大陆,,,,,,unknown,true,,,,pending
MEDIUM,2024-11-01,2999.00,vivo,vivo S20,16,512,16GB+512,pdd,https://mobile.yangkeduo.com/search_result.html?search_key=vivo%20vivo%20S20%2016GB%2B512%20%E5%AE%98%E6%96%B9%E6%97%97%E8%88%B0%E5%BA%97,,,16GB+512,,,中国大陆,,,,,,unknown,true,,,,pending
MEDIUM,2024-11-01,2799.00,vivo,vivo S20,12,512,12GB+512,tmall,https://list.tmall.com/search_product.htm?q=vivo%20vivo%20S20%2012GB%2B512%20%E5%AE%98%E6%96%B9%E6%97%97%E8%88%B0%E5%BA%97,,,12GB+512,,,中国大陆,,,,,,unknown,true,,,,pending
MEDIUM,2024-11-01,2999.00,vivo,vivo S20,16,512,16GB+512,tmall,https://list.tmall.com/search_product.htm?q=vivo%20vivo%20S20%2016GB%2B512%20%E5%AE%98%E6%96%B9%E6%97%97%E8%88%B0%E5%BA%97,,,16GB+512,,,中国大陆,,,,,,unknown,true,,,,pending
MEDIUM,2024-11-01,,vivo,vivo S20 Pro,12,256,12GB+256,jd,https://search.jd.com/Search?keyword=vivo%20vivo%20S20%20Pro%2012GB%2B256%20%E5%AE%98%E6%96%B9%E6%97%97%E8%88%B0%E5%BA%97,,,12GB+256,,,中国大陆,,,,,,unknown,true,,,,pending
MEDIUM,2024-11-01,,vivo,vivo S20 Pro,12,256,12GB+256,pdd,https://mobile.yangkeduo.com/search_result.html?search_key=vivo%20vivo%20S20%20Pro%2012GB%2B256%20%E5%AE%98%E6%96%B9%E6%97%97%E8%88%B0%E5%BA%97,,,12GB+256,,,中国大陆,,,,,,unknown,true,,,,pending
MEDIUM,2024-11-01,,vivo,vivo S20 Pro,12,256,12GB+256,tmall,https://list.tmall.com/search_product.htm?q=vivo%20vivo%20S20%20Pro%2012GB%2B256%20%E5%AE%98%E6%96%B9%E6%97%97%E8%88%B0%E5%BA%97,,,12GB+256,,,中国大陆,,,,,,unknown,true,,,,pending
MEDIUM,2024-11-01,,vivo,vivo S20 Pro,12,512,12GB+512,jd,https://search.jd.com/Search?keyword=vivo%20vivo%20S20%20Pro%2012GB%2B512%20%E5%AE%98%E6%96%B9%E6%97%97%E8%88%B0%E5%BA%97,,,12GB+512,,,中国大陆,,,,,,unknown,true,,,,pending
MEDIUM,2024-11-01,,vivo,vivo S20 Pro,16,512,16GB+512,jd,https://search.jd.com/Search?keyword=vivo%20vivo%20S20%20Pro%2016GB%2B512%20%E5%AE%98%E6%96%B9%E6%97%97%E8%88%B0%E5%BA%97,,,16GB+512,,,中国大陆,,,,,,unknown,true,,,,pending
MEDIUM,2024-11-01,,vivo,vivo S20 Pro,12,512,12GB+512,pdd,https://mobile.yangkeduo.com/search_result.html?search_key=vivo%20vivo%20S20%20Pro%2012GB%2B512%20%E5%AE%98%E6%96%B9%E6%97%97%E8%88%B0%E5%BA%97,,,12GB+512,,,中国大陆,,,,,,unknown,true,,,,pending
MEDIUM,2024-11-01,,vivo,vivo S20 Pro,16,512,16GB+512,pdd,https://mobile.yangkeduo.com/search_result.html?search_key=vivo%20vivo%20S20%20Pro%2016GB%2B512%20%E5%AE%98%E6%96%B9%E6%97%97%E8%88%B0%E5%BA%97,,,16GB+512,,,中国大陆,,,,,,unknown,true,,,,pending
MEDIUM,2024-11-01,,vivo,vivo S20 Pro,12,512,12GB+512,tmall,https://list.tmall.com/search_product.htm?q=vivo%20vivo%20S20%20Pro%2012GB%2B512%20%E5%AE%98%E6%96%B9%E6%97%97%E8%88%B0%E5%BA%97,,,12GB+512,,,中国大陆,,,,,,unknown,true,,,,pending
MEDIUM,2024-11-01,,vivo,vivo S20 Pro,16,512,16GB+512,tmall,https://list.tmall.com/search_product.htm?q=vivo%20vivo%20S20%20Pro%2016GB%2B512%20%E5%AE%98%E6%96%B9%E6%97%97%E8%88%B0%E5%BA%97,,,16GB+512,,,中国大陆,,,,,,unknown,true,,,,pending
MEDIUM,2024-10-01,3999.00,vivo,iQOO 13,12,256,12GB+256,jd,https://search.jd.com/Search?keyword=vivo%20iQOO%2013%2012GB%2B256%20%E5%AE%98%E6%96%B9%E6%97%97%E8%88%B0%E5%BA%97,,,12GB+256,,,中国大陆,,,,,,unknown,true,,,,pending
MEDIUM,2024-10-01,4299.00,vivo,iQOO 13,16,256,16GB+256,jd,https://search.jd.com/Search?keyword=vivo%20iQOO%2013%2016GB%2B256%20%E5%AE%98%E6%96%B9%E6%97%97%E8%88%B0%E5%BA%97,,,16GB+256,,,中国大陆,,,,,,unknown,true,,,,pending
MEDIUM,2024-10-01,3999.00,vivo,iQOO 13,12,256,12GB+256,pdd,https://mobile.yangkeduo.com/search_result.html?search_key=vivo%20iQOO%2013%2012GB%2B256%20%E5%AE%98%E6%96%B9%E6%97%97%E8%88%B0%E5%BA%97,,,12GB+256,,,中国大陆,,,,,,unknown,true,,,,pending
MEDIUM,2024-10-01,4299.00,vivo,iQOO 13,16,256,16GB+256,pdd,https://mobile.yangkeduo.com/search_result.html?search_key=vivo%20iQOO%2013%2016GB%2B256%20%E5%AE%98%E6%96%B9%E6%97%97%E8%88%B0%E5%BA%97,,,16GB+256,,,中国大陆,,,,,,unknown,true,,,,pending
MEDIUM,2024-10-01,3999.00,vivo,iQOO 13,12,256,12GB+256,tmall,https://list.tmall.com/search_product.htm?q=vivo%20iQOO%2013%2012GB%2B256%20%E5%AE%98%E6%96%B9%E6%97%97%E8%88%B0%E5%BA%97,,,12GB+256,,,中国大陆,,,,,,unknown,true,,,,pending
MEDIUM,2024-10-01,4299.00,vivo,iQOO 13,16,256,16GB+256,tmall,https://list.tmall.com/search_product.htm?q=vivo%20iQOO%2013%2016GB%2B256%20%E5%AE%98%E6%96%B9%E6%97%97%E8%88%B0%E5%BA%97,,,16GB+256,,,中国大陆,,,,,,unknown,true,,,,pending
MEDIUM,2024-10-01,4499.00,vivo,iQOO 13,12,512,12GB+512,jd,https://search.jd.com/Search?keyword=vivo%20iQOO%2013%2012GB%2B512%20%E5%AE%98%E6%96%B9%E6%97%97%E8%88%B0%E5%BA%97,,,12GB+512,,,中国大陆,,,,,,unknown,true,,,,pending
MEDIUM,2024-10-01,4699.00,vivo,iQOO 13,16,512,16GB+512,jd,https://search.jd.com/Search?keyword=vivo%20iQOO%2013%2016GB%2B512%20%E5%AE%98%E6%96%B9%E6%97%97%E8%88%B0%E5%BA%97,,,16GB+512,,,中国大陆,,,,,,unknown,true,,,,pending
MEDIUM,2024-10-01,4499.00,vivo,iQOO 13,12,512,12GB+512,pdd,https://mobile.yangkeduo.com/search_result.html?search_key=vivo%20iQOO%2013%2012GB%2B512%20%E5%AE%98%E6%96%B9%E6%97%97%E8%88%B0%E5%BA%97,,,12GB+512,,,中国大陆,,,,,,unknown,true,,,,pending
MEDIUM,2024-10-01,4699.00,vivo,iQOO 13,16,512,16GB+512,pdd,https://mobile.yangkeduo.com/search_result.html?search_key=vivo%20iQOO%2013%2016GB%2B512%20%E5%AE%98%E6%96%B9%E6%97%97%E8%88%B0%E5%BA%97,,,16GB+512,,,中国大陆,,,,,,unknown,true,,,,pending
MEDIUM,2024-10-01,4499.00,vivo,iQOO 13,12,512,12GB+512,tmall,https://list.tmall.com/search_product.htm?q=vivo%20iQOO%2013%2012GB%2B512%20%E5%AE%98%E6%96%B9%E6%97%97%E8%88%B0%E5%BA%97,,,12GB+512,,,中国大陆,,,,,,unknown,true,,,,pending
MEDIUM,2024-10-01,4699.00,vivo,iQOO 13,16,512,16GB+512,tmall,https://list.tmall.com/search_product.htm?q=vivo%20iQOO%2013%2016GB%2B512%20%E5%AE%98%E6%96%B9%E6%97%97%E8%88%B0%E5%BA%97,,,16GB+512,,,中国大陆,,,,,,unknown,true,,,,pending
MEDIUM,2024-10-01,5199.00,vivo,iQOO 13,16,1024,16GB+1TB,jd,https://search.jd.com/Search?keyword=vivo%20iQOO%2013%2016GB%2B1TB%20%E5%AE%98%E6%96%B9%E6%97%97%E8%88%B0%E5%BA%97,,,16GB+1TB,,,中国大陆,,,,,,unknown,true,,,,pending
MEDIUM,2024-10-01,5199.00,vivo,iQOO 13,16,1024,16GB+1TB,pdd,https://mobile.yangkeduo.com/search_result.html?search_key=vivo%20iQOO%2013%2016GB%2B1TB%20%E5%AE%98%E6%96%B9%E6%97%97%E8%88%B0%E5%BA%97,,,16GB+1TB,,,中国大陆,,,,,,unknown,true,,,,pending
MEDIUM,2024-10-01,5199.00,vivo,iQOO 13,16,1024,16GB+1TB,tmall,https://list.tmall.com/search_product.htm?q=vivo%20iQOO%2013%2016GB%2B1TB%20%E5%AE%98%E6%96%B9%E6%97%97%E8%88%B0%E5%BA%97,,,16GB+1TB,,,中国大陆,,,,,,unknown,true,,,,pending
MEDIUM,2024-10-01,4299.00,vivo,vivo X200,12,256,12GB+256,jd,https://search.jd.com/Search?keyword=vivo%20vivo%20X200%2012GB%2B256%20%E5%AE%98%E6%96%B9%E6%97%97%E8%88%B0%E5%BA%97,,,12GB+256,,,中国大陆,,,,,,unknown,true,,,,pending
MEDIUM,2024-10-01,4299.00,vivo,vivo X200,12,256,12GB+256,pdd,https://mobile.yangkeduo.com/search_result.html?search_key=vivo%20vivo%20X200%2012GB%2B256%20%E5%AE%98%E6%96%B9%E6%97%97%E8%88%B0%E5%BA%97,,,12GB+256,,,中国大陆,,,,,,unknown,true,,,,pending
MEDIUM,2024-10-01,4299.00,vivo,vivo X200,12,256,12GB+256,tmall,https://list.tmall.com/search_product.htm?q=vivo%20vivo%20X200%2012GB%2B256%20%E5%AE%98%E6%96%B9%E6%97%97%E8%88%B0%E5%BA%97,,,12GB+256,,,中国大陆,,,,,,unknown,true,,,,pending
MEDIUM,2024-10-01,4699.00,vivo,vivo X200,12,512,12GB+512,jd,https://search.jd.com/Search?keyword=vivo%20vivo%20X200%2012GB%2B512%20%E5%AE%98%E6%96%B9%E6%97%97%E8%88%B0%E5%BA%97,,,12GB+512,,,中国大陆,,,,,,unknown,true,,,,pending
MEDIUM,2024-10-01,4999.00,vivo,vivo X200,16,512,16GB+512,jd,https://search.jd.com/Search?keyword=vivo%20vivo%20X200%2016GB%2B512%20%E5%AE%98%E6%96%B9%E6%97%97%E8%88%B0%E5%BA%97,,,16GB+512,,,中国大陆,,,,,,unknown,true,,,,pending
MEDIUM,2024-10-01,4699.00,vivo,vivo X200,12,512,12GB+512,pdd,https://mobile.yangkeduo.com/search_result.html?search_key=vivo%20vivo%20X200%2012GB%2B512%20%E5%AE%98%E6%96%B9%E6%97%97%E8%88%B0%E5%BA%97,,,12GB+512,,,中国大陆,,,,,,unknown,true,,,,pending
MEDIUM,2024-10-01,4999.00,vivo,vivo X200,16,512,16GB+512,pdd,https://mobile.yangkeduo.com/search_result.html?search_key=vivo%20vivo%20X200%2016GB%2B512%20%E5%AE%98%E6%96%B9%E6%97%97%E8%88%B0%E5%BA%97,,,16GB+512,,,中国大陆,,,,,,unknown,true,,,,pending
MEDIUM,2024-10-01,4699.00,vivo,vivo X200,12,512,12GB+512,tmall,https://list.tmall.com/search_product.htm?q=vivo%20vivo%20X200%2012GB%2B512%20%E5%AE%98%E6%96%B9%E6%97%97%E8%88%B0%E5%BA%97,,,12GB+512,,,中国大陆,,,,,,unknown,true,,,,pending
MEDIUM,2024-10-01,4999.00,vivo,vivo X200,16,512,16GB+512,tmall,https://list.tmall.com/search_product.htm?q=vivo%20vivo%20X200%2016GB%2B512%20%E5%AE%98%E6%96%B9%E6%97%97%E8%88%B0%E5%BA%97,,,16GB+512,,,中国大陆,,,,,,unknown,true,,,,pending
MEDIUM,2024-10-01,5499.00,vivo,vivo X200,16,1024,16GB+1TB,jd,https://search.jd.com/Search?keyword=vivo%20vivo%20X200%2016GB%2B1TB%20%E5%AE%98%E6%96%B9%E6%97%97%E8%88%B0%E5%BA%97,,,16GB+1TB,,,中国大陆,,,,,,unknown,true,,,,pending
MEDIUM,2024-10-01,5499.00,vivo,vivo X200,16,1024,16GB+1TB,pdd,https://mobile.yangkeduo.com/search_result.html?search_key=vivo%20vivo%20X200%2016GB%2B1TB%20%E5%AE%98%E6%96%B9%E6%97%97%E8%88%B0%E5%BA%97,,,16GB+1TB,,,中国大陆,,,,,,unknown,true,,,,pending
MEDIUM,2024-10-01,5499.00,vivo,vivo X200,16,1024,16GB+1TB,tmall,https://list.tmall.com/search_product.htm?q=vivo%20vivo%20X200%2016GB%2B1TB%20%E5%AE%98%E6%96%B9%E6%97%97%E8%88%B0%E5%BA%97,,,16GB+1TB,,,中国大陆,,,,,,unknown,true,,,,pending
MEDIUM,2024-10-01,5299.00,vivo,vivo X200 Pro,12,256,12GB+256,jd,https://search.jd.com/Search?keyword=vivo%20vivo%20X200%20Pro%2012GB%2B256%20%E5%AE%98%E6%96%B9%E6%97%97%E8%88%B0%E5%BA%97,,,12GB+256,,,中国大陆,,,,,,unknown,true,,,,pending
MEDIUM,2024-10-01,5299.00,vivo,vivo X200 Pro,12,256,12GB+256,pdd,https://mobile.yangkeduo.com/search_result.html?search_key=vivo%20vivo%20X200%20Pro%2012GB%2B256%20%E5%AE%98%E6%96%B9%E6%97%97%E8%88%B0%E5%BA%97,,,12GB+256,,,中国大陆,,,,,,unknown,true,,,,pending
MEDIUM,2024-10-01,5299.00,vivo,vivo X200 Pro,12,256,12GB+256,tmall,https://list.tmall.com/search_product.htm?q=vivo%20vivo%20X200%20Pro%2012GB%2B256%20%E5%AE%98%E6%96%B9%E6%97%97%E8%88%B0%E5%BA%97,,,12GB+256,,,中国大陆,,,,,,unknown,true,,,,pending
MEDIUM,2024-10-01,5999.00,vivo,vivo X200 Pro,16,512,16GB+512GB,jd,https://search.jd.com/Search?keyword=vivo%20vivo%20X200%20Pro%2016GB%2B512GB%20%E5%AE%98%E6%96%B9%E6%97%97%E8%88%B0%E5%BA%97,,,16GB+512GB,,,中国大陆,,,,,,unknown,true,,,,pending
MEDIUM,2024-10-01,5999.00,vivo,vivo X200 Pro,16,512,16GB+512GB,pdd,https://mobile.yangkeduo.com/search_result.html?search_key=vivo%20vivo%20X200%20Pro%2016GB%2B512GB%20%E5%AE%98%E6%96%B9%E6%97%97%E8%88%B0%E5%BA%97,,,16GB+512GB,,,中国大陆,,,,,,unknown,true,,,,pending
MEDIUM,2024-10-01,5999.00,vivo,vivo X200 Pro,16,512,16GB+512GB,tmall,https://list.tmall.com/search_product.htm?q=vivo%20vivo%20X200%20Pro%2016GB%2B512GB%20%E5%AE%98%E6%96%B9%E6%97%97%E8%88%B0%E5%BA%97,,,16GB+512GB,,,中国大陆,,,,,,unknown,true,,,,pending
MEDIUM,2024-10-01,,vivo,vivo X200 Pro,16,1024,16GB+1TB,jd,https://search.jd.com/Search?keyword=vivo%20vivo%20X200%20Pro%2016GB%2B1TB%20%E5%AE%98%E6%96%B9%E6%97%97%E8%88%B0%E5%BA%97,,,16GB+1TB,,,中国大陆,,,,,,unknown,true,,,,pending
MEDIUM,2024-10-01,,vivo,vivo X200 Pro,16,1024,16GB+1TB,pdd,https://mobile.yangkeduo.com/search_result.html?search_key=vivo%20vivo%20X200%20Pro%2016GB%2B1TB%20%E5%AE%98%E6%96%B9%E6%97%97%E8%88%B0%E5%BA%97,,,16GB+1TB,,,中国大陆,,,,,,unknown,true,,,,pending
MEDIUM,2024-10-01,,vivo,vivo X200 Pro,16,1024,16GB+1TB,tmall,https://list.tmall.com/search_product.htm?q=vivo%20vivo%20X200%20Pro%2016GB%2B1TB%20%E5%AE%98%E6%96%B9%E6%97%97%E8%88%B0%E5%BA%97,,,16GB+1TB,,,中国大陆,,,,,,unknown,true,,,,pending
MEDIUM,2024-10-01,4699.00,vivo,vivo X200 Pro mini,12,256,12GB+256,jd,https://search.jd.com/Search?keyword=vivo%20vivo%20X200%20Pro%20mini%2012GB%2B256%20%E5%AE%98%E6%96%B9%E6%97%97%E8%88%B0%E5%BA%97,,,12GB+256,,,中国大陆,,,,,,unknown,true,,,,pending
MEDIUM,2024-10-01,4699.00,vivo,vivo X200 Pro mini,12,256,12GB+256,pdd,https://mobile.yangkeduo.com/search_result.html?search_key=vivo%20vivo%20X200%20Pro%20mini%2012GB%2B256%20%E5%AE%98%E6%96%B9%E6%97%97%E8%88%B0%E5%BA%97,,,12GB+256,,,中国大陆,,,,,,unknown,true,,,,pending
MEDIUM,2024-10-01,4699.00,vivo,vivo X200 Pro mini,12,256,12GB+256,tmall,https://list.tmall.com/search_product.htm?q=vivo%20vivo%20X200%20Pro%20mini%2012GB%2B256%20%E5%AE%98%E6%96%B9%E6%97%97%E8%88%B0%E5%BA%97,,,12GB+256,,,中国大陆,,,,,,unknown,true,,,,pending
MEDIUM,2024-10-01,4999.00,vivo,vivo X200 Pro mini,12,512,12GB+512,jd,https://search.jd.com/Search?keyword=vivo%20vivo%20X200%20Pro%20mini%2012GB%2B512%20%E5%AE%98%E6%96%B9%E6%97%97%E8%88%B0%E5%BA%97,,,12GB+512,,,中国大陆,,,,,,unknown,true,,,,pending
MEDIUM,2024-10-01,5299.00,vivo,vivo X200 Pro mini,16,512,16GB+512,jd,https://search.jd.com/Search?keyword=vivo%20vivo%20X200%20Pro%20mini%2016GB%2B512%20%E5%AE%98%E6%96%B9%E6%97%97%E8%88%B0%E5%BA%97,,,16GB+512,,,中国大陆,,,,,,unknown,true,,,,pending
MEDIUM,2024-10-01,4999.00,vivo,vivo X200 Pro mini,12,512,12GB+512,pdd,https://mobile.yangkeduo.com/search_result.html?search_key=vivo%20vivo%20X200%20Pro%20mini%2012GB%2B512%20%E5%AE%98%E6%96%B9%E6%97%97%E8%88%B0%E5%BA%97,,,12GB+512,,,中国大陆,,,,,,unknown,true,,,,pending
MEDIUM,2024-10-01,5299.00,vivo,vivo X200 Pro mini,16,512,16GB+512,pdd,https://mobile.yangkeduo.com/search_result.html?search_key=vivo%20vivo%20X200%20Pro%20mini%2016GB%2B512%20%E5%AE%98%E6%96%B9%E6%97%97%E8%88%B0%E5%BA%97,,,16GB+512,,,中国大陆,,,,,,unknown,true,,,,pending
MEDIUM,2024-10-01,4999.00,vivo,vivo X200 Pro mini,12,512,12GB+512,tmall,https://list.tmall.com/search_product.htm?q=vivo%20vivo%20X200%20Pro%20mini%2012GB%2B512%20%E5%AE%98%E6%96%B9%E6%97%97%E8%88%B0%E5%BA%97,,,12GB+512,,,中国大陆,,,,,,unknown,true,,,,pending
MEDIUM,2024-10-01,5299.00,vivo,vivo X200 Pro mini,16,512,16GB+512,tmall,https://list.tmall.com/search_product.htm?q=vivo%20vivo%20X200%20Pro%20mini%2016GB%2B512%20%E5%AE%98%E6%96%B9%E6%97%97%E8%88%B0%E5%BA%97,,,16GB+512,,,中国大陆,,,,,,unknown,true,,,,pending
MEDIUM,2024-10-01,5799.00,vivo,vivo X200 Pro mini,16,1024,16GB+1TB,jd,https://search.jd.com/Search?keyword=vivo%20vivo%20X200%20Pro%20mini%2016GB%2B1TB%20%E5%AE%98%E6%96%B9%E6%97%97%E8%88%B0%E5%BA%97,,,16GB+1TB,,,中国大陆,,,,,,unknown,true,,,,pending
MEDIUM,2024-10-01,5799.00,vivo,vivo X200 Pro mini,16,1024,16GB+1TB,pdd,https://mobile.yangkeduo.com/search_result.html?search_key=vivo%20vivo%20X200%20Pro%20mini%2016GB%2B1TB%20%E5%AE%98%E6%96%B9%E6%97%97%E8%88%B0%E5%BA%97,,,16GB+1TB,,,中国大陆,,,,,,unknown,true,,,,pending
MEDIUM,2024-10-01,5799.00,vivo,vivo X200 Pro mini,16,1024,16GB+1TB,tmall,https://list.tmall.com/search_product.htm?q=vivo%20vivo%20X200%20Pro%20mini%2016GB%2B1TB%20%E5%AE%98%E6%96%B9%E6%97%97%E8%88%B0%E5%BA%97,,,16GB+1TB,,,中国大陆,,,,,,unknown,true,,,,pending
MEDIUM,2024-09-01,1799.00,vivo,vivo Y300 Pro,8,128,8GB+128,jd,https://search.jd.com/Search?keyword=vivo%20vivo%20Y300%20Pro%208GB%2B128%20%E5%AE%98%E6%96%B9%E6%97%97%E8%88%B0%E5%BA%97,,,8GB+128,,,中国大陆,,,,,,unknown,true,,,,pending
MEDIUM,2024-09-01,1799.00,vivo,vivo Y300 Pro,8,128,8GB+128,pdd,https://mobile.yangkeduo.com/search_result.html?search_key=vivo%20vivo%20Y300%20Pro%208GB%2B128%20%E5%AE%98%E6%96%B9%E6%97%97%E8%88%B0%E5%BA%97,,,8GB+128,,,中国大陆,,,,,,unknown,true,,,,pending
MEDIUM,2024-09-01,1799.00,vivo,vivo Y300 Pro,8,128,8GB+128,tmall,https://list.tmall.com/search_product.htm?q=vivo%20vivo%20Y300%20Pro%208GB%2B128%20%E5%AE%98%E6%96%B9%E6%97%97%E8%88%B0%E5%BA%97,,,8GB+128,,,中国大陆,,,,,,unknown,true,,,,pending
MEDIUM,2024-09-01,2199.00,vivo,vivo Y300 Pro,12,256,12GB+256,jd,https://search.jd.com/Search?keyword=vivo%20vivo%20Y300%20Pro%2012GB%2B256%20%E5%AE%98%E6%96%B9%E6%97%97%E8%88%B0%E5%BA%97,,,12GB+256,,,中国大陆,,,,,,unknown,true,,,,pending
MEDIUM,2024-09-01,1999.00,vivo,vivo Y300 Pro,8,256,8GB+256,jd,https://search.jd.com/Search?keyword=vivo%20vivo%20Y300%20Pro%208GB%2B256%20%E5%AE%98%E6%96%B9%E6%97%97%E8%88%B0%E5%BA%97,,,8GB+256,,,中国大陆,,,,,,unknown,true,,,,pending
MEDIUM,2024-09-01,2199.00,vivo,vivo Y300 Pro,12,256,12GB+256,pdd,https://mobile.yangkeduo.com/search_result.html?search_key=vivo%20vivo%20Y300%20Pro%2012GB%2B256%20%E5%AE%98%E6%96%B9%E6%97%97%E8%88%B0%E5%BA%97,,,12GB+256,,,中国大陆,,,,,,unknown,true,,,,pending
MEDIUM,2024-09-01,1999.00,vivo,vivo Y300 Pro,8,256,8GB+256,pdd,https://mobile.yangkeduo.com/search_result.html?search_key=vivo%20vivo%20Y300%20Pro%208GB%2B256%20%E5%AE%98%E6%96%B9%E6%97%97%E8%88%B0%E5%BA%97,,,8GB+256,,,中国大陆,,,,,,unknown,true,,,,pending
MEDIUM,2024-09-01,2199.00,vivo,vivo Y300 Pro,12,256,12GB+256,tmall,https://list.tmall.com/search_product.htm?q=vivo%20vivo%20Y300%20Pro%2012GB%2B256%20%E5%AE%98%E6%96%B9%E6%97%97%E8%88%B0%E5%BA%97,,,12GB+256,,,中国大陆,,,,,,unknown,true,,,,pending
MEDIUM,2024-09-01,1999.00,vivo,vivo Y300 Pro,8,256,8GB+256,tmall,https://list.tmall.com/search_product.htm?q=vivo%20vivo%20Y300%20Pro%208GB%2B256%20%E5%AE%98%E6%96%B9%E6%97%97%E8%88%B0%E5%BA%97,,,8GB+256,,,中国大陆,,,,,,unknown,true,,,,pending
MEDIUM,2024-09-01,2499.00,vivo,vivo Y300 Pro,12,512,12GB+512,jd,https://search.jd.com/Search?keyword=vivo%20vivo%20Y300%20Pro%2012GB%2B512%20%E5%AE%98%E6%96%B9%E6%97%97%E8%88%B0%E5%BA%97,,,12GB+512,,,中国大陆,,,,,,unknown,true,,,,pending
MEDIUM,2024-09-01,2499.00,vivo,vivo Y300 Pro,12,512,12GB+512,pdd,https://mobile.yangkeduo.com/search_result.html?search_key=vivo%20vivo%20Y300%20Pro%2012GB%2B512%20%E5%AE%98%E6%96%B9%E6%97%97%E8%88%B0%E5%BA%97,,,12GB+512,,,中国大陆,,,,,,unknown,true,,,,pending
MEDIUM,2024-09-01,2499.00,vivo,vivo Y300 Pro,12,512,12GB+512,tmall,https://list.tmall.com/search_product.htm?q=vivo%20vivo%20Y300%20Pro%2012GB%2B512%20%E5%AE%98%E6%96%B9%E6%97%97%E8%88%B0%E5%BA%97,,,12GB+512,,,中国大陆,,,,,,unknown,true,,,,pending
