name,series,price,spu_id,url,spec_count,brief,上市时间_上市时间,主要参数_5G网络,主要参数_NFC,主要参数_充电规格,主要参数_前置摄像头,主要参数_后置摄像头,主要参数_处理器,主要参数_屏幕分辨率,主要参数_屏幕尺寸,主要参数_屏幕材质,主要参数_手机型号,主要参数_扩展存储,主要参数_接口类型,主要参数_无线充电,主要参数_机身存储,主要参数_电池容量（典型值）,主要参数_电池容量（额定值）,主要参数_耳机孔标准,主要参数_解锁方式,主要参数_运行内存,传感器_光敏感应器,传感器_其他传感器,传感器_接近感应器,传感器_电子罗盘,传感器_重力感应器,传感器_陀螺仪,传感器_马达,内存与容量_RAM规格,内存与容量_ROM规格,内存与容量_内存融合,内存与容量_备注,内存与容量_最大支持拓展,内存与容量_机身存储,内存与容量_运行内存,功能特色_功能特色,处理器_CPU主频,处理器_CPU位数,处理器_CPU制程工艺,处理器_CPU型号,处理器_CPU核心数,处理器_GPU（图形处理器）型号,处理器_专业影像芯片,处理器_独立显示芯片,外观_中框材质,外观_后盖材质,外观_机身尺寸,外观_机身重量,屏幕_HDR,屏幕_分辨率,屏幕_对比度,屏幕_屏占比,屏幕_屏幕PPI,屏幕_屏幕刷新率,屏幕_屏幕尺寸,屏幕_屏幕材质,屏幕_屏幕比例,屏幕_屏幕类型,屏幕_屏幕色彩,屏幕_屏幕采样率,屏幕_色彩饱和度,手机标配_包装清单,拍摄_传感器,拍摄_前置拍照模式,拍摄_前置摄像头像素,拍摄_前置摄像头光圈,拍摄_前置闪光灯,拍摄_变焦模式,拍摄_后置拍照模式,拍摄_后置摄像头像素,拍摄_后置摄像头光圈,拍摄_后置摄像头数量,拍摄_后置闪光灯,拍摄_对焦类型,拍摄_视频录制,拍摄_防抖类型,指纹识别_指纹识别,操作系统_Jovi,操作系统_操作系统,操作系统_蓝心小v,电池信息_OTG反向充电,电池信息_充电规格,电池信息_无线充电,电池信息_电池容量（典型值）,电池信息_电池容量（额定值）,网络_2G网络,网络_3G网络,网络_4G网络,网络_5G网络,网络_SIM卡类型,网络_双卡使用说明,网络_支持频段,网络_网络类型,进网信息_许可证编号,进网信息_设备型号,连接与传输_NFC,连接与传输_OTG数据传输,连接与传输_USB接口类型,连接与传输_WLAN功能,连接与传输_导航,连接与传输_耳机孔标准,连接与传输_蓝牙传输,连接与传输_蓝牙音频规格,面部识别_面部识别,音乐_Hi-Fi,音乐_扬声器,音乐_音乐播放器,音乐_音频格式
vivo S50t 元气版 告白,智能手机,3599.0,10054359,https://shop.vivo.com.cn/product/10054359,100,长焦Live神器|高通第三代骁龙 8s|湿手秒开超声波指纹 2.0,2026年8月,支持,支持,90W闪充，指充电器至大输出功率为90W；实际充电功率会随场景变化而动态调节，请以实际使用情况为准。（支持最大输入充电规格11V 8.2A），兼容80W（11V 7.3A）、66W（11V 6A）、55W（11V 5A）、44W（11V 4A）、33W（11V 3A）、22.5W （10V 2.25A）,5000万像素,5000万像素主摄+800万像素广角+ 5000万像素潜望,第三代骁龙8s,2750x1260,6.59英寸,AMOLED,vivo S50t 元气版,不支持,Type-C,不支持,"512GB,UFS3.1（注：由于手机系统和预装的程序占据了部分存储空间，可用存储空间少于512GB)",6500mAh 本产品采用单电芯设计： 典型容量：6500mAh（3.80V） 典型能量：24.70Wh,6320mAh 本产品采用单电芯设计： 额定容量：6320mAh（3.80V） 额定能量：24.02Wh,Type-C 数字信号接口,"面部识别,3D超声波单点指纹","12GB,LPDDR5 四通道（注：由于手机系统和预装的程序占据了部分运存空间，实际运存空间少于12GB）",支持,红外遥控;Flicker传感器,支持,支持,支持,支持,X轴线性马达,LPDDR5 四通道,UFS3.1,支持12GB,由于手机系统和预装的程序占据了部分运存空间，实际运存空间少于12GB、可用存储空间少于512GB,,512GB,12GB,长焦Live神器|高通第三代骁龙 8s|湿手秒开超声波指纹 2.0,3.01GHz*1+2.8GHz*4+2.0GHz*3,64位,4nm,第三代骁龙8s,八核处理器,Adreno 735,,,铝合金,玻璃,157.52mm*74.33mm*7.59mm(告白、悠悠蓝)、157.52mm*74.33mm*7.49mm(深空黑、灵感紫),197g(告白)、196g(深空黑、灵感紫、悠悠蓝) 注：实际尺寸与重量可能会因工艺、测量方法、材料供应商变更而略有不同。,支持,2750x1260,8000000:1,94.7%,459PPI,60Hz/120Hz,6.59英寸,AMOLED,19.64:9,直面屏,10.7亿,普通：130Hz 、游戏：300Hz 、瞬时：2000Hz,支持P3广色域,手机×1，充电头×1，Type-C数据线×1，保护壳×1，原装膜（出厂已贴好）×1，取卡针×1，快速入门指南×1,CMOS,拍照/人像/夜景/录像/微电影/高像素/化妆镜/实况/一拍得,5000万像素,f/2.0,支持,前后置均支持数字变焦；最大支持100x数字变焦,拍照/人像/实况/夜景/录像/微电影/高像素/全景/超清文档/慢动作/延时摄影/超级月亮/星空/专业/抓拍/美食/扫描/一拍得,5000万像素+800万像素广角+ 5000万像素潜望,f/1.88(主摄)+f/2.2(广角)+f/2.65(潜望),,支持,前置支持AF对焦；后置主摄支持AF对焦，后置广角支持FF对焦，后置潜望支持AF对焦,前置、后置主摄、后置潜望最高支持4K，后置广角最高支持1080P,后置主摄、潜望支持OIS防抖,3D超声波单点指纹,,基于Android 16 开发的OriginOS 6,,支持,90W闪充，指充电器至大输出功率为90W；实际充电功率会随场景变化而动态调节，请以实际使用情况为准。（支持最大输入充电规格11V 8.2A），兼容80W（11V 7.3A）、66W（11V 6A）、55W（11V 5A）、44W（11V 4A）、33W（11V 3A）、22.5W （10V 2.25A）,不支持,6500mAh 本产品采用单电芯设计： 典型容量：6500mAh（3.80V） 典型能量：24.70Wh,6320mAh 本产品采用单电芯设计： 额定容量：6320mAh（3.80V） 额定能量：24.02Wh,支持,支持,支持,支持,双nano,1、卡槽1、2可以任意切换为数据卡； 2、支持5G SA； 3、若数据卡是移动卡/联通卡/广电卡，非数据卡支持“移动5G/4G/2G、联通5G/4G/3G/2G、广电5G/4G、电信5G/4G”； 4、若数据卡是电信卡，非数据卡支持“移动5G/4G/2G、联通5G/4G/3G/2G、广电5G/4G、电信5G/4G（需要开通VoLTE业务，未开通VoLTE业务时，无法注册网络）”。,2G GSM频段：850/900/1800MHz 3G WCDMA频段：B1/B4/B5/B6/B8/B19 4G TD-LTE频段：B34/B38/B39/B40/B41/B42/B43/B48 4G FDD-LTE频段：B1/B3/B4/B5/B7/B8/B18/B19/B26/B28A/B66 5G频段：n1/n3/n5/n7/n8/n18/n26/n28A/n38/n40/n41/n48/n66/n77/n78 注： 实时网络功能可用性取决于运营商网络可用性、基建部署以及手机软件版本。,支持移动/联通/电信/广电5G/4G等网络 注：5G双卡双通仅支持部分频段组合并依赖于运营商SA及VoNR部署，SA及VoNR支持能力取决于可用的网络和软件版本。,02-B220-253511,V2528A,支持,支持,Type-C,Wi-Fi Display;2*2 MIMO;MU-MIMO;Wi-Fi 6,支持GPS：L1 北斗：B1C;B1I GLONASS：G1 Galileo：E1 QZSS：L1 GNSS功能：AGPS;蜂窝网络定位;无线局域网定位,Type-C 数字信号接口,蓝牙5.4,SBC;AAC;aptX;aptX HD;aptX Adaptive;aptX Lossless;LDAC;LHDC 5.0,Face Wake面部识别,,立体双扬,AAC、WAV、M4A、MP3、MIDI、OGG、APE、FLAC,AAC、WAV、MP3、MIDI、VORBIS、APE、FLAC
iQOO Z11S 万里浮光,智能手机,2499.0,10051602,https://shop.vivo.com.cn/product/10051602,101,10000mAh 超薄蓝海电池|144Hz 护眼电竞屏|天玑 7500 满血版|IP68/IP69 满级防尘防水|OriginOS 6,2026年8月,支持,支持,44W闪充，指充电器至大输出功率为44W；实际充电功率会随场景变化而动态调节，请以实际使用情况为准。支持44W闪充（11V 4A），兼容33W（11V 3A）、22.5W （10V 2.25A）、11.7W（9V 1.3A）、10W（5V 2A）,800万像素,5000万像素,天玑 7500 满血版,2800×1260,6.83英寸,AMOLED,iQOO Z11S,不支持,Type-C,不支持,"256GB,UFS 3.1（注：由于手机系统和预装的程序占据了部分存储空间，可用存储空间少于256GB)",10000mAh *本产品采用单电芯设计： 典型容量：10000mAh（3.73V） 典型能量：37.30Wh,9800mAh *本产品采用单电芯设计： 额定容量：9800mAh（3.73V） 额定能量：36.56Wh,仅支持Type-C 数字信号接口,"屏下光学指纹,面部识别","12GB,LPDDR4X 双通道（注：由于手机系统和预装的程序占据了部分运存空间，实际运存空间少于12GB）",支持,红外遥控,支持,支持,支持,实体,X轴线性马达,LPDDR4X 双通道,UFS 3.1,支持12GB,由于手机系统和预装的程序占据了部分运存空间，实际运存空间少于12GB、可用存储空间少于256GB,,256GB,12GB,10000mAh 超薄蓝海电池|144Hz 护眼电竞屏|天玑 7500 满血版|IP68/IP69 满级防尘防水|OriginOS 6,2.6GHz×4+2.0GHz×4,64位,4nm,天玑 7500 满血版,八核处理器,Mali G625,,,塑胶,复合板材,163.90mm×76.50mm×8.59mm,约225g,支持,2800×1260,8000000:1,94.47%,449PPI,最高支持144Hz,6.83英寸,AMOLED（VM9）,20:9,直面屏,10.7亿色,普通场景130Hz，部分游戏场景300Hz,支持P3广色域,手机×1，充电头×1，Type-C数据线×1，保护壳×1，原装膜（出厂已贴好）×1，取卡针×1，快速入门指南×1，手机包装盒×1,CMOS,人像、拍照、录像,800万像素,f/2.05,不支持,后置主摄支持10倍数字变焦,抓拍、夜景、人像、拍照、录像、5000万、全景、超清文档、慢动作、延时摄影、超级月亮、专业、扫描,5000万像素,f/1.8,单摄,支持,前置支持FF对焦；后置主摄支持AF对焦,前置最高支持1080P视频拍摄，后置最高支持4K视频拍摄，后置慢镜头最高支持1080P,前后置支持视频防抖,屏下光学指纹,,基于Android 16开发的OriginOS 6,,支持,44W闪充，指充电器至大输出功率为44W；实际充电功率会随场景变化而动态调节，请以实际使用情况为准。支持44W闪充（11V 4A），兼容33W（11V 3A）、22.5W （10V 2.25A）、11.7W（9V 1.3A）、10W（5V 2A）,不支持,10000mAh *本产品采用单电芯设计： 典型容量：10000mAh（3.73V） 典型能量：37.30Wh,9800mAh *本产品采用单电芯设计： 额定容量：9800mAh（3.73V） 额定能量：36.56Wh,支持,支持,支持,支持,双nano,1、卡槽1、2可以任意切换为数据卡； 2、支持5G SA； 3、若数据卡是移动卡/联通卡/广电卡，非数据卡支持“移动5G/4G/2G、联通5G/4G/3G/2G、广电5G/4G、电信5G/4G”； 4、若数据卡是电信卡，非数据卡支持“移动5G/4G/2G、联通5G/4G/3G/2G、广电5G/4G、电信5G/4G（需要开通VoLTE业务，未开通VoLTE业务时，无法注册网络）”。,2G网络 GSM：850/900/1800/1900MHz 3G网络 WCDMA：B1/B5/B6/B8/B19 4G网络 TD-LTE：B34/B38/B39/B40/B41/B42/B43/B48 4G网络 FDD-LTE：B1/B3/B4/B5/B8/B18/B19/B28A/B66 5G网络：n1/n3/n5/n8/n28A/n34/n38/n39/n40/n41/n48/n66/n77/n78 注： 实时网络功能可用性取决于运营商网络可用性、基建部署以及手机软件版本。,支持移动/联通/电信/广电5G/4G等网络,02-B220-262567,V2603A,支持,支持,Type-C,支持WLAN 2.4G、WLAN 5G频段；支持Wi-Fi Display、MU-MIMO、Wi-Fi 6功能 备注：速率至高480Mbps（1*1 SISO）,支持 GPS：L1，北斗：B1I，GLONASS：G1，Galileo：E1，QZSS：L1，NavIC：L1 支持AGPS;蜂窝网络定位;无线局域网定位,仅支持Type-C 数字信号接口,蓝牙5.4,SBC;AAC;aptX;aptX HD;LDAC,Face Wake面部识别,,立体双扬,AAC、WAV、M4A、MP3、MIDI、OGG、APE、FLAC,AAC、WAV、MP3、MIDI、VORBIS、APE、FLAC
iQOO Neo11 至尊版 驰光白,智能手机,4299.0,10051601,https://shop.vivo.com.cn/product/10051601,102,新一代2K护眼超冠屏|9100mAh 蓝海大电池|天玑 9500M|自研电竞芯片 Q2|5000万索尼大底主摄|全新8K冰穹散热系统|OriginOS 6,2026年8月,支持,支持,100W超快闪充，指充电器至大输出功率为100W；实际充电功率会随场景变化而动态调节，请以实际使用情况为准。支持100W闪充（11V 9.1A），兼容90W（11V 8.2A）、80W（11V 7.3A）、66W（11V 6A）、55W（11V 5A）、44W（11V 4A）、33W（11V 3A）、22.5W （10V 2.25A）、11.7W（9V 1.3A）、10W（5V 2A）,1600万像素,5000万像素超防抖 LYT700V 索尼大底主摄 +800万像素 超广角镜头,天玑 9500M,3200×1440,6.83英寸,AMOLED,iQOO Neo11 至尊版,不支持,Type-C,不支持,"512GB,UFS 4.1（注：由于手机系统和预装的程序占据了部分存储空间，可用存储空间少于512GB)",9100mAh 本产品采用单电芯设计： 典型容量：9100mAh（3.74V） 典型能量：34.04Wh,8905mAh 本产品采用单电芯设计： 额定容量：8905mAh（3.74V） 额定能量：33.31Wh,仅支持Type-C 数字信号接口,"面部识别,超声波3D指纹","12GB,LPDDR5X Ultra 四通道（注：由于手机系统和预装的程序占据了部分运存空间，实际运存空间少于12GB）",支持,前置色温传感器、3D超声波单点指纹传感器、闪烁光传感器、红外遥控,支持,支持,支持,实体,X轴线性马达,LPDDR5X Ultra 四通道,UFS 4.1,支持12GB,由于手机系统和预装的程序占据了部分运存空间，实际运存空间少于12GB、可用存储空间少于512GB,,512GB,12GB,新一代2K护眼超冠屏|9100mAh 蓝海大电池|天玑 9500M|自研电竞芯片 Q2|5000万索尼大底主摄|全新8K冰穹散热系统|OriginOS 6,4.21GHz×1+3.5GHz×3+2.7GHz×4,64位,3nm,天玑 9500M,八核处理器,ARM G1-Ultra,,自研电竞芯片 Q2,铝合金,疾影黑：玻纤；驰光白、乘风：玻璃,163.42mm×75.88mm×8.60mm(疾影黑)、163.42mm×75.88mm×8.69mm(驰光白、乘风),疾影黑：约225g；驰光白、乘风：约230g（注：实际尺寸与重量可能会因工艺、测量方法、材料供应商变更而略有不同）,支持,3200×1440,8000000：1,94.88%,514PPI,最高支持144Hz,6.83英寸,AMOLED,20:9,直面屏,10.7亿色,非游戏120Hz，部分游戏最高500Hz，游戏下最高瞬时采样率为4000Hz,支持P3广色域,手机×1，充电头×1，Type-C to Type-C数据线×1，保护壳×1，原装膜（出厂已贴好）×1，取卡针×1，快速入门指南×1，手机包装盒×1,CMOS,人像、拍照、录像,1600万像素,f/2.45,不支持,后置主摄支持20倍数字变焦,抓拍、夜景、人像、拍照、录像、超清文档、全景、慢动作、延时摄影、时光慢门、超级月亮、专业、扫描、高像素,5000万像素超防抖 LYT700V 索尼大底主摄 +800万像素 超广角镜头,f/1.88（后置主摄），f/2.2（后置广角）,双摄,支持,前置支持FF对焦；后置主摄支持AF对焦；后置广角支持FF对焦,前置最高支持1080P视频拍摄，后置最高支持8K视频拍摄，后置慢镜头最高支持1080P,后置主摄支持OIS防抖，后置双摄均支持视频防抖,超声波3D指纹,,基于Android 16开发的OriginOS 6,,支持,100W超快闪充，指充电器至大输出功率为100W；实际充电功率会随场景变化而动态调节，请以实际使用情况为准。支持100W闪充（11V 9.1A），兼容90W（11V 8.2A）、80W（11V 7.3A）、66W（11V 6A）、55W（11V 5A）、44W（11V 4A）、33W（11V 3A）、22.5W （10V 2.25A）、11.7W（9V 1.3A）、10W（5V 2A）,不支持,9100mAh 本产品采用单电芯设计： 典型容量：9100mAh（3.74V） 典型能量：34.04Wh,8905mAh 本产品采用单电芯设计： 额定容量：8905mAh（3.74V） 额定能量：33.31Wh,支持,支持,支持,支持,双nano,1、卡槽1、2可以任意切换为数据卡； 2、支持5G SA； 3、若数据卡是移动卡/联通卡/广电卡，非数据卡支持“移动5G/4G/2G、联通5G/4G/3G/2G、广电5G/4G、电信5G/4G”； 4、若数据卡是电信卡，非数据卡支持“移动5G/4G/2G、联通5G/4G/3G/2G、广电5G/4G、电信5G/4G（需要开通VoLTE业务，未开通VoLTE业务时，无法注册网络）”。,2G网络 GSM：850/900/1800/1900MHz 3G网络 WCDMA：B1/B4/B5/B6/B8/B19 4G网络 TD-LTE：B34/B38/B39/B40/B41/B42/B43/B48 4G网络 FDD-LTE：B1/B3/B4/B5/B7/B8/B18/B19/B26/B28A/B28B/B66 5G网络：n1/n3/n5/n7/n8/n18/n26/n28A/n28B/n34/n38/n39/n40/n41/n48/n66/n77/n78 注： 实时网络功能可用性取决于运营商网络可用性、基建部署以及手机软件版本。,支持移动/联通/电信/广电5G/4G等网络，5G双卡双通 注：5G双卡双通仅支持部分频段组合并依赖于运营商SA及VoNR部署，SA及VoNR支持能力取决于可用的网络和软件版本,02-B220-261705,V2573A,支持,支持,Type-C,支持WLAN 2.4G、WLAN 5G频段；支持Wi-Fi Display、2*2 MIMO、MU-MIMO、Wi-Fi 6、Wi-Fi 7功能；2.4G&5G双路并发,支持 GPS：L1+L5，北斗：B1C+B1I+B2a+B2b，GLONASS：G1，Galileo：E1+E5a+E5b，QZSS：L1+L5，NavIC：L5 支持AGPS、蜂窝网络定位、无线局域网定位,仅支持Type-C 数字信号接口,蓝牙5.4,SBC;AAC;aptX;aptX HD;LDAC;LHDC 5.0,Face Wake面部识别,,立体双扬,AAC、WAV、M4A、MP3、MIDI、OGG、APE、FLAC,AAC、WAV、MP3、MIDI、VORBIS、APE、FLAC
vivo X300 E 辰夜黑,智能手机,4799.0,10044881,https://shop.vivo.com.cn/product/10044881,102,高通第五代骁龙 8|蔡司超级长焦|7200mAh蓝海电池,2026年7月,支持,支持,90W闪充，指充电器至大输出功率为90W；实际充电功率会随场景变化而动态调节，请以实际使用情况为准。支持90W闪充（11V 8.2A），兼容80W（11V 7.3A）、66W（11V 6A）、55W（11V 5A）、44W（11V 4A）、33W（11V 3A）、22.5W （10V 2.25A）、11.7W（9V 1.3A）、10W（5V 2A）,5000万像素,5000万像素主摄+800万像素广角+ 5000万像素潜望,第五代骁龙®8移动平台,2750x1260,6.59英寸,AMOLED,vivo X300 E,不支持,Type-C,不支持,256GB，UFS4.1（注：由于手机系统和预装的程序占据了部分存储空间，可用存储空间少于256GB),7200mAh 本产品采用单电芯设计： 典型容量：7200mAh（3.74V） 典型能量：26.93Wh,7015mAh 本产品采用单电芯设计： 额定容量：7015mAh（3.74V） 额定能量：26.24Wh,Type-C 数字信号接口,"面部识别,3D超声波单点指纹",12GB，LPDDR5X 四通道（注：由于手机系统和预装的程序占据了部分运存空间，实际运存空间少于12GB）,支持,红外遥控;Flicker传感器,支持,支持,支持,支持,X轴线性马达,LPDDR5X 四通道,UFS4.1,支持12GB,由于手机系统和预装的程序占据了部分运存空间，实际运存空间少于12GB、可用存储空间少于256GB,,256GB,12GB,高通第五代骁龙 8|蔡司超级长焦|7200mAh蓝海电池,3.80GHz*2+3.32GHz*6,64位,3nm,第五代骁龙®8移动平台,八核处理器,Adreno 829,,,铝合金,玻璃,157.52mm*74.33mm*7.99mm(月光白)、157.52mm*74.33mm*7.79mm(辰夜黑、日光橙),203g(月光白)、199.5g(辰夜黑、日光橙) 注：实际尺寸与重量可能会因工艺、测量方法、材料供应商变更而略有不同。,支持,2750x1260,8000000:1,94.7%,459PPI,60Hz/90Hz/120Hz/144Hz,6.59英寸,AMOLED,19.64:9,直面屏,10.7亿色,非游戏场景130Hz，部分游戏场景为300Hz，游戏下瞬时采样率2000Hz,支持P3广色域,手机×1，充电头×1，Type-C数据线×1，保护壳×1，原装膜（出厂已贴好）×1，取卡针×1，快速入门指南×1,CMOS,创作、人像、拍照、录像、人像录像,5000万像素,f/2.0,不支持,前后置均支持数字变焦；最大支持100x数字变焦,人文、创作、风光、人像、拍照、录像、人像录像、全景、超清文档、慢动作、舞台、延时摄影、专业、抓拍、美食、扫描,5000万像素主摄+800万像素广角+ 5000万像素潜望,f/1.88(主摄)+f/2.2(广角)+f/2.65(潜望),三摄,支持,前置支持AF对焦；后置主摄支持AF对焦，后置广角支持FF对焦，后置潜望支持AF对焦,前后置主摄、后置潜望最高支持4K，后置广角最高支持1080P,后置主摄、潜望支持OIS防抖,3D超声波单点指纹,支持语音、建议、扫描等功能,基于Android 16开发的OriginOS 6,,支持,90W闪充，指充电器至大输出功率为90W；实际充电功率会随场景变化而动态调节，请以实际使用情况为准。支持90W闪充（11V 8.2A），兼容80W（11V 7.3A）、66W（11V 6A）、55W（11V 5A）、44W（11V 4A）、33W（11V 3A）、22.5W （10V 2.25A）、11.7W（9V 1.3A）、10W（5V 2A）,不支持,7200mAh 本产品采用单电芯设计： 典型容量：7200mAh（3.74V） 典型能量：26.93Wh,7015mAh 本产品采用单电芯设计： 额定容量：7015mAh（3.74V） 额定能量：26.24Wh,支持,支持,支持,支持,双nano,1、卡槽1、2可以任意切换为数据卡； 2、支持5G SA； 3、若数据卡是移动卡/联通卡/广电卡，非数据卡支持“移动5G/4G/2G、联通5G/4G/3G/2G、广电5G/4G、电信5G/4G”； 4、若数据卡是电信卡，非数据卡支持“移动5G/4G/2G、联通5G/4G/3G/2G、广电5G/4G、电信5G/4G（需要开通VoLTE业务，未开通VoLTE业务时，无法注册网络）”。,2G GSM频段：850/900/1800MHz 3G WCDMA频段：B1/B4/B5/B6/B8/B19 4G TD-LTE频段：B34/B38/B39/B40/B41/B42/B43/B48 4G FDD-LTE频段 ：B1/B3/B4/B5/B7/B8/B18/B19/B26/B28A/B66 5G频段：n1/n3/n5/n7/n8/n18/n26/n28A/n38/n40/n41/n48/n66/n77/n78 注： 实时网络功能可用性取决于运营商网络可用性、基建部署以及手机软件版本。,支持移动/联通/电信/广电5G/4G等网络，5G双卡双通 注：5G双卡双通仅支持部分频段组合并依赖于运营商SA及VoNR部署，SA及VoNR支持能力取决于可用的网络和软件版本。,02-B220-262044,V2612A,支持,支持,Type-C,Wi-Fi Display;2*2 MIMO;MU-MIMO;Wi-Fi 6;Wi-Fi 7,GPS：L1;L5 北斗：B1C;B1I;B2a GLONASS：G1 Galileo：E1;E5a QZSS：L1;L5 NavIC：L5 GNSS功能：AGPS;蜂窝网络定位;无线局域网定位;地理围栏,仅支持Type-C 数字信号接口,蓝牙5.4,SBC;AAC;aptX;aptX HD;aptX Adaptive;aptX Lossless;LDAC;LHDC 5.0,Face Wake面部识别,,立体双扬,AAC、WAV、M4A、MP3、MIDI、OGG、APE、FLAC,AAC、WAV、MP3、MIDI、VORBIS、APE、FLAC
vivo X300 E 辰夜黑,智能手机,4799.0,10040229,https://shop.vivo.com.cn/product/10040229,102,高通第五代骁龙 8|蔡司超级长焦|7200mAh蓝海电池,2026年7月,支持,支持,90W闪充，指充电器至大输出功率为90W；实际充电功率会随场景变化而动态调节，请以实际使用情况为准。支持90W闪充（11V 8.2A），兼容80W（11V 7.3A）、66W（11V 6A）、55W（11V 5A）、44W（11V 4A）、33W（11V 3A）、22.5W （10V 2.25A）、11.7W（9V 1.3A）、10W（5V 2A）,5000万像素,5000万像素主摄+800万像素广角+ 5000万像素潜望,第五代骁龙®8移动平台,2750x1260,6.59英寸,AMOLED,vivo X300 E,不支持,Type-C,不支持,256GB，UFS4.1（注：由于手机系统和预装的程序占据了部分存储空间，可用存储空间少于256GB),7200mAh 本产品采用单电芯设计： 典型容量：7200mAh（3.74V） 典型能量：26.93Wh,7015mAh 本产品采用单电芯设计： 额定容量：7015mAh（3.74V） 额定能量：26.24Wh,Type-C 数字信号接口,"面部识别,3D超声波单点指纹",12GB，LPDDR5X 四通道（注：由于手机系统和预装的程序占据了部分运存空间，实际运存空间少于12GB）,支持,红外遥控;Flicker传感器,支持,支持,支持,支持,X轴线性马达,LPDDR5X 四通道,UFS4.1,支持12GB,由于手机系统和预装的程序占据了部分运存空间，实际运存空间少于12GB、可用存储空间少于256GB,,256GB,12GB,高通第五代骁龙 8|蔡司超级长焦|7200mAh蓝海电池,3.80GHz*2+3.32GHz*6,64位,3nm,第五代骁龙®8移动平台,八核处理器,Adreno 829,,,铝合金,玻璃,157.52mm*74.33mm*7.99mm(月光白)、157.52mm*74.33mm*7.79mm(辰夜黑、日光橙),203g(月光白)、199.5g(辰夜黑、日光橙) 注：实际尺寸与重量可能会因工艺、测量方法、材料供应商变更而略有不同。,支持,2750x1260,8000000:1,94.7%,459PPI,60Hz/90Hz/120Hz/144Hz,6.59英寸,AMOLED,19.64:9,直面屏,10.7亿色,非游戏场景130Hz，部分游戏场景为300Hz，游戏下瞬时采样率2000Hz,支持P3广色域,手机×1，充电头×1，Type-C数据线×1，保护壳×1，原装膜（出厂已贴好）×1，取卡针×1，快速入门指南×1,CMOS,创作、人像、拍照、录像、人像录像,5000万像素,f/2.0,不支持,前后置均支持数字变焦；最大支持100x数字变焦,人文、创作、风光、人像、拍照、录像、人像录像、全景、超清文档、慢动作、舞台、延时摄影、专业、抓拍、美食、扫描,5000万像素主摄+800万像素广角+ 5000万像素潜望,f/1.88(主摄)+f/2.2(广角)+f/2.65(潜望),三摄,支持,前置支持AF对焦；后置主摄支持AF对焦，后置广角支持FF对焦，后置潜望支持AF对焦,前后置主摄、后置潜望最高支持4K，后置广角最高支持1080P,后置主摄、潜望支持OIS防抖,3D超声波单点指纹,支持语音、建议、扫描等功能,基于Android 16开发的OriginOS 6,,支持,90W闪充，指充电器至大输出功率为90W；实际充电功率会随场景变化而动态调节，请以实际使用情况为准。支持90W闪充（11V 8.2A），兼容80W（11V 7.3A）、66W（11V 6A）、55W（11V 5A）、44W（11V 4A）、33W（11V 3A）、22.5W （10V 2.25A）、11.7W（9V 1.3A）、10W（5V 2A）,不支持,7200mAh 本产品采用单电芯设计： 典型容量：7200mAh（3.74V） 典型能量：26.93Wh,7015mAh 本产品采用单电芯设计： 额定容量：7015mAh（3.74V） 额定能量：26.24Wh,支持,支持,支持,支持,双nano,1、卡槽1、2可以任意切换为数据卡； 2、支持5G SA； 3、若数据卡是移动卡/联通卡/广电卡，非数据卡支持“移动5G/4G/2G、联通5G/4G/3G/2G、广电5G/4G、电信5G/4G”； 4、若数据卡是电信卡，非数据卡支持“移动5G/4G/2G、联通5G/4G/3G/2G、广电5G/4G、电信5G/4G（需要开通VoLTE业务，未开通VoLTE业务时，无法注册网络）”。,2G GSM频段：850/900/1800MHz 3G WCDMA频段：B1/B4/B5/B6/B8/B19 4G TD-LTE频段：B34/B38/B39/B40/B41/B42/B43/B48 4G FDD-LTE频段 ：B1/B3/B4/B5/B7/B8/B18/B19/B26/B28A/B66 5G频段：n1/n3/n5/n7/n8/n18/n26/n28A/n38/n40/n41/n48/n66/n77/n78 注： 实时网络功能可用性取决于运营商网络可用性、基建部署以及手机软件版本。,支持移动/联通/电信/广电5G/4G等网络，5G双卡双通 注：5G双卡双通仅支持部分频段组合并依赖于运营商SA及VoNR部署，SA及VoNR支持能力取决于可用的网络和软件版本。,02-B220-262044,V2612A,支持,支持,Type-C,Wi-Fi Display;2*2 MIMO;MU-MIMO;Wi-Fi 6;Wi-Fi 7,GPS：L1;L5 北斗：B1C;B1I;B2a GLONASS：G1 Galileo：E1;E5a QZSS：L1;L5 NavIC：L5 GNSS功能：AGPS;蜂窝网络定位;无线局域网定位;地理围栏,仅支持Type-C 数字信号接口,蓝牙5.4,SBC;AAC;aptX;aptX HD;aptX Adaptive;aptX Lossless;LDAC;LHDC 5.0,Face Wake面部识别,,立体双扬,AAC、WAV、M4A、MP3、MIDI、OGG、APE、FLAC,AAC、WAV、MP3、MIDI、VORBIS、APE、FLAC
vivo Y6c 4G版 暮夜黑,智能手机,1099.0,10036501,https://shop.vivo.com.cn/product/10036501,99,6500mAh 5年长寿大电池|SGS五星抗跌耐摔认证|全局无频闪护眼屏,2026年7月,不支持,不支持,15W充电（5V 3A),500万像素,800万像素,T7225,1600×720,6.74英寸,LCD,vivo Y6c,,Type-C,不支持,"128GB,UFS2.2（注：由于手机系统和预装的程序占据了部分存储空间，可用存储空间少于128GB)",6500mAh 本产品采用单电芯设计： 典型容量：6500mAh（3.91V） 典型能量：25.42Wh,6355mAh 本产品采用单电芯设计： 额定容量：6355mAh（3.91V） 额定能量：24.85Wh,3.5mm接口,"面部识别,侧边指纹","4GB,LPDDR4X 双通道（注：由于手机系统和预装的程序占据了部分运存空间，实际运存空间少于4GB）",支持,红外遥控,支持,支持,支持,不支持,普通马达,LPDDR4X 双通道,UFS2.2,支持4GB,由于手机系统和预装的程序占据了部分运存空间，实际运存空间少于4GB、可用存储空间少于128GB,,128GB,4GB,,1.8GHz*2+1.8GHz*6,64位,12nm,T7225,八核处理器,G57,,,塑胶,复合板材,167.40mm*77.10mm*8.39mm,209g（注：实际尺寸与重量可能会因工艺、测量方法、材料供应商变更而略有不同）,不支持,1600x720,1500:1,90.40%,260PPI,60Hz/90Hz/120Hz,6.74英寸,LCD,20:9,直面屏,1670万,最高180Hz,83%NTSC,手机×1，充电头×1，Type-C数据线×1，保护壳×1，原装膜（出厂已贴好）×1，取卡针×1，快速入门指南×1,CMOS,录像模式、拍照模式、人像模式、夜景模式、动态照片模式,500万像素,f/2.2,不支持,前置支持2倍数字变焦，后置主摄支持4倍数字变焦,夜景模式、人像模式、拍照模式、录像模式、全景模式、文档矫正、延时摄影、专业模式、动态照片,800万像素,f/2.0,单摄,支持,前置支持FF对焦，后置主摄支持AF对焦,前后置最高均支持1080P,不支持,侧边电容指纹,,基于Android 16开发的OriginOS 6,,支持,15W充电（5V 3A),不支持,6500mAh 本产品采用单电芯设计： 典型容量：6500mAh（3.91V） 典型能量：25.42Wh,6355mAh 本产品采用单电芯设计： 额定容量：6355mAh（3.91V） 额定能量：24.85Wh,支持,支持,支持,不支持,双nano,1、卡槽1、2可以任意切换为数据卡； 2、若数据卡是移动卡/联通卡/广电卡，非数据卡支持“移动4G/2G、联通4G/3G、广电4G、电信4G”； 3、若数据卡是电信卡，非数据卡支持“移动4G/2G、联通4G/3G/2G、广电4G、电信4G（需要开通VoLTE业务，未开通VoLTE业务时，无法注册网络）”。,2G GSM频段：850/900/1800MHz 3G WCDMA频段：B1/B5/B8 4G TD-LTE频段：B34/B38/B39/B40/B41 4G FDD-LTE频段 ：B1/B3/B5/B8 注： 实时网络功能可用性取决于运营商网络可用性、基建部署以及手机软件版本。,支持移动/联通/电信/广电4G等网络,02-B220-261710,V2541A,不支持,支持,Type-C,Wi-Fi Display;MU-MIMO,GPS：L1 北斗：B1I GLONASS：不支持 Galileo：E1 QZSS：L1 NavIC：不支持 GNSS功能：AGPS;蜂窝网络定位;无线局域网定位,3.5mm接口,蓝牙5.2,SBC;AAC;aptX;aptX HD;LDAC,Face Wake面部识别,,单扬声器,AAC、WAV、M4A、MP3、MIDI、OGG、APE、FLAC,AAC、WAV、MP3、MIDI、VORBIS、APE、FLAC
iQOO Z11i 青峰,智能手机,1699.0,10026472,https://shop.vivo.com.cn/product/10026472,102,6500mAh 蓝海大电池|IP65防尘抗水|SGS五星抗跌耐摔认证|第二代骁龙4|120Hz 护眼电竞屏|OriginOS 6,2026年7月,支持,不支持,15W普充，指充电器至大输出功率为15W；实际充电功率会随场景变化而动态调节，请以实际使用情况为准。（支持最大输入充电规格5V/3A）,500万像素,1300万像素,第二代骁龙4移动平台,1600×720,6.74英寸,LCD,iQOO Z11i,支持,Type-C,不支持,"256GB,UFS3.1（注：由于手机系统和预装的程序占据了部分存储空间，可用存储空间少于256GB）",6500mAh 本产品采用单电芯设计： 典型容量：6500mAh（3.91V） 典型能量：25.42Wh,6355mAh 本产品采用单电芯设计： 额定容量：6355mAh（3.91V） 额定能量：24.85Wh,3.5mm接口,"面部识别,侧边指纹","8GB,LPDDR4X 双通道（注：由于手机系统和预装的程序占据了部分运存空间，实际运存空间少于8GB）",支持,红外遥控,支持,支持,支持,不支持,普通马达,LPDDR4X 双通道,UFS3.1,支持8GB,由于手机系统和预装的程序占据了部分运存空间，实际运存空间少于8GB、可用存储空间少于256GB,,256GB,8GB,6500mAh 蓝海大电池|IP65防尘抗水|SGS五星抗跌耐摔认证|第二代骁龙4|120Hz 护眼电竞屏|OriginOS 6,2.2GHz×2+1.95GHz×6,64位,4nm,第二代骁龙4移动平台,八核处理器,Adreno 613,,,塑胶,复合板材,167.40mm×77.10mm×8.39mm,约209g（注：实际尺寸与重量可能会因工艺、测量方法、材料供应商变更而略有不同）,不支持,1600x720,1500:1,90.40%,260PPI,最高支持120Hz,6.74英寸,LCD,20:9,直面屏,1670万色,120/180/240Hz,83%NTSC,手机×1，充电头×1，Type-C数据线×1，保护壳×1，原装膜（出厂已贴好）×1，取卡针×1，快速入门指南×1，手机包装盒×1,CMOS,夜景、人像、拍照、录像、动态照片,500万像素,f/2.2,不支持,后置主摄支持10倍数字变焦,夜景、人像、拍照、录像、全景、文档矫正、慢动作、延时摄影、专业、扫描、动态照片,1300万像素,f/2.2,单摄,支持,前置支持FF对焦；后置主摄支持AF对焦,前置最高支持1080P视频拍摄，后置最高支持1080P视频拍摄，后置慢镜头最高支持720P,NA,侧边指纹,支持语音、建议、扫描等功能,基于Android 16开发的OriginOS 6,,支持,15W普充，指充电器至大输出功率为15W；实际充电功率会随场景变化而动态调节，请以实际使用情况为准。（支持最大输入充电规格5V/3A）,不支持,6500mAh 本产品采用单电芯设计： 典型容量：6500mAh（3.91V） 典型能量：25.42Wh,6355mAh 本产品采用单电芯设计： 额定容量：6355mAh（3.91V） 额定能量：24.85Wh,支持,仅支持联通3G,支持,支持,三选二,1、卡槽1、2可以任意切换为数据卡； 2、支持5G SA； 3、若数据卡是移动卡/联通卡/广电卡，非数据卡支持“移动5G/4G/2G、联通5G/4G/3G/2G、广电5G/4G、电信5G/4G”； 4、若数据卡是电信卡，非数据卡支持“移动5G/4G/2G、联通5G/4G/3G/2G、广电5G/4G、电信5G/4G（需要开通VoLTE业务，未开通VoLTE业务时，无法注册网络）”。,2G网络 GSM：850/900/1800MHz 3G网络 WCDMA：B1/B5/B8 4G网络 TD-LTE：B34/B38/B39/B40/B41 4G网络 FDD-LTE：B1/B3/B4/B5/B8/B28A/B66 5G网络：n1/n3/n5/n8/n28A/n38/n40/n41/n77(3300~3800MHz)/n78 注： 实时网络功能可用性取决于运营商网络可用性、基建部署以及手机软件版本。,支持移动/联通/电信/广电5G/4G等网络,02-B220-261396,V2559UA,不支持,支持,Type-C,支持WLAN 2.4G、WLAN 5G频段；支持Wi-Fi Display、MU-MIMO,支持 GPS：L1，北斗：B1C+B1I，GLONASS：G1，Galileo：E1，QZSS：L1 支持AGPS、蜂窝网络定位、无线局域网定位,3.5mm接口,蓝牙5.1,SBC;AAC;aptX;aptX HD;aptX Adaptive;LDAC,Face Wake面部识别,,单扬声器,AAC、WAV、M4A、MP3、MIDI、OGG、APE、FLAC,AAC、WAV、MP3、MIDI、VORBIS、APE、FLAC
vivo Y6t m版 流云白,智能手机,1599.0,10021384,https://shop.vivo.com.cn/product/10021384,101,6500mAh 5年长寿大电池|SGS五星抗跌耐摔认证|全局无频闪护眼屏,2026年7月,支持,不支持,15W充电（5V 3A),500万像素,1300万像素,天玑 6300,1600×720,6.74英寸,LCD,vivo Y6t m版,,Type-C,不支持,"256GB,UFS2.2（注：由于手机系统和预装的程序占据了部分存储空间，可用存储空间少于256GB)",6500mAh 本产品采用单电芯设计： 典型容量：6500mAh（3.91V） 典型能量：25.42Wh,6355mAh 本产品采用单电芯设计： 额定容量：6355mAh（3.91V） 额定能量：24.85Wh,3.5mm接口,"面部识别,侧边指纹","6GB,LPDDR4X 双通道（注：由于手机系统和预装的程序占据了部分运存空间，实际运存空间少于6GB）",支持,红外遥控,支持,支持,支持,不支持,普通马达,LPDDR4X 双通道,UFS2.2,支持6GB,由于手机系统和预装的程序占据了部分运存空间，实际运存空间少于6GB、可用存储空间少于256GB,,256GB,6GB,6500mAh 5年长寿大电池|SGS五星抗跌耐摔认证|全局无频闪护眼屏,2.4GHz*2+2.0GHz*6,64位,6nm,天玑 6300,八核处理器,Mali-G57,,,塑胶,复合板材,167.40mm*77.10mm*8.39mm,209g（注：实际尺寸与重量可能会因工艺、测量方法、材料供应商变更而略有不同）,不支持,1600x720,1500:1,90.40%,260PPI,60Hz/90Hz/120Hz,6.74英寸,LCD,20:9,直面屏,1670万,120Hz/180Hz/240Hz,83%NTSC,手机×1，充电头×1，Type-C数据线×1，保护壳×1，原装膜（出厂已贴好）×1，取卡针×1，快速入门指南×1,CMOS,夜景、人像、拍照、录像、动态照片,500万像素,f/2.2,不支持,前置支持2倍数字变焦，后置主摄支持10倍数字变焦,夜景、人像、拍照、录像、全景、文档矫正、慢动作、延时摄影、专业、扫描、动态照片,1300万像素,f/2.2,单摄,支持,前置支持FF对焦，后置主摄支持AF对焦,前后置最高均支持1080P,不支持,侧边电容指纹,,基于Android 16开发的OriginOS 6,语音唤醒、小V建议、扫描,支持,15W充电（5V 3A),不支持,6500mAh 本产品采用单电芯设计： 典型容量：6500mAh（3.91V） 典型能量：25.42Wh,6355mAh 本产品采用单电芯设计： 额定容量：6355mAh（3.91V） 额定能量：24.85Wh,支持,支持,支持,支持,双nano,1、卡槽1、2可以任意切换为数据卡； 2、支持5G SA； 3、若数据卡是移动卡/联通卡/广电卡，非数据卡支持“移动5G/4G/2G、联通5G/4G/3G/2G、广电5G/4G、电信5G/4G”； 4、若数据卡是电信卡，非数据卡支持“移动5G/4G/2G、联通5G/4G/3G/2G、广电5G/4G、电信5G/4G（需要开通VoLTE业务，未开通VoLTE业务时，无法注册网络）”。,2G GSM频段：850/900/1800MHz 3G WCDMA频段：B1/B5/B8 4G TD-LTE频段：B34/B38/B39/B40/B41 4G FDD-LTE频段：B1/B3/B4/B5/B8/B28A/B66 5G频段：n1/n3/n5/n8/n28A/n38/n40/n41/n77(3300~3800MHz)/n78 注： 实时网络功能可用性取决于运营商网络可用性、基建部署以及手机软件版本。,支持移动/联通/电信/广电5G/4G等网络,02-B220-261382,V2542A,不支持,支持,Type-C,Wi-Fi Display;MU-MIMO,GPS：L1 北斗：B1C;B1I GLONASS：G1 Galileo：E1 QZSS：L1 NavIC：不支持 GNSS功能：AGPS;蜂窝网络定位;无线局域网定位,3.5mm接口,蓝牙5.4,SBC;AAC;aptX;aptX HD;LDAC,Face Wake面部识别,,单扬声器,AAC、WAV、M4A、MP3、MIDI、OGG、APE、FLAC,AAC、WAV、MP3、MIDI、VORBIS、APE、FLAC
vivo X Fold6 极夜,智能手机,8999.0,10021074,https://shop.vivo.com.cn/product/10021074,100,原子工作台 | 蔡司2亿超级主摄 | 等效7000mAh蓝海电池,2026年6月,支持,支持,80W闪充，指充电器至大输出功率为80W；实际充电功率会随场景变化而动态调节，请以实际使用情况为准。支持80W闪充（11V 7.3A），兼容66W（11V 6A）、55W（11V 5A）、44W（11V 4A）、33W（11V 3A）、22.5W （10V 2.25A）,2000万像素（内外屏各一颗）,2亿像素主摄+5000万像素广角+5000万像素潜望,天玑 9500 超能版,"主屏2504x2312,副屏2528x1120","主屏8.02英寸,副屏6.51英寸",AMOLED,vivo X Fold6,,Type-C,40W无线充电,"512GB, UFS4.1（注：由于手机系统和预装的程序占据了部分存储空间，可用存储空间少于512GB)",等效7000*mAh 本产品采用双电池并联设计： 典型容量：2946mAh（3.78V）+4054mAh（3.78V），等效于7000mAh（3.78V）单电池 典型能量：26.47Wh,等效6760*mAh 本产品采用双电池并联设计： 额定容量：2845mAh（3.78V）+3915mAh（3.78V），等效于6760mAh（3.78V）单电池 额定能量：25.56Wh,Type-C 数字信号接口,"面部识别,侧边指纹",12GB，LPDDR5X Ultra四通道（注：由于手机系统和预装的程序占据了部分运存空间，实际运存空间少于12GB）,支持,激光对焦传感器;气压传感器;霍尔传感器;红外遥控;Flicker传感器;前置色温传感器;后置色温传感器,支持,支持,支持,支持,X轴线性马达,LPDDR5X Ultra四通道,UFS4.1,支持12GB,由于手机系统和预装的程序占据了部分运存空间，实际运存空间少于12GB、可用存储空间少于512GB,,512GB,12GB,原子工作台 | 蔡司2亿超级主摄 | 等效7000mAh蓝海电池,4.21GHz*1+3.5GHz*3+2.7GHz*4,64位,3nm,天玑 9500 超能版,八核处理器,ARM G1-Ultra,,,铝合金,玻纤(极夜、盐湖、黑金版)、玻璃(蓝洞),展开: 157.16mm*145.66mm*4.40mm(极夜、盐湖、黑金版)、157.16mm*145.66mm*4.80mm(蓝洞); 折叠: 157.16mm*74.26mm*9.40mm(极夜、盐湖、黑金版)、157.16mm*74.26mm*9.90mm(蓝洞),228g(极夜、盐湖、黑金版)、235g(蓝洞) 注：实际尺寸与重量可能会因工艺、测量方法、材料供应商变更而略有不同。,支持,主屏：2504x2312 / 副屏：2528x1120,8000000:1,主屏：91.99% / 副屏：92.65%,424PPI,1-120Hz,"主屏8.02英寸,副屏6.51英寸",AMOLED,主屏：4: 3.69 / 副屏：20.31:9,折叠屏,10.7亿色,主屏：正常130Hz，游戏240Hz / 副屏：正常130Hz，游戏300Hz,支持P3广色域,手机×1，充电头×1，Type-C数据线×1，原装膜（内外屏出厂已贴好）×2，保护壳×1，取卡针×1，快速入门指南×1,CMOS,拍照、人像、录像、人像录像,2000万像素（内外屏各一颗）,f/2.4,不支持,最大支持100x数字变焦；前后置摄像头均支持数字变焦,拍照、人像、风光与夜景、抓拍、录像、超清文档、全景、慢动作、舞台、延时摄影、人像录像、专业、美食、扫描,2亿像素主摄+5000万像素广角+5000万像素潜望,f/1.68(主摄)+f/2.05(广角)+f/2.57(潜望),三摄,支持,前置支持FF对焦；后置三摄支持AF对焦,前置最高支持1080P；后置主摄最高支持8K，后置广角、后置潜望最高支持4K,后置主摄、后置潜望支持OIS防抖,侧边电容指纹,,基于Android 16开发的OriginOS 6 Fold,,支持,80W闪充，指充电器至大输出功率为80W；实际充电功率会随场景变化而动态调节，请以实际使用情况为准。支持80W闪充（11V 7.3A），兼容66W（11V 6A）、55W（11V 5A）、44W（11V 4A）、33W（11V 3A）、22.5W （10V 2.25A）,40W无线充电,等效7000*mAh 本产品采用双电池并联设计： 典型容量：2946mAh（3.78V）+4054mAh（3.78V），等效于7000mAh（3.78V）单电池 典型能量：26.47Wh,等效6760*mAh 本产品采用双电池并联设计： 额定容量：2845mAh（3.78V）+3915mAh（3.78V），等效于6760mAh（3.78V）单电池 额定能量：25.56Wh,支持,支持,支持,支持,双nano,1、卡槽1、2可以任意切换为数据卡； 2、若数据卡是移动卡/联通卡/广电卡，非数据卡支持“移动5G/4G/2G、联通5G/4G/3G/2G、广电5G/4G、电信5G/4G”； 3、若数据卡是电信卡，非数据卡支持“移动5G/4G/2G、联通5G/4G/3G/2G、广电5G/4G、电信5G/4G（需要开通VoLTE业务，未开通VoLTE业务时，无法注册网络）”。,2G GSM频段：850/900/1800/1900MHz 3G WCDMA频段：B1/B2/B4/B5/B6/B8/B19 4G TD-LTE频段：B34/B38/B39/B40/B41/B42/B43/B48 4G FDD-LTE频段：B1/B2/B3/B4/B5/B7/B8/B12/B17/B18/B19/B20/B25/B26/B28/B66 5G频段：n1/n2/n3/n5/n7/n8/n12/n18/n20/n25/n26/n28/n34/n38/n39/n40/n41/n48/n66/n77/n78/n79 注： 实时网络功能可用性取决于运营商网络可用性、基建部署以及手机软件版本。,支持移动/联通/电信/广电5G/4G等网络，5G双卡双通 注：5G双卡双通仅支持部分频段组合并依赖于运营商SA及VoNR部署，SA及VoNR支持能力取决于可用的网络和软件版本。,02-B220-261044,V2545A,支持,支持,Type-C,Wi-Fi Display;2*2 MIMO;MU-MIMO;Wi-Fi 6;Wi-Fi 7;2.4G&5G双路并发,GPS：L1;L5 北斗：B1C;B1I;B2a;B2b GLONASS：G1 Galileo：E1;E5a;E5b QZSS：L1;L5 NavIC：L1;L5 GNSS功能：AGPS;蜂窝网络定位;无线局域网定位;地理围栏,Type-C 数字信号接口,蓝牙5.4,SBC;AAC;aptX;aptX HD;LDAC;LHDC 5.0,Face Wake面部识别,,双扬声器,AAC、WAV、M4A、MP3、MIDI、OGG、APE、FLAC,AAC、WAV、MP3、MIDI、VORBIS、APE、FLAC
vivo Y600 Turbo 沙丘金,智能手机,2599.0,10012089,https://shop.vivo.com.cn/product/10012089,102,第四代骁龙7s流畅芯|9000mAh蓝海电池|IP68+IP69防水认证,2026年5月,支持,支持,90W闪充，指充电器至大输出功率为90W；实际充电功率会随场景变化而动态调节，请以实际使用情况为准。支持90W闪充（11V 8.2A），兼容80W（11V 7.3A）、66W（11V 6A）、55W（11V 5A）、44W（11V 4A）、33W（11V 3A）、22.5W （10V 2.25A）,800万像素,5000万像素主摄+200万像素虚化,第四代骁龙®7s移动平台,2800×1260,6.83英寸,AMOLED,vivo Y600 Turbo,不支持,Type-C,不支持,"256GB,UFS3.1（注：由于手机系统和预装的程序占据了部分存储空间，可用存储空间少于256GB)",9020mAh 本产品采用单电芯设计： 典型容量：9020mAh（3.72V） 典型能量：33.56Wh,8820mAh 本产品采用单电芯设计： 额定容量：8820mAh（3.72V） 额定能量：32.82Wh,仅支持Type-C 数字信号接口,"屏下光学指纹,面部识别",12GB，LPDDR4X 双通道（注：由于手机系统和预装的程序占据了部分运存空间，实际运存空间少于12GB）,支持,红外遥控,支持,支持,支持,支持,普通马达,LPDDR4X 双通道,UFS3.1,支持12GB,由于手机系统和预装的程序占据了部分运存空间，实际运存空间少于12GB、可用存储空间少于256GB,,256GB,12GB,第四代骁龙7s流畅芯|9000mAh蓝海电池|IP68+IP69防水认证,2.7GHz*1+2.4GHz*3+1.8GHz*4,64位,4nm,第四代骁龙®7s移动平台,八核处理器,Adreno 810,,,塑胶,复合板材,163.73mm*76.18mm*8.29mm,215g,支持,2800x1260,8000000:1,94.47%,449PPI,120Hz/90Hz/60Hz,6.83英寸,AMOLED,20:9,直面屏,10.7亿,,支持P3广色域,手机×1，充电头×1，Type-C数据线×1，保护壳×1，原装膜（出厂已贴好）×1，取卡针×1，快速入门指南×1,CMOS,夜景、人像、拍照、录像,800万像素,f/2.05,不支持,前置支持2倍数字变焦；后置主摄支持10倍数字变焦,夜景、人像、拍照、录像、5000万、全景、超清文档、慢动作、延时摄影、专业、美食、扫描,5000万像素主摄+200万像素虚化,f/1.8(主摄)+f/2.4(虚化),双摄,支持,前置支持FF对焦；后置主摄支持AF对焦，后置虚化支持FF对焦,前置最高支持1080P；后置最高支持4K,前后置支持EIS防抖,屏下光学指纹,,基于Android 16 开发的OriginOS 6,语音唤醒、小V建议、扫描,支持,90W闪充，指充电器至大输出功率为90W；实际充电功率会随场景变化而动态调节，请以实际使用情况为准。支持90W闪充（11V 8.2A），兼容80W（11V 7.3A）、66W（11V 6A）、55W（11V 5A）、44W（11V 4A）、33W（11V 3A）、22.5W （10V 2.25A）,不支持,9020mAh 本产品采用单电芯设计： 典型容量：9020mAh（3.72V） 典型能量：33.56Wh,8820mAh 本产品采用单电芯设计： 额定容量：8820mAh（3.72V） 额定能量：32.82Wh,支持,仅支持联通3G,支持,支持,双nano,1、卡槽1、2可以任意切换为数据卡； 2、支持5G SA； 3、若数据卡是移动卡/联通卡/广电卡，非数据卡支持“移动5G/4G/2G、联通5G/4G/3G/2G、广电5G/4G、电信5G/4G”； 4、若数据卡是电信卡，非数据卡支持“移动5G/4G/2G、联通5G/4G/3G/2G、广电5G/4G、电信5G/4G（需要开通VoLTE业务，未开通VoLTE业务时，无法注册网络）”。,2G GSM频段:850/900/1800MHz 3G WCDMA频段:B1/B5/B6/B8/B19 4G TD-LTE频段:B34/B38/B39/B40/B41/B42/B48 4G FDD-LTE频段:B1/B3/B5/B8/B19/B28A 5G频段:n1/n3/n5/n8/n28A/n38/n40/n41/n48/n77/n78 注： 实时网络功能可用性取决于运营商网络可用性、基建部署以及手机软件版本。,支持移动/联通/电信/广电5G/4G等网络,02-B220-261360,V2553A,支持,支持,Type-C,Wi-Fi Display;MU-MIMO;Wi-Fi 6 备注：速率至高600Mbps(1*1SISO),GPS :L1;L5 北斗:B1C;B1I;B2a GLONASS:G1 Galileo:E1;E5a QZSS:L1;L5 NavIC:L5 GNSS功能:AGPS;蜂窝网络定位;无线局域网定位,Type-C 数字信号接口,蓝牙5.2,SBC;AAC;aptX;aptX HD;aptX Adaptive;LDAC,Face Wake面部识别,不支持,双扬声器,AAC、WAV、M4A、MP3、MIDI、OGG、APE、FLAC,AAC、WAV、MP3、MIDI、VORBIS、APE、FLAC
vivo S60 元气版 星星海,智能手机,3499.0,10012059,https://shop.vivo.com.cn/product/10012059,100,4K原生感Live*|湿手秒开超声波指纹 2.0|7200mAh超薄蓝海电池|*备注：4K仅适配12GB运存及以上版本,2026年5月,支持,支持,90W闪充，指充电器至大输出功率为90W；实际充电功率会随场景变化而动态调节，请以实际使用情况为准。支持90W闪充（11V 8.2A），兼容80W（11V 7.3A）、66W（11V 6A）、55W（11V 5A）、44W（11V 4A）、33W（11V 3A）、22.5W （10V 2.25A）、11.7W（9V 1.3A）、10W（5V 2A）,5000万像素,5000万像素主摄+800万像素广角,天玑7500满血版,2750x1260,6.59英寸,AMOLED,vivo S60 元气版,不支持,Type-C,不支持,512GB（注：由于手机系统和预装的程序占据了部分存储空间，可用存储空间少于512GB),7200mAh 本产品采用单电芯设计： 典型容量：7200mAh（3.74V） 典型能量：26.93Wh,7015mAh 本产品采用单电芯设计： 额定容量：7015mAh（3.74V） 额定能量：26.24Wh,Type-C 数字信号接口,"面部识别,3D超声波单点指纹",12GB（注：由于手机系统和预装的程序占据了部分运存空间，实际运存空间少于12GB）,支持,红外遥控,支持,支持,支持,支持,X轴线性马达,,,支持12GB,由于手机系统和预装的程序占据了部分运存空间，实际运存空间少于12GB、可用存储空间少于512GB,,512GB,12GB,4K原生感Live*|湿手秒开超声波指纹 2.0|7200mAh超薄蓝海电池|*备注：4K仅适配12GB运存及以上版本,2.6GHz*4+2.0GHz*4,64位,4nm,天玑7500满血版,八核处理器,Mali G625,,,铝合金,玻璃,157.52mm*74.33mm*7.92mm(星星海)、157.52mm*74.33mm*7.79mm(仲夏夜、初夏绿),199g(星星海)、196g(仲夏夜、初夏绿),支持,2750x1260,8000000:1,94.7%,459PPI,60Hz/90Hz/120Hz/144Hz,6.59英寸,AMOLED,19.64:9,直面屏,10bit,显示帧率60Hz、90Hz、120Hz报点率130Hz， 显示帧率144Hz，触屏报点率160Hz， 游戏模式300Hz， 瞬时：2.0kHz,支持P3广色域,手机×1，充电头×1，Type-C数据线×1，保护壳×1，原装膜（出厂已贴好）×1，取卡针×1，快速入门指南×1,CMOS,创作，夜景，实况，人像，拍照，录像，高像素，化妆镜，一拍得胶片相机,5000万像素,f/2.0,支持,前后置均支持数字变焦；最大支持30x数字变焦,创作，夜景，实况，人像，拍照，录像，高像素，全景，超清文档，慢动作，延时摄影，专业，抓拍，美食，扫描，一拍得胶片相机,5000万像素主摄+800万像素广角,f/1.88(主摄)+f/2.2(广角),双摄,支持,前置支持AF对焦；后置主摄支持AF对焦，后置广角支持FF对焦,前置、后置主摄最高支持4K，后置广角最高支持1080P,后置主摄支持OIS防抖,3D超声波单点指纹,支持语音、建议、扫描等功能,基于Android 16 开发的OriginOS 6,,支持,90W闪充，指充电器至大输出功率为90W；实际充电功率会随场景变化而动态调节，请以实际使用情况为准。支持90W闪充（11V 8.2A），兼容80W（11V 7.3A）、66W（11V 6A）、55W（11V 5A）、44W（11V 4A）、33W（11V 3A）、22.5W （10V 2.25A）、11.7W（9V 1.3A）、10W（5V 2A）,不支持,7200mAh 本产品采用单电芯设计： 典型容量：7200mAh（3.74V） 典型能量：26.93Wh,7015mAh 本产品采用单电芯设计： 额定容量：7015mAh（3.74V） 额定能量：26.24Wh,支持,支持,支持,支持,双nano,1、卡槽1、2可以任意切换为数据卡； 2、支持5G SA； 3、若数据卡是移动卡/联通卡/广电卡，非数据卡支持“移动5G/4G/2G、联通5G/4G/3G/2G广电5G/4G、电信5G/4G”； 4、若数据卡是电信卡，非数据卡支持“移动5G/4G/2G、联通5G/4G/3G/2G、广电5G/4G、电信5G/4G（需要开通VoLTE业务，未开通VoLTE业务时，无法注册网络）”。,2G GSM频段:850/900/1800MHz 3G WCDMA频段:B1/B4/B5/B6/B8/B19 4G TD-LTE频段:B34/B38/B39/B40/B41/B42/B43/B48 4G FDD-LTE频段:B1/B3/B4/B5/B8/B18/B19/B26/B28A/B66 5G频段:n1/n3/n5/n8/n18/n26/n28A/n34/n38/n39/n40/n41/n48/n66/n77/n78 注： 实时网络功能可用性取决于运营商网络可用性、基建部署以及手机软件版本。,支持移动/联通/电信/广电5G/4G等网络,02-B220-261177,V2572A,支持,支持,Type-C,Wi-Fi Display;2*2 MIMO;MU-MIMO;Wi-Fi 6,GPS:L1 北斗:B1I GLONASS:G1 Galileo:E1 QZSS:L1 NavIC:不支持 GNSS功能:AGPS;蜂窝网络定位;无线局域网定位,Type-C 数字信号接口,蓝牙5.4,SBC;AAC;aptX;aptX HD;LDAC,Face Wake面部识别,,立体双扬,AAC、WAV、M4A、MP3、MIDI、OGG、APE、FLAC,AAC、WAV、MP3、MIDI、VORBIS、APE、FLAC
vivo S60 初夏绿,智能手机,4399.0,10012055,https://shop.vivo.com.cn/product/10012055,100,4K原生感Live|4K星光Live|云台级防抖主摄,2026年5月,支持,支持,90W闪充，指充电器至大输出功率为90W；实际充电功率会随场景变化而动态调节，请以实际使用情况为准。支持90W闪充（11V 8.2A），兼容80W（11V 7.3A）、66W（11V 6A）、55W（11V 5A）、44W（11V 4A）、33W（11V 3A）、22.5W （10V 2.25A）、11.7W（9V 1.3A）、10W（5V 2A）,5000万像素,5000万像素主摄+800万像素广角+ 5000万像素潜望,第三代骁龙®8s移动平台,2750x1260,6.59英寸,AMOLED,vivo S60,不支持,Type-C,不支持,512GB（注：由于手机系统和预装的程序占据了部分存储空间，可用存储空间少于512GB),7200mAh 本产品采用单电芯设计： 典型容量：7200mAh（3.74V） 典型能量：26.93Wh,7015mAh 本产品采用单电芯设计： 额定容量：7015mAh（3.74V） 额定能量：26.24Wh,Type-C 数字信号接口,"面部识别,3D超声波单点指纹",16GB（注：由于手机系统和预装的程序占据了部分运存空间，实际运存空间少于16GB）,支持,红外遥控,支持,支持,支持,支持,X轴线性马达,,,支持16GB,由于手机系统和预装的程序占据了部分运存空间，实际运存空间少于16GB、可用存储空间少于512GB,,512GB,16GB,4K原生感Live|4K星光Live|云台级防抖主摄,3.0GHz*1+2.8GHz*4+2.0GHz*3,64位,4nm,第三代骁龙®8s移动平台,八核处理器,Adreno 735,,,铝合金,玻璃,157.52mm*74.33mm*7.92mm(星星海)、157.52mm*74.33mm*7.79mm(初夏绿、仲夏夜),207g(星星海)、205g(初夏绿、仲夏夜),支持,2750x1260,8000000:1,94.7%,459PPI,60Hz/90Hz/120Hz/144Hz(aod30Hz),6.59英寸,AMOLED,19.64:9,直面屏,10.7亿色,显示帧率60Hz、90Hz、120Hz报点率130Hz， 显示帧率144Hz，触屏报点率160Hz， 游戏模式300Hz，瞬时：2.0kHz,支持P3广色域,手机×1，充电头×1，Type-C数据线×1，保护壳×1，原装膜（出厂已贴好）×1，取卡针×1，快速入门指南×1,CMOS,创作、夜景、人像、实况、拍照、录像、高像素、化妆镜、一拍得相机,5000万像素,f/2.0,支持,前后置均支持数字变焦；最大支持100x数字变焦,创作、夜景、实况、人像、拍照、录像、高像素、全景、超清文档、慢动作、 延时摄影、专业、抓拍、美食、扫描、一拍得相机,5000万像素主摄+800万像素广角+ 5000万像素潜望,f/1.75(主摄)+f/2.2(广角)+f/2.65(潜望),三摄,支持,前置支持AF对焦；后置主摄支持AF对焦，后置广角支持FF对焦，后置潜望支持AF对焦,前后置主摄、后置潜望最高支持4K，后置广角最高支持1080P,后置主摄、潜望支持OIS防抖,3D超声波单点指纹,支持语音、建议、扫描等功能,基于Android 16开发的OriginOS 6,,支持,90W闪充，指充电器至大输出功率为90W；实际充电功率会随场景变化而动态调节，请以实际使用情况为准。支持90W闪充（11V 8.2A），兼容80W（11V 7.3A）、66W（11V 6A）、55W（11V 5A）、44W（11V 4A）、33W（11V 3A）、22.5W （10V 2.25A）、11.7W（9V 1.3A）、10W（5V 2A）,不支持,7200mAh 本产品采用单电芯设计： 典型容量：7200mAh（3.74V） 典型能量：26.93Wh,7015mAh 本产品采用单电芯设计： 额定容量：7015mAh（3.74V） 额定能量：26.24Wh,支持,支持,支持,支持,双nano,1、卡槽1、2可以任意切换为数据卡； 2、支持5G SA； 3、若数据卡是移动卡/联通卡/广电卡，非数据卡支持“移动5G/4G/2G、联通5G/4G/3G/2G、广电5G/4G、电信5G/4G”； 4、若数据卡是电信卡，非数据卡支持“移动5G/4G/2G、联通5G/4G/3G/2G、广电5G/4G、电信5G/4G（需要开通VoLTE业务，未开通VoLTE业务时，无法注册网络）”。,2G GSM频段：850/900/1800MHz 3G WCDMA频段：B1/B4/B5/B6/B8/B19 4G TD-LTE频段：B34/B38/B39/B40/B41/B42/B43/B48 4G FDD-LTE频段：B1/B3/B4/B5/B7/B8/B18/B19/B26/B28A/B66 5G频段：n1/n3/n5/n7/n8/n18/n26/n28A/n38/n40/n41/n48/n66/n77/n78 注： 实时网络功能可用性取决于运营商网络可用性、基建部署以及手机软件版本。,支持移动/联通/电信/广电5G/4G等网络,02-B220-260992,V2571A,支持,支持,Type-C,Wi-Fi Display;2*2 MIMO;MU-MIMO;Wi-Fi 6,GPS：L1 北斗：B1C;B1I GLONASS：G1 Galileo：E1 QZSS：L1 NavIC：不支持 GNSS功能：AGPS;蜂窝网络定位;无线局域网定位,仅支持Type-C 数字信号接口,蓝牙5.4,SBC;AAC;aptX;aptX HD;aptX Adaptive;aptX Lossless;LDAC;LHDC 5.0,Face Wake面部识别,,立体双扬,AAC、WAV、M4A、MP3、MIDI、OGG、APE、FLAC,AAC、WAV、MP3、MIDI、VORBIS、APE、FLAC
iQOO 15T +1TB 青云,智能手机,5999.0,10012006,https://shop.vivo.com.cn/product/10012006,104,2K 珠峰屏×电竞芯片Q3|天玑9500 Monster版|8000mAh 超薄蓝海电池|2亿大底超级主摄|8K冰穹VC液冷散热|OriginOS 6,2026年5月,支持,支持,100W超快闪充，指充电器至大输出功率为100W；实际充电功率会随场景变化而动态调节，请以实际使用情况为准。（支持最大输入充电规格11V/9.1A，兼容11V/8.2A、11V/7.3A、11V/ 6A、11V/5A、11V/4A、11V/3A、10V/ 2.25A、9V/1.3A、5V/2A）,1600万像素,2亿像素 大底超级主摄+5000万像素 旗舰超广角,天玑9500 Monster版,3168×1440,6.82英寸,AMOLED,iQOO 15T,不支持,Type-C,不支持,"1TB,UFS 4.1（注：由于手机系统和预装的程序占据了部分存储空间，可用存储空间少于1TB)",8000mAh *本产品采用单电芯设计： 典型容量：8000mAh（3.74V） 典型能量：29.92Wh,7845mAh *本产品采用单电芯设计： 额定容量：7845mAh（3.74V） 额定能量：29.35Wh,仅支持Type-C 数字信号接口,"面部识别,超声波3D指纹","16GB,LPDDR5X Ultra 四通道（注：由于手机系统和预装的程序占据了部分运存空间，实际运存空间少于16GB）",支持,前置色温传感器、3D超声波单点指纹传感器、红外遥控、Flicker传感器,支持,支持,支持,实体,X轴线性马达,LPDDR5X Ultra 四通道,UFS 4.1,支持16GB,由于手机系统和预装的程序占据了部分运存空间，实际运存空间少于16GB、可用存储空间少于1TB,,1TB,16GB,2K 珠峰屏×电竞芯片Q3|天玑9500 Monster版|8000mAh 超薄蓝海电池|2亿大底超级主摄|8K冰穹VC液冷散热|OriginOS 6,4.21GHz×1+3.5GHz×3+2.7GHz×4,64位,3nm,天玑9500 Monster版,八核处理器,ARM G1-Ultra,,自研电竞芯片 Q3,铝合金,赛道版：玻纤；传奇版、青云：玻璃,163.37mmx76.71mmx8.25mm(赛道版)、163.37mmx76.71mmx8.40mm(传奇版、青云),赛道版：约216g；传奇版、青云：约223g（注：实际尺寸与重量可能会因工艺、测量方法、材料供应商变更而略有不同）,支持,3168x1440,8000000:1,93.88%,510PPI,最高支持144Hz,6.82英寸,AMOLED,19.8:9,直面屏,10.7亿色,普通场景130Hz，部分游戏对战场景300Hz,支持P3广色域,手机×1，充电头×1，Type-C to Type-C数据线×1，保护壳×1，原装膜（出厂已贴好）×1，取卡针×1，快速入门指南×1，手机包装盒×1,CMOS,人像模式、拍照模式、录像模式,1600万像素,f/2.45,不支持,最大支持40x数字变焦,抓拍模式、夜景模式、人像模式、拍照模式、录像模式、超清文档、全景、慢镜头、延时摄影、时光慢门、超级月亮、专业拍照模式、专业录像模式、扫描,2亿像素 大底超级主摄+5000万像素 旗舰超广角,f/1.88（后置主摄），f/2.0（后置广角）,双摄,支持,前置支持FF对焦，后置双摄均支持AF对焦,前置最高支持1080P视频拍摄，后置最高支持8K视频拍摄，后置慢镜头最高支持1080P,后置主摄支持OIS防抖，后置双摄均支持视频防抖,超声波3D指纹,支持语音、建议、扫描等功能,基于Android 16开发的OriginOS 6,,支持,100W超快闪充，指充电器至大输出功率为100W；实际充电功率会随场景变化而动态调节，请以实际使用情况为准。（支持最大输入充电规格11V/9.1A，兼容11V/8.2A、11V/7.3A、11V/ 6A、11V/5A、11V/4A、11V/3A、10V/ 2.25A、9V/1.3A、5V/2A）,不支持,8000mAh *本产品采用单电芯设计： 典型容量：8000mAh（3.74V） 典型能量：29.92Wh,7845mAh *本产品采用单电芯设计： 额定容量：7845mAh（3.74V） 额定能量：29.35Wh,支持,仅支持联通3G,支持,支持,双nano,1、卡槽1、2可以任意切换为数据卡； 2、支持5G SA； 3、若数据卡是移动卡/联通卡/广电卡，非数据卡支持“移动5G/4G/2G、联通5G/4G/3G/2G、广电5G/4G、电信5G/4G”； 4、若数据卡是电信卡，非数据卡支持“移动5G/4G/2G、联通5G/4G/3G/2G、广电5G/4G、电信5G/4G（需要开通VoLTE业务，未开通VoLTE业务时，无法注册网络）”。,2G网络 GSM：850/900/1800MHz 3G网络 WCDMA：B1/B4/B5/B6/B8/B19 4G网络 TD-LTE：B34/B38/B39/B40/B41/B42/B43/B48 4G网络 FDD-LTE：B1/B3/B4/B5/B7/B8/B18/B19/B26/B28A/B66 5G网络：n1/n3/n5/n7/n8/n18/n26/n28A/n34/n38/n39/n40/n41/n48/n66/n77/n78 注： 实时网络功能可用性取决于运营商网络可用性、基建部署以及手机软件版本。,支持移动/联通/电信/广电5G/4G等网络，5G双卡双通 注：5G双卡双通仅支持部分频段组合并依赖于运营商SA及VoNR部署，SA及VoNR支持能力取决于可用的网络和软件版本,02-B220-260861,V2564A,支持,支持,Type-C,支持WLAN 2.4G;WLAN 5G频率；支持Wi-Fi Display;2*2 MIMO;MU-MIMO;Wi-Fi 6;Wi-Fi 7;2.4G&5G双路并发,支持 GPS：L1+L5，北斗：B1C+B1I+B2a+B2b，GLONASS：G1，Galileo：E1+E5a+E5b，QZSS：L1+L5，NavIC：L1+L5 支持AGPS、蜂窝网络定位、无线局域网定位,仅支持Type-C 数字信号接口,蓝牙5.4,SBC;AAC;aptX;aptX HD;LDAC;LHDC 5.0,Face Wake面部识别,不支持,立体双扬,AAC、WAV、M4A、MP3、MIDI、OGG、APE、FLAC,AAC、WAV、MP3、MIDI、VORBIS、APE、FLAC
vivo Y600 Pro 浩渺蓝,智能手机,2599.0,10011952,https://shop.vivo.com.cn/product/10011952,102,10200mAh耐超低温蓝海电池|耐久抗摔防水|寰宇增强通信3.0|超安全流畅OriginOS 6,2026年4月,支持,支持,90W闪充，指充电器至大输出功率为90W；实际充电功率会随场景变化而动态调节，请以实际使用情况为准。支持90W闪充（11V 8.2A）、兼容80W（11V 7.3A）、66W（11V 6A）、55W（11V 5A）、44W（11V 4A）、33W（11V 3A）、22.5W （10V 2.25A）闪充，44W（11V 4A）UFCS融合快充， 55W（11V 5A）PPS快充， 11.7W（9V 1.3A）PD2.0快充， 11.7W（9V 1.3A）HVDCP 9V快充，10W(5V2A)普充,3200万像素,5000万像素,天玑 7300e,2800×1260,6.83英寸,AMOLED,vivo Y600 ProAI版,不支持,Type-C,,512GB，UFS3.1（注：由于手机系统和预装的程序占据了部分存储空间，可用存储空间少于512GB),10200mAh 本产品采用单电芯设计： 典型容量：10200mAh（3.74V） 典型能量：38.15Wh,10000mAh 本产品采用单电芯设计： 额定容量：10000mAh（3.74V） 额定能量：37.4Wh,Type-C 数字信号接口,"面部识别,屏下光学指纹",12GB，LPDDR5 双通道（注：由于手机系统和预装的程序占据了部分运存空间，实际运存空间少于12GB）,支持,红外遥控,支持,支持,支持,支持,普通,LPDDR5 双通道,UFS3.1,支持12GB,由于手机系统和预装的程序占据了部分运存空间，实际运存空间少于12GB、可用存储空间少于512GB,,512GB,12GB,10200mAh耐超低温蓝海电池|耐久抗摔防水|寰宇增强通信3.0|超安全流畅OriginOS 6,2.5GHz*4+2.0GHz*4,64位,6nm,天玑 7300e,八核处理器,Mali-G610,,,塑胶,抗摔复合板材,163.90mm*76.50mm*8.15mm(皓月黑、浩渺蓝、星曜紫)、163.90mm*76.50mm*8.25mm(浮光金),221g(皓月黑、浩渺蓝、星曜紫)、223g(浮光金)（注：实际尺寸与重量可能会因工艺、测量方法、材料供应商变更而略有不同）,支持,2800×1260,8000000:1,94.47%,449PPI,60Hz/90Hz/120Hz,6.83英寸,AMOLED,20：9,直面屏,10.7亿色,130Hz/300Hz,支持P3广色域,手机×1，充电头×1，Type-C数据线×1，保护壳×1，原装膜（出厂已贴好）×1，取卡针×1，快速入门指南×1,CMOS,夜景、人像、拍照、录像、动态照片,3200万像素,f/2.45,不支持,前置支持2倍数字变焦，后置主摄支持10倍数字变焦,夜景、人像、拍照、录像、5000万、全景、文档矫正、慢动作、延时摄影、专业、动态照片、扫描,5000万像素,f/1.8,单摄,支持,前置支持FF对焦，后置支持AF对焦,前置主摄、后置主摄最高均支持1080P,前置后置均支持EIS防抖,屏下光学指纹,支持语音、建议、扫描等功能,基于Android 16 开发的OriginOS 6,,支持,90W闪充，指充电器至大输出功率为90W；实际充电功率会随场景变化而动态调节，请以实际使用情况为准。支持90W闪充（11V 8.2A）、兼容80W（11V 7.3A）、66W（11V 6A）、55W（11V 5A）、44W（11V 4A）、33W（11V 3A）、22.5W （10V 2.25A）闪充，44W（11V 4A）UFCS融合快充， 55W（11V 5A）PPS快充， 11.7W（9V 1.3A）PD2.0快充， 11.7W（9V 1.3A）HVDCP 9V快充，10W(5V2A)普充,不支持,10200mAh 本产品采用单电芯设计： 典型容量：10200mAh（3.74V） 典型能量：38.15Wh,10000mAh 本产品采用单电芯设计： 额定容量：10000mAh（3.74V） 额定能量：37.4Wh,支持,支持,支持,支持,双nano,1、卡槽1、2可以任意切换为数据卡； 2、支持5G SA； 3、若数据卡是移动卡/联通卡/广电卡，非数据卡支持“移动5G/4G/2G、联通5G/4G/3G/2G、广电5G/4G、电信5G/4G”； 4、若数据卡是电信卡，非数据卡支持“移动5G/4G/2G、联通5G/4G/3G/2G、广电5G/4G、电信5G/4G（需要开通VoLTE业务，未开通VoLTE业务时，无法注册网络）”。,2G GSM频段：850/900/1800MHz 3G WCDMA频段：B1/B5/B6/B8/B19 4G TD-LTE频段：B34/B38/B39/B40/B41/B42/B48 4G FDD-LTE频段：B1/B3/B4/B5/B8/B19/B28A/B66 5G频段：n1/n3/n5/n8/n28A/n34/n38/n39/n40/n41/n48/n66/n77/n78 注： 实时网络功能可用性取决于运营商网络可用性、基建部署以及手机软件版本。,支持移动/联通/电信/广电5G/4G等网络,02-B220-260574,V2561A,支持,支持,Type-C,Wi-Fi Display;MU-MIMO;Wi-Fi 6,GPS ：L1 北斗：B1I GLONASS：G1 Galileo：E1 QZSS：L1 NavIC：不支持 GNSS功能：AGPS;蜂窝网络定位;无线局域网定位,Type-C 数字信号接口,蓝牙5.4,SBC;AAC;aptX;aptX HD;LDAC,Face Wake面部识别,不支持,立体双扬,AAC、WAV、M4A、MP3、MIDI、OGG、APE、FLAC,AAC、WAV、MP3、MIDI、VORBIS、APE、FLAC
vivo Y6 凤迎金,智能手机,1799.0,10011947,https://shop.vivo.com.cn/product/10011947,103,6年长寿大电池|IP69/IP68 防水认证|1200nits硬件级真护眼屏,2026年4月,支持,支持,44W闪充，指充电器至大输出功率为44W；实际充电功率会随场景变化而动态调节，请以实际使用情况为准。（支持最大输入充电规格11V 4A），兼容33W（11V 3A）、22.5W （10V 2.25A）,800万像素,5000万像素主摄,第二代骁龙4,1570x720,6.75英寸,LCD,vivo Y6,不支持,Type-C,不支持,"128GB,UFS3.1（注：由于手机系统和预装的程序占据了部分存储空间，可用存储空间少于128GB)",7200mAh 本产品采用单电芯设计： 典型容量：7200mAh（3.92V） 典型能量：28.23Wh,7060mAh 本产品采用单电芯设计： 额定容量：7060mAh（3.92V） 额定能量：27.68Wh,Type-C 模拟信号接口、Type-C 数字信号接口,"面部识别,侧边指纹","8GB,LPDDR4X 双通道（注：由于手机系统和预装的程序占据了部分运存空间，实际运存空间少于8GB）",支持环境光传感器,红外遥控,支持,支持,支持加速度传感器,不支持,普通马达,LPDDR4X 双通道,UFS3.1,支持8GB,由于手机系统和预装的程序占据了部分运存空间，实际运存空间少于8GB、可用存储空间少于128GB,,128GB,8GB,6年长寿大电池|IP69/IP68 防水认证|1200nits硬件级真护眼屏,2.2GHz*2+1.95GHz*6,64位,4nm,第二代骁龙4,八核处理器,Adreno 613,,,塑胶,复合板材,"166.64mm*78.43mm*8.39mm(曜石黑、星河银),166.64mm*78.43mm*8.49mm(凤迎金)",219g 注：实际尺寸与重量可能会因工艺、测量方法、材料供应商变更而略有不同,不支持,1570x720,1500:1,90.60%,256PPI,最高支持120Hz,6.75英寸,LCD,19.6:9,直面屏,1670万,120Hz/180Hz/240Hz,83%NTSC,手机×1，充电头×1，Type-C数据线×1，保护壳×1，原装膜（出厂已贴好）×1，取卡针×1，快速入门指南×1,CMOS,夜景，人像，拍照，录像，微电影，动态照片,800万像素,f/2.05,不支持,前置支持2倍数字变焦，后置主摄支持10倍数字变焦,夜景，人像，拍照，录像，微电影，5000万，全景，文档矫正，慢动作，延时摄影，专业，扫描，动态照片,5000万像素,f/2.2,单摄,支持,前置后置均支持FF对焦,前置主摄、后置主摄最高均支持1080P,不支持,侧边电容指纹,支持语音、建议、扫描等功能,基于Android 16 开发的OriginOS 6,,支持,44W闪充，指充电器至大输出功率为44W；实际充电功率会随场景变化而动态调节，请以实际使用情况为准。（支持最大输入充电规格11V 4A），兼容33W（11V 3A）、22.5W （10V 2.25A）,不支持,7200mAh 本产品采用单电芯设计： 典型容量：7200mAh（3.92V） 典型能量：28.23Wh,7060mAh 本产品采用单电芯设计： 额定容量：7060mAh（3.92V） 额定能量：27.68Wh,支持,支持,支持,支持,双nano,1、卡槽1、2可以任意切换为数据卡； 2、支持5G SA； 3、若数据卡是移动卡/联通卡/广电卡，非数据卡支持“移动5G/4G/2G、联通5G/4G/3G/2G、广电5G/4G、电信5G/4G”； 4、若数据卡是电信卡，非数据卡支持“移动5G/4G/2G、联通5G/4G/3G/2G、广电5G/4G、电信5G/4G（需要开通VoLTE业务，未开通VoLTE业务时，无法注册网络）”。,2G GSM频段：850/900/1800MHz 2G CDMA频段：BC0 3G WCDMA频段：B1/B5/B8 4G TD-LTE频段：B34/B38/B39/B40/B41 4G FDD-LTE频段：B1/B3/B5/B8/B28A 5G频段：n1/n3/n5/n8/n28A/n38/n40/n41/n77/n78 注： 实时网络功能可用性取决于运营商网络可用性、基建部署以及手机软件版本。,支持移动/联通/电信/广电5G/4G等网络,02-B220-253548,V2531A,支持,支持,Type-C,Wi-Fi Display;MU-MIMO,GPS：L1 北斗：B1C;B1I GLONASS：G1 Galileo：E1 QZSS：L1 GNSS功能：AGPS;蜂窝网络定位;无线局域网定位,Type-C 模拟信号接口、Type-C 数字信号接口,蓝牙4.2,SBC;AAC;aptX;aptX Adaptive,Face Wake面部识别,不支持,立体双扬,AAC、WAV、M4A、MP3、MIDI、OGG、APE、FLAC,AAC、WAV、MP3、MIDI、VORBIS、APE、FLAC
vivo Y6t 暮夜黑,智能手机,1399.0,10011939,https://shop.vivo.com.cn/product/10011939,102,6500mAh 5年长寿大电池|SGS五星抗跌耐摔认证|全局无频闪护眼屏,2026年4月,支持,不支持,15W充电（5V 3A),500万像素,1300万像素,第二代骁龙®4移动平台,1600×720,6.74英寸,LCD,vivo Y6t,,Type-C,不支持,"128GB,UFS3.1（注：由于手机系统和预装的程序占据了部分存储空间，可用存储空间少于128GB)",6500mAh 本产品采用单电芯设计： 典型容量：6500mAh（3.91V） 典型能量：25.42Wh,6355mAh 本产品采用单电芯设计： 额定容量：6355mAh（3.91V） 额定能量：24.85Wh,3.5mm接口,"面部识别,侧边指纹","6GB,LPDDR4X 双通道（注：由于手机系统和预装的程序占据了部分运存空间，实际运存空间少于6GB）",支持,红外遥控,支持,支持,支持,不支持,普通马达,LPDDR4X 双通道,UFS3.1,支持6GB,由于手机系统和预装的程序占据了部分运存空间，实际运存空间少于6GB、可用存储空间少于128GB,,128GB,6GB,6500mAh 5年长寿大电池|SGS五星抗跌耐摔认证|全局无频闪护眼屏,2.2GHz*2+1.95GHz*6,64位,4nm,第二代骁龙®4移动平台,八核处理器,Adreno 613,,,塑胶,复合板材,167.40mm*77.10mm*8.39mm,209g（注：实际尺寸与重量可能会因工艺、测量方法、材料供应商变更而略有不同）,不支持,1600x720,1500:1,90.40%,260PPI,最高支持120Hz,6.74英寸,LCD,20:9,直面屏,1670万,120Hz/180Hz/240Hz,83%NTSC,手机×1，充电头×1，Type-C数据线×1，保护壳×1，原装膜（出厂已贴好）×1，取卡针×1，快速入门指南×1,CMOS,夜景、人像、拍照、录像、动态照片,500万像素,f/2.2,不支持,前置支持2倍数字变焦，后置主摄支持10倍数字变焦,夜景、人像、拍照、录像、全景、文档矫正、慢动作、延时摄影、专业、扫描、动态照片,1300万像素,f/2.2,单摄,支持,前置支持FF对焦，后置主摄支持AF对焦,前后置最高均支持1080P,不支持,侧边电容指纹,支持语音、建议、扫描等功能,基于Android 16开发的OriginOS 6,,支持,15W充电（5V 3A),不支持,6500mAh 本产品采用单电芯设计： 典型容量：6500mAh（3.91V） 典型能量：25.42Wh,6355mAh 本产品采用单电芯设计： 额定容量：6355mAh（3.91V） 额定能量：24.85Wh,支持,支持,支持,支持,双nano,1、卡槽1、2可以任意切换为数据卡； 2、支持5G SA； 3、若数据卡是移动卡/联通卡/广电卡，非数据卡支持“移动5G/4G/2G、联通5G/4G/3G/2G、广电5G/4G、电信5G/4G”； 4、若数据卡是电信卡，非数据卡支持“移动5G/4G/2G、联通5G/4G/3G/2G、广电5G/4G、电信5G/4G（需要开通VoLTE业务，未开通VoLTE业务时，无法注册网络）”。,2G GSM频段：850/900/1800MHz 3G WCDMA频段：B1/B5/B8 4G TD-LTE频段：B34/B38/B39/B40/B41 4G FDD-LTE频段：B1/B3/B4/B5/B8/B28A/B66 5G频段：n1/n3/n5/n8/n28A/n38/n40/n41/n77(3300~3800MHz)/n78 注： 实时网络功能可用性取决于运营商网络可用性、基建部署以及手机软件版本。,支持移动/联通/电信/广电5G/4G等网络,02-B220-260628,V2559A,不支持,支持,Type-C,Wi-Fi Display;MU-MIMO,GPS：L1 北斗：B1C;B1I GLONASS：G1 Galileo：E1 QZSS：L1 NavIC：不支持 GNSS功能：AGPS;蜂窝网络定位;无线局域网定位,3.5mm接口,蓝牙5.1,SBC;AAC;aptX;aptX HD;aptX Adaptive;LDAC,Face Wake面部识别,不支持,单扬声器,AAC、WAV、M4A、MP3、MIDI、OGG、APE、FLAC,AAC、WAV、MP3、MIDI、VORBIS、APE、FLAC
vivo Y500s 凤迎金,智能手机,2199.0,10011848,https://shop.vivo.com.cn/product/10011848,103,6年长寿大电池|满级防水防摔防尘|1200nits硬件级真护眼屏,2026年3月,支持,支持,44W闪充，指充电器至大输出功率为44W；实际充电功率会随场景变化而动态调节，请以实际使用情况为准。（支持最大输入充电规格11V 4A），兼容33W（11V 3A）、22.5W （10V 2.25A）,800万像素,5000万像素主摄,第二代骁龙4,1570x720,6.75英寸,LCD,vivo Y500s,不支持,Type-C,不支持,"512GB,UFS3.1（注：由于手机系统和预装的程序占据了部分存储空间，可用存储空间少于512GB)",7200mAh 本产品采用单电芯设计： 典型容量：7200mAh（3.92V） 典型能量：28.23Wh,7060mAh 本产品采用单电芯设计： 额定容量：7060mAh（3.92V） 额定能量：27.68Wh,Type-C 模拟信号接口、Type-C 数字信号接口,"面部识别,侧边指纹","8GB,LPDDR5X 双通道（注：由于手机系统和预装的程序占据了部分运存空间，实际运存空间少于8GB）",支持环境光传感器,红外遥控,支持,支持,支持加速度传感器,不支持,普通马达,LPDDR5X 双通道,UFS3.1,支持8GB,由于手机系统和预装的程序占据了部分运存空间，实际运存空间少于8GB、可用存储空间少于512GB,,512GB,8GB,6年长寿大电池|满级防水防摔防尘|1200nits硬件级真护眼屏,2.2GHz*2+1.95GHz*6,64位,4nm,第二代骁龙4,八核处理器,Adreno 613,,,塑胶,复合板材,"166.64mm*78.43mm*8.39mm(曜石黑、星河银),166.64mm*78.43mm*8.49mm(凤迎金)",219g 注：实际尺寸与重量可能会因工艺、测量方法、材料供应商变更而略有不同,不支持,1570x720,1500:1,90.60%,256PPI,最高支持120Hz,6.75英寸,LCD,19.6:9,直面屏,1670万,120Hz/180Hz/240Hz,83%NTSC,手机×1，充电头×1，Type-C数据线×1，保护壳×1，原装膜（出厂已贴好）×1，取卡针×1，快速入门指南×1,CMOS,夜景，人像，拍照，录像，微电影，动态照片,800万像素,f/2.05,不支持,前置支持2倍数字变焦，后置主摄支持10倍数字变焦,夜景，人像，拍照，录像，微电影，5000万，全景，文档矫正，慢动作，延时摄影，专业，扫描，动态照片,5000万像素,f/1.8,单摄,支持,前置支持FF对焦，后置主摄支持AF对焦,前置主摄、后置主摄最高均支持1080P,不支持,侧边电容指纹,支持语音、建议、扫描等功能,基于Android 16 开发的OriginOS 6,,支持,44W闪充，指充电器至大输出功率为44W；实际充电功率会随场景变化而动态调节，请以实际使用情况为准。（支持最大输入充电规格11V 4A），兼容33W（11V 3A）、22.5W （10V 2.25A）,不支持,7200mAh 本产品采用单电芯设计： 典型容量：7200mAh（3.92V） 典型能量：28.23Wh,7060mAh 本产品采用单电芯设计： 额定容量：7060mAh（3.92V） 额定能量：27.68Wh,支持,支持,支持,支持,双nano,1、卡槽1、2可以任意切换为数据卡； 2、支持5G SA； 3、若数据卡是移动卡/联通卡/广电卡，非数据卡支持“移动5G/4G/2G、联通5G/4G/3G/2G、广电5G/4G、电信5G/4G”； 4、若数据卡是电信卡，非数据卡支持“移动5G/4G/2G、联通5G/4G/3G/2G、广电5G/4G、电信5G/4G（需要开通VoLTE业务，未开通VoLTE业务时，无法注册网络）”。,2G GSM频段：850/900/1800MHz 2G CDMA频段：BC0 3G WCDMA频段：B1/B5/B8 4G TD-LTE频段：B34/B38/B39/B40/B41 4G FDD-LTE频段：B1/B3/B5/B8/B28A 5G频段：n1/n3/n5/n8/n28A/n38/n40/n41/n77/n78 注： 实时网络功能可用性取决于运营商网络可用性、基建部署以及手机软件版本。,支持移动/联通/电信/广电5G/4G等网络,02-B220-253548,V2531A,支持,支持,Type-C,Wi-Fi Display;MU-MIMO,GPS：L1 北斗：B1C;B1I GLONASS：G1 Galileo：E1 QZSS：L1 GNSS功能：AGPS;蜂窝网络定位;无线局域网定位,Type-C 模拟信号接口、Type-C 数字信号接口,蓝牙4.2,SBC;AAC;aptX;aptX Adaptive,Face Wake面部识别,不支持,立体双扬,AAC、WAV、M4A、MP3、MIDI、OGG、APE、FLAC,AAC、WAV、MP3、MIDI、VORBIS、APE、FLAC
vivo X300s 钛黑,智能手机,5799.0,10011842,https://shop.vivo.com.cn/product/10011842,105,蔡司2亿超级主摄| 蔡司APO超级长焦| 144Hz 蔡司大师色彩屏,2026年3月,支持,支持,90W闪充，指充电器至大输出功率为90W；实际充电功率会随场景变化而动态调节，请以实际使用情况为准。（最大支持90W闪充（11V 8.2A），兼容80W（11V 7.3A）、66W（11V 6A）、55W（11V 5A）、44W（11V 4A）、33W（11V 3A）、22.5W （10V 2.25A））,5000万像素,2亿像素主摄+5000万像素广角+5000万像素潜望,天玑 9500,2800×1260,6.78英寸,AMOLED,vivo X300s,不支持,Type-C,40W无线充电,512GB，UFS4.1（注：由于手机系统和预装的程序占据了部分存储空间，可用存储空间少于512GB),7100mAh 本产品采用单电芯设计： 典型容量：7100mAh（3.74V） 典型能量：26.56Wh,6900mAh 本产品采用单电芯设计： 额定容量：6900mAh（3.74V） 额定能量：25.81Wh,Type-C 数字信号接口,"面部识别,3D超声波单点指纹",12GB，LPDDR5X Ultra 四通道（注：由于手机系统和预装的程序占据了部分运存空间，实际运存空间少于12GB）,支持,"激光对焦传感器;霍尔传感器;红外遥控;Flicker传感器,前置色温传感器,后置色温传感器",支持,支持,支持,支持,X轴线性马达,LPDDR5X Ultra 四通道,UFS4.1,支持12GB,由于手机系统和预装的程序占据了部分运存空间，实际运存空间少于12GB、可用存储空间少于512GB,不支持,512GB,12GB,蔡司2亿超级主摄| 蔡司APO超级长焦| 144Hz 蔡司大师色彩屏,4.21GHz*1+3.5GHz*3+2.7GHz*4,64位,3nm,天玑 9500,八核处理器,ARM G1-Ultra,蓝图自研影像芯片V3+,,铝合金,玻璃,161.98mm*75.48mm*8.00mm,217g 注：实际尺寸与重量可能会因工艺、测量方法、材料供应商变更而略有不同,支持,2800x1260,8000000:1,94.99%,452PPI,1-144Hz,6.78英寸,AMOLED,20:9,直面屏,10.7亿色,普通场景130Hz，部分游戏场景300Hz,支持P3广色域,手机×1，充电头×1，Type-C数据线×1，保护壳×1，原装膜（出厂已贴好）×1，取卡针×1，快速入门指南×1,CMOS,人像、拍照、录像、人像录像、创作,5000万像素,f/2.0,不支持,后置长焦摄像头支持3x光学变焦；最大支持100x数字变焦；前后置摄像头均支持数字变焦,抓拍、风光与夜景、人像、拍照、录像、人像录像、全景、超清文档、慢动作、舞台、延时摄影、专业拍照、专业录像Pro、美食、人文、扫描、创作,2亿像素主摄+5000万像素广角+5000万像素潜望,f/1.68(主摄)+f/2.0(广角)+f/2.57(潜望),三摄,支持,前后置均支持AF对焦,前后置最高均支持4K,后置主摄、潜望支持OIS防抖,3D超声波单点指纹,支持语音、建议、扫描等功能,基于Android 16开发的OriginOS 6,,支持,90W闪充，指充电器至大输出功率为90W；实际充电功率会随场景变化而动态调节，请以实际使用情况为准。（最大支持90W闪充（11V 8.2A），兼容80W（11V 7.3A）、66W（11V 6A）、55W（11V 5A）、44W（11V 4A）、33W（11V 3A）、22.5W （10V 2.25A））,40W无线充电,7100mAh 本产品采用单电芯设计： 典型容量：7100mAh（3.74V） 典型能量：26.56Wh,6900mAh 本产品采用单电芯设计： 额定容量：6900mAh（3.74V） 额定能量：25.81Wh,支持,支持,支持,支持,双nano,1、卡槽1、2可以任意切换为数据卡； 2、若数据卡是移动卡/联通卡/广电卡，非数据卡支持“移动5G/4G/2G、联通5G/4G/3G/2G、广电5G/4G、电信5G/4G”； 3、若数据卡是电信卡，非数据卡支持“移动5G/4G/2G、联通5G/4G/3G/2G、广电5G/4G、电信5G/4G（需要开通VoLTE业务，未开通VoLTE业务时，无法注册网络）”。,2G GSM频段：850/900/1800/1900MHz 3G WCDMA频段：B1/B2/B4/B5/B6/B8/B19 4G TD-LTE频段：B34/B38/B39/B40/B41/B42/B43/B48 4G FDD-LTE频段：B1/B2/B3/B4/B5/B7/B8/B18/B19/B20/B25/B26/B28A/B66 5G频段 ：n1/n2/n3/n5/n7/n8/n18/n20/n25/n26/n28A/n34/n38/n39/n40/n41/n48/n66/n77/n78/n79 注： 实时网络功能可用性取决于运营商网络可用性、基建部署以及手机软件版本。,支持移动/联通/电信/广电5G/4G等网络，5G双卡双通 注：5G双卡双通仅支持部分频段组合并依赖于运营商SA及VoNR部署，SA及VoNR支持能力取决于可用的网络和软件版本。,02-B220-260218,V2548A,支持,支持,Type-C,Wi-Fi Display;2*2 MIMO;MU-MIMO;Wi-Fi 6;Wi-Fi 7;2.4G&5G双路并发,GPS：L1;L5 北斗：B1C;B1I;B2a;B2b GLONASS：G1 Galileo：E1;E5a;E5b QZSS：L1;L5 NavIC：L1;L5 GNSS功能：AGPS;蜂窝网络定位;无线局域网定位,Type-C 数字信号接口,蓝牙5.4,SBC;AAC;aptX;aptX HD;LDAC;LHDC 5.0,Face Wake面部识别,不支持,双扬声器,AAC、WAV、M4A、MP3、MIDI、OGG、APE、FLAC,AAC、WAV、MP3、MIDI、VORBIS、APE、FLAC
vivo X300 Ultra 黑Ka,智能手机,7499.0,10011836,https://shop.vivo.com.cn/product/10011836,105,蔡司大师镜头群| 全焦段4K 120fps 10 bit Log| vivo色彩科学,2026年3月,支持,支持,100W有线充电器，指充电器至大输出功率为100W；实际充电功率会随场景变化而动态调节，请以实际使用情况为准。支持100W（11V 9.1A），兼容90W（11V 8.2A）、80W（11V 7.3A）、66W（11V 6A）、55W（11V 5A）、44W（11V 4A）、33W（11V 3A）、22.5W （10V 2.25A）,5000万像素,2亿像素主摄+5000万像素广角+2亿像素潜望,第五代骁龙®8至尊版移动平台,3168×1440,6.82英寸,AMOLED,vivo X300 Ultra,不支持,Type-C,40W无线充电,512GB，UFS4.1（由于手机系统和预装的程序占据了部分存储空间，可用存储空间少于512GB）,6600mAh 本产品采用单电芯设计： 典型容量：6600mAh（3.74V） 典型能量：24.69Wh,6395mAh 本产品采用单电芯设计： 额定容量：6395mAh（3.74V） 额定能量：23.92Wh,Type-C 数字信号接口,"面部识别,3D超声波单点指纹",12GB，LPDDR5X Ultra 四通道（由于手机系统和预装的程序占据了部分运存空间，实际运存空间少于12GB）,支持,"激光对焦传感器;霍尔传感器;红外遥控;Flicker传感器;线性马达,前置色温传感器;后置色温传感器",支持,支持,支持,支持,X轴线性马达,LPDDR5X Ultra 四通道,UFS4.1,支持12GB,由于手机系统和预装的程序占据了部分运存空间，实际运存空间少于12GB、可用存储空间少于512GB,不支持,512GB,12GB,蔡司大师镜头群| 全焦段4K 120fps 10 bit Log| vivo色彩科学,4.6GHz*2+3.62GHz*6,64位,3nm,第五代骁龙®8至尊版移动平台,八核处理器,Adreno 840,蓝图 VS1+ 影像芯片,,铝合金,玻纤(黑Ka)、玻璃(胶片绿、银调),162.98mm*76.81mm*8.19mm(黑Ka)、162.98mm*76.81mm*8.49mm(胶片绿、银调),232g(黑Ka)、237g(胶片绿、银调) 注：实际尺寸与重量可能会因工艺、测量方法、材料供应商变更而略有不同。,支持,3168x1440,8000000:1,94.49%,510PPI,144Hz,6.82英寸,AMOLED,19.8:9,直面屏,10.7亿,非游戏场景130Hz，部分游戏场景为300Hz，游戏下瞬时采样率2000Hz,105%NTSC,手机×1，充电头×1，Type-C数据线×1，保护壳×1，原装膜（出厂已贴好）×1，取卡针×1，快速入门指南×1,CMOS,人像、拍照、录像、人像录像,5000万像素,f/2.45,不支持,后置长焦摄像头支持3.7x光学变焦；最大支持105x数字变焦；前后置摄像头均支持数字变焦,抓拍、风光与夜景、人像、拍照、录像、人像录像、全景、超清文档、慢动作、舞台、延时摄影、专业、潜水、空间相机、美食、扫描、人文,2亿像素主摄+5000万像素广角+2亿像素潜望,f/1.85(主摄)+f/2.0(广角)+f/2.67(潜望),三摄,支持,前后置均支持AF对焦,前置最高支持4K，后置主摄、后置广角、后置潜望最高支持8K,后置均支持OIS防抖,3D超声波单点指纹,支持语音、建议、扫描等功能,基于Android 16开发的OriginOS 6,,支持,100W有线充电器，指充电器至大输出功率为100W；实际充电功率会随场景变化而动态调节，请以实际使用情况为准。支持100W（11V 9.1A），兼容90W（11V 8.2A）、80W（11V 7.3A）、66W（11V 6A）、55W（11V 5A）、44W（11V 4A）、33W（11V 3A）、22.5W （10V 2.25A）,40W无线充电,6600mAh 本产品采用单电芯设计： 典型容量：6600mAh（3.74V） 典型能量：24.69Wh,6395mAh 本产品采用单电芯设计： 额定容量：6395mAh（3.74V） 额定能量：23.92Wh,支持,支持,支持,支持,双nano,"1、卡槽1、2可以任意切换为数据卡； 2、若数据卡是移动卡/联通卡/广电卡，非数据卡支持“移动5G/4G/2G、联通5G/4G/3G/2G、广电5G/4G、电信5G/4G”； 3、若数据卡是电信卡，非数据卡支持“移动5G/4G/2G、联通5G/4G/3G/2G、广电5G/4G、电信5G/4G（需要开通VoLTE业务，未开通VoLTE业务时，无法注册网络）""",2G GSM频段：850/900/1800/1900MHz 3G WCDMA频段：B1/B2/B4/B5/B6/B8/B19 4G TD-LTE频段：B34/B38/B39/B40/B41/B42/B43/B48 4G FDD-LTE频段：B1/B2/B3/B4/B5/B7/B8/B12/B17/B18/B19/B20/B25/B26/B28/B66 5G频段：n1/n2/n3/n5/n7/n8/n12/n18/n20/n25/n26/n28/n38/n40/n41/n48/n66/n77/n78/n79/n80/n81/n83/n84/n89 注： 实时网络功能可用性取决于运营商网络可用性、基建部署以及手机软件版本。,支持移动/联通/电信/广电5G/4G等网络，5G双卡双通 注：5G双卡双通仅支持部分频段组合并依赖于运营商SA及VoNR部署，SA及VoNR支持能力取决于可用的网络和软件版本。,02-B220-260175,V2547A,支持,支持,Type-C,Wi-Fi Display;2*2 MIMO;MU-MIMO;Wi-Fi 6;Wi-Fi 7;2.4G&5G双路并发,GPS ：L1;L5 北斗：B1C;B1I;B2a GLONASS：G1 Galileo：E1;E5a QZSS：L1;L5 NavIC：不支持 GNSS功能：AGPS;蜂窝网络定位;无线局域网定位,Type-C 数字信号接口,蓝牙5.4,SBC;AAC;aptX;aptX HD;aptX Adaptive;aptX Lossless;LDAC;LHDC 5.0,Face Wake面部识别,不支持,双扬声器,AAC、WAV、M4A、MP3、MIDI、OGG、APE、FLAC,AAC、WAV、MP3、MIDI、VORBIS、APE、FLAC
iQOO Z11x 雪屿白,智能手机,1699.0,10011786,https://shop.vivo.com.cn/product/10011786,103,7200mAh 超薄蓝海电池|天玑 7400|LCD 莱茵护眼屏|5000 万索尼超清主摄|OriginOS 6,2026年4月,支持,支持,44W闪充，指充电器至大输出功率为44W；实际充电功率会随场景变化而动态调节，请以实际使用情况为准。（支持最大输入充电规格11V/4A，兼容11V/3A，10V/2.25A，9V/1.3A、5V/2A）,800万像素,5000万像素索尼超清主摄 + 200万像素景深镜头,天玑 7400,2344x1080,6.76英寸,LCD,iQOO Z11x,不支持,Type-C,不支持,"128GB,UFS 3.1（注：由于手机系统和预装的程序占据了部分存储空间，可用存储空间少于128GB)",7200mAh *本产品采用单电芯设计： 典型容量：7200mAh（3.92V） 典型能量：28.23Wh,7060mAh *本产品采用单电芯设计： 额定容量：7060mAh（3.92V） 额定能量：27.68Wh,Type-C 模拟信号接口、Type-C 数字信号接口,"侧边指纹,面部识别","8GB,LPDDR4X 双通道（注：由于手机系统和预装的程序占据了部分运存空间，实际运存空间少于8GB）",支持,红外遥控,支持,支持,支持,实体,普通马达,LPDDR4X 双通道,UFS 3.1,支持8GB,由于手机系统和预装的程序占据了部分运存空间，实际运存空间少于8GB、可用存储空间少于128GB,,128GB,8GB,7200mAh 超薄蓝海电池|天玑 7400|LCD 莱茵护眼屏|5000 万索尼超清主摄|OriginOS 6,2.6GHz×4+2.0GHz×4,64位,4nm,天玑 7400,八核处理器,Mali-G615,,,塑胶,复合板材,166.64mmx78.43mmx8.39mm(夜影黑、雪屿白)、166.64mmx78.43mmx8.49mm(冰青绿),约219g（注：实际尺寸与重量可能会因工艺、测量方法、材料供应商变更而略有不同）,支持,2344x1080,1500：1,91.15%,382PPI,最高支持120Hz,6.76英寸,LCD,19.5:9,直面屏,1670万色,普通场景120Hz，部分游戏场景240Hz，瞬时高刷场景1.2kHz,83%NTSC,手机×1，充电头×1，Type-C数据线×1，保护壳×1，原装膜（出厂已贴好）×1，取卡针×1，快速入门指南×1，手机包装盒×1,CMOS,拍照模式、人像模式、录像模式、微电影,800万像素,f/2.05,不支持,后置主摄支持10倍数字变焦,拍照模式、人像模式、夜景模式、录像模式、微电影、5000万、全景、超清文档、慢动作、延时摄影、超级月亮、专业模式、美食模式、扫描,5000万像素索尼超清主摄 + 200万像素景深镜头,f/1.8（后置主摄），f/2.4（后置虚化）,双摄,支持,前置支持FF对焦；后置主摄支持AF对焦；后置虚化支持FF对焦,前置最高支持1080P视频拍摄，后置最高支持4K视频拍摄，后置慢镜头最高支持720P,后置主摄支持视频防抖,侧边指纹,支持语音、建议、扫描等功能,基于Android 16开发的OriginOS 6,,支持,44W闪充，指充电器至大输出功率为44W；实际充电功率会随场景变化而动态调节，请以实际使用情况为准。（支持最大输入充电规格11V/4A，兼容11V/3A，10V/2.25A，9V/1.3A、5V/2A）,不支持,7200mAh *本产品采用单电芯设计： 典型容量：7200mAh（3.92V） 典型能量：28.23Wh,7060mAh *本产品采用单电芯设计： 额定容量：7060mAh（3.92V） 额定能量：27.68Wh,支持,仅支持联通3G,支持,支持,双nano,1、卡槽1、2可以任意切换为数据卡； 2、支持5G SA； 3、若数据卡是移动卡/联通卡/广电卡，非数据卡支持“移动5G/4G/2G、联通5G/4G/3G/2G、广电5G/4G、电信5G/4G”； 4、若数据卡是电信卡，非数据卡支持“移动5G/4G/2G、联通5G/4G/3G/2G、广电5G/4G、电信5G/4G（需要开通VoLTE业务，未开通VoLTE业务时，无法注册网络）”。,2G网络 GSM：850/900/1800MHz 3G网络 WCDMA：B1/B5/B8 4G网络 TD-LTE：B34/B38/B39/B40/B41 4G网络 FDD-LTE：B1/B3/B5/B8/B28A 5G网络：n1/n3/n5/n8/n28A/n38/n40/n41/n77/n78 注： 实时网络功能可用性取决于运营商网络可用性、基建部署以及手机软件版本。,支持移动/联通/电信/广电5G/4G等网络,02-B220-253771,V2532A,支持,支持,Type-C,支持WLAN 2.4G、WLAN 5G频段；支持Wi-Fi Display、Wi-Fi 6功能 备注：速率至高480Mbps（1*1 SISO）,支持 GPS：L1，北斗：B1I，GLONASS：G1，Galileo：E1，QZSS：L1 支持AGPS、蜂窝网络定位、无线局域网定位,Type-C 模拟信号接口、Type-C 数字信号接口,蓝牙5.4,SBC;AAC;aptX;aptX HD;LDAC,Face Wake面部识别,不支持,立体双扬,AAC、WAV、M4A、MP3、MIDI、OGG、APE、FLAC,AAC、WAV、MP3、MIDI、VORBIS、APE、FLAC
iQOO Z11 极夜黑,智能手机,2499.0,10011785,https://shop.vivo.com.cn/product/10011785,101,天玑 8500 满血版|9020mAh 超薄蓝海电池|165Hz 护眼电竞屏|Monster 超核引擎|5000 万像素主摄|OriginOS 6,2026年3月,支持,支持,90W闪充，指充电器至大输出功率为90W；实际充电功率会随场景变化而动态调节，请以实际使用情况为准。（支持最大输入充电规格11V/8.2A，兼容11V/7.3A，11V/6A，11V/5A，11V/4A，11V/3A，10V/2.25A，9V/1.3A、5V/2A）,1600万像素,5000万像素主摄 + 200万像素景深镜头,天玑 8500 满血版,2800×1260,6.83英寸,AMOLED,iQOO Z11,不支持,Type-C,不支持,256GB（注：由于手机系统和预装的程序占据了部分存储空间，可用存储空间少于256GB),9020mAh *本产品采用单电芯设计： 典型容量：9020mAh（3.72V） 典型能量：33.56Wh,8820mAh *本产品采用单电芯设计： 额定容量：8820mAh（3.72V） 额定能量：32.82Wh,Type-C 模拟信号接口、Type-C 数字信号接口,"屏下光学指纹,面部识别",8GB（注：由于手机系统和预装的程序占据了部分运存空间，实际运存空间少于8GB）,支持,红外遥控,支持,支持,支持,实体,X轴线性马达,,,支持8GB,由于手机系统和预装的程序占据了部分运存空间，实际运存空间少于8GB、可用存储空间少于256GB,,256GB,8GB,天玑 8500 满血版|9020mAh 超薄蓝海电池|165Hz 护眼电竞屏|Monster 超核引擎|5000 万像素主摄|OriginOS 6,1x A725 3.4GHz 3x A725 3.2GHz 4x A725 2.2GHz,64位,4nm,天玑 8500 满血版,八核处理器,Mali-G720 MC8,,,塑胶,复合板材,163.72mmx76.17mmx8.25mm,约216.5g（注：实际尺寸与重量可能会因工艺、测量方法、材料供应商变更而略有不同）,支持,2800x1260,8000000:1,94.47%,449PPI,最高支持165Hz,6.83英寸,AMOLED,20:9,直面屏,10.7亿色,普通场景130Hz，部分游戏场景300Hz,支持P3广色域,手机×1，充电头×1，Type-C数据线×1，保护壳×1，原装膜（出厂已贴好）×1，取卡针×1，快速入门指南×1，手机包装盒×1,CMOS,人像、拍照、录像,1600万像素,f/2.45,不支持,后置主摄支持10倍数字变焦,抓拍、夜景、人像、拍照、录像、超清文档、5000万、全景、慢动作、延时摄影、时光慢门、超级月亮、专业、扫描,5000万像素主摄 + 200万像素景深镜头,f/1.79（后置主摄），f/2.4（后置虚化）,双摄,支持,前置支持FF对焦；后置主摄支持AF对焦；后置虚化支持FF对焦,前置最高支持1080P视频拍摄，后置最高支持4K视频拍摄，后置慢镜头最高支持1080P,后置主摄支持OIS防抖、视频防抖,屏下光学指纹,支持语音、建议、扫描等功能,基于Android 16开发的OriginOS 6,,支持,90W闪充，指充电器至大输出功率为90W；实际充电功率会随场景变化而动态调节，请以实际使用情况为准。（支持最大输入充电规格11V/8.2A，兼容11V/7.3A，11V/6A，11V/5A，11V/4A，11V/3A，10V/2.25A，9V/1.3A、5V/2A）,不支持,9020mAh *本产品采用单电芯设计： 典型容量：9020mAh（3.72V） 典型能量：33.56Wh,8820mAh *本产品采用单电芯设计： 额定容量：8820mAh（3.72V） 额定能量：32.82Wh,支持,仅支持联通3G,支持,支持,双nano,1、卡槽1、2可以任意切换为数据卡； 2、支持5G SA； 3、若数据卡是移动卡/联通卡/广电卡，非数据卡支持“移动5G/4G/2G、联通5G/4G/3G/2G、广电5G/4G、电信5G/4G”； 4、若数据卡是电信卡，非数据卡支持“移动5G/4G/2G、联通5G/4G/3G/2G、广电5G/4G、电信5G/4G（需要开通VoLTE业务，未开通VoLTE业务时，无法注册网络）”。,2G网络 GSM：850/900/1800MHz 3G网络 WCDMA：B1/B5/B6/B8/B19 4G网络 TD-LTE：B34/B38/B39/B40/B41/B42/B48 4G网络 FDD-LTE：B1/B3/B4/B5/B8/B19/B28A 5G网络：n1/n3/n5/n8/n28A/n34/n38/n39/n40/n41/n48/n77/n78 注： 实时网络功能可用性取决于运营商网络可用性、基建部署以及手机软件版本。,支持移动/联通/电信/广电5G/4G等网络,02-B220-260453,V2551A,支持,支持,Type-C,支持WLAN 2.4G、WLAN 5G频段；支持Wi-Fi Display、2*2 MIMO、MU-MIMO、Wi-Fi 6功能；2.4G&5G双路并发功能,支持 GPS：L1+L5，北斗：B1C+B1I+B2a，GLONASS：G1，Galileo：E1+E5a，QZSS：L1+L5，NavIC：L5 支持AGPS、蜂窝网络定位、无线局域网定位,Type-C 模拟信号接口、Type-C 数字信号接口,蓝牙5.4,SBC;AAC;aptX;aptX HD;LDAC,Face Wake面部识别,不支持,立体双扬,AAC、WAV、M4A、MP3、MIDI、OGG、APE、FLAC,AAC、WAV、MP3、MIDI、VORBIS、APE、FLAC
vivo X300 Pro 卫星通信版 自在蓝,智能手机,6299.0,10011777,https://shop.vivo.com.cn/product/10011777,104,蔡司2亿APO超级长焦·蓝图影像双芯|5年持久流畅OriginOS 6,2026年3月,支持,支持,90W闪充，指充电器至大输出功率为90W；实际充电功率会随场景变化而动态调节，请以实际使用情况为准。（支持最大输入充电规格11V/8.2A，9V/1.3A或5V/2A）,5000万像素,5000万像素主摄+5000万像素广角+2亿像素潜望,天玑 9500,2800×1260,6.78英寸,AMOLED,vivo X300 Pro 卫星通信版,不支持,Type-C,40W无线充电,512GB，UFS4.1（注：由于手机系统和预装的程序占据了部分存储空间，可用存储空间少于512GB),6510mAh本产品采用单电芯设计： 典型容量：6510mAh（3.77V） 典型能量：24.55Wh,6375mAh本产品采用单电芯设计： 额定容量：6375mAh（3.77V） 额定能量：24.04Wh,Type-C 数字信号接口,"面部识别,3D超声波单点指纹",12GB，LPDDR5X Ultra 四通道（注：由于手机系统和预装的程序占据了部分运存空间，实际运存空间少于12GB）,支持,激光对焦传感器;霍尔传感器;红外遥控;Flicker传感器;多光谱传感器,支持,支持,支持,支持,X轴线性马达,LPDDR5X Ultra 四通道,UFS4.1,支持12GB,由于手机系统和预装的程序占据了部分运存空间，实际运存空间少于12GB、可用存储空间少于512GB,,512GB,12GB,蔡司2亿APO超级长焦|蓝图影像双芯|5年持久流畅OriginOS 6,4.21GHz*1+3.5GHz*3+2.7GHz*4,64位,3nm,天玑 9500,八核处理器,Mali G1-Ultra,蓝图自研影像双芯VS1&V3+,,铝合金,玻璃,161.98mm*75.48mm*7.99mm,226g（注：实际尺寸与重量可能会因工艺、测量方法、材料供应商变更而略有不同）,支持,2800×1260,8000000:1,94.85%,452PPI,1-120Hz,6.78英寸,AMOLED（Q10 plus）,20：9,直面屏,10.7亿色,普通场景130Hz，部分游戏场景300Hz,支持P3广色域,手机×1，充电头×1，Type-C数据线×1，保护壳×1，原装膜（出厂已贴好）×1，取卡针×1，快速入门指南×1,CMOS,人像、拍照、录像、人像录像,5000万像素,f/2.0,不支持,后置长焦摄像头支持3.5x光学变焦；最大支持100x数字变焦；前后置摄像头均支持数字变焦,抓拍、风光与夜景、人像、拍照、录像、人像录像、全景、超清文档、慢动作、舞台、延时摄影、专业、美食、扫描,5000万像素主摄+5000万像素广角+2亿像素潜望,f/1.57(主摄)+f/2.0(广角)+f/2.67(潜望),三摄,支持,前后置均支持AF对焦,前置、后置广角、后置潜望最高支持4K；后置主摄最高支持8K,后置主摄、潜望支持OIS防抖,3D超声波单点指纹,支持语音、建议、扫描等功能,基于Android 16 开发的OriginOS 6,,支持,90W闪充，指充电器至大输出功率为90W；实际充电功率会随场景变化而动态调节，请以实际使用情况为准。（支持最大输入充电规格11V/8.2A，9V/1.3A或5V/2A）,40W无线充电,6510mAh本产品采用单电芯设计： 典型容量：6510mAh（3.77V） 典型能量：24.55Wh,6375mAh本产品采用单电芯设计： 额定容量：6375mAh（3.77V） 额定能量：24.04Wh,支持,支持,支持,支持,双nano,1、卡槽1、2可以任意切换为数据卡； 2、若数据卡是移动卡/联通卡/广电卡，非数据卡支持“移动5G/4G/2G、联通5G/4G/3G/2G、广电5G/4G、电信5G/4G”； 3、若数据卡是电信卡，非数据卡支持“移动5G/4G/2G、联通5G/4G/3G/2G、广电5G/4G、电信5G/4G（需要开通VoLTE业务，未开通VoLTE业务时，无法注册网络）”。,2G GSM频段：850/900/1800/1900MHz 3G WCDMA频段：B1/B2/B4/B5/B6/B8/B19 4G TD-LTE频段：B34/B38/B39/B40/B41/B42/B43/B48 4G FDD-LTE频段：B1/B2/B3/B4/B5/B7/B8/B18/B19/B20/B25/B26/B28A/B66 5G频段 ：n1/n2/n3/n5/n7/n8/n18/n20/n25/n26/n28A/n66/n34/n38/n39/n40/n41/n48/n77/n78/n79 注： 实时网络功能可用性取决于运营商网络可用性、基建部署以及手机软件版本。,双卡双待全网通,00-B220-259085,V2502DA,支持,支持,Type-C,Wi-Fi Display;2*2 MIMO;MU-MIMO;Wi-Fi 6;Wi-Fi 7;2.4G&5G双路并发,GPS：L1;L5 北斗：B1C;B1I;B2a;B2b GLONASS：G1 Galileo：E1;E5a;E5b QZSS：L1;L5 NavIC：L1;L5 GNSS功能：AGPS;蜂窝网络定位;无线局域网定位,Type-C 数字信号接口,蓝牙5.4,SBC;AAC;aptX;aptX HD;LDAC;LHDC 5.0,Face Wake面部识别,不支持,立体双扬,AAC、WAV、M4A、MP3、MIDI、OGG、APE、FLAC,AAC、WAV、MP3、MIDI、VORBIS、APE、FLAC
iQOO 15 Ultra 2077(黑色),智能手机,6499.0,10011638,https://shop.vivo.com.cn/product/10011638,104,第五代骁龙 8 至尊版|自研电竞芯片 Q3|2K 三星珠峰屏|7400mAh 蓝海大电池|冰穹风冷散热系统|超感触控肩键,2026年2月,支持,支持,100W超快闪充，指充电器至大输出功率为100W；实际充电功率会随场景变化而动态调节，请以实际使用情况为准。（支持最大输入充电规格11V/9.1A，兼容11V/8.2A、11V/7.3A、11V/6A、11V/5A、11V/4A、11V/3A、10V/2.25A、9V/2A、5V/2A）,3200万像素,5000万像素 索尼超防抖大底主摄+5000万像素 索尼超级潜望长焦镜头+5000万像素 超广角镜头,第五代骁龙8至尊版移动平台,3168×1440,6.85英寸,AMOLED,iQOO 15 Ultra,不支持,Type-C,40W无线充电,"512GB,UFS 4.1（注：由于手机系统和预装的程序占据了部分存储空间，可用存储空间少于512GB)",7400mAh *本产品采用单电芯设计： 典型容量：7400mAh（3.74V） 典型能量：27.68Wh,7240mAh *本产品采用单电芯设计： 额定容量：7240mAh（3.74V） 额定能量：27.08Wh,Type-C 模拟信号接口、Type-C 数字信号接口,"面部识别,超声波3D指纹","16GB,LPDDR5X Ultra Pro 四通道（注：由于手机系统和预装的程序占据了部分运存空间，实际运存空间少于16GB）",支持,前置色温传感器、后置色温传感器、3D超声波单点指纹传感器、霍尔传感器、红外遥控、Flicker传感器,支持,支持,支持,实体,X+Z双轴线性马达,LPDDR5X Ultra Pro 四通道,UFS 4.1,支持16GB,由于手机系统和预装的程序占据了部分运存空间，实际运存空间少于16GB、可用存储空间少于512GB,,512GB,16GB,第五代骁龙 8 至尊版|自研电竞芯片 Q3|2K 三星珠峰屏|7400mAh 蓝海大电池|冰穹风冷散热系统|超感触控肩键,4.6GHz×2+3.62GHz×6,64位,3nm,第五代骁龙8至尊版移动平台,八核处理器,Adreno 840,,自研电竞芯片 Q3,铝合金,玻纤,163.65mmx76.80mmx8.70mm,约227g（注：实际尺寸与重量可能会因工艺、测量方法、材料供应商变更而略有不同）,支持,3168x1440,8000000:1,94.37%,508PPI,最高支持144Hz,6.85英寸,AMOLED（M14）,19.8:9,直面屏,10.7亿色,部分游戏场景最高480Hz触控采样率，瞬时采样率4000Hz,支持P3色域,手机×1，充电头×1，Type-C to Type-C数据线×1，保护壳×1，原装膜（出厂已贴好）×1，取卡针×1，清理毛刷×1，快速入门指南×1，手机包装盒×1,CMOS,拍照、人像、录像、微电影,3200万像素,f/2.2,不支持,最大支持100x数字变焦,抓拍、风光与夜景、人像、拍照、录像、超清文档、全景、慢动作、延时摄影、专业模式、微电影、人文街拍相机、Jovi扫描、鱼眼,5000万像素 索尼超防抖大底主摄+5000万像素 索尼超级潜望长焦镜头+5000万像素 超广角镜头,f/1.88（后置主摄），f/2.65（后置潜望），f/2.05（后置广角）,三摄,支持,前置支持FF对焦，后置三摄均支持AF对焦,前置最高支持4K视频拍摄，后置最高支持8K视频拍摄，后置慢镜头最高支持1080P,后置主摄、后置潜望支持OIS防抖，后置三摄均支持视频防抖,超声波3D指纹,支持语音、建议、扫描等功能,基于Android 16开发的OriginOS 6,,支持,100W超快闪充，指充电器至大输出功率为100W；实际充电功率会随场景变化而动态调节，请以实际使用情况为准。（支持最大输入充电规格11V/9.1A，兼容11V/8.2A、11V/7.3A、11V/6A、11V/5A、11V/4A、11V/3A、10V/2.25A、9V/2A、5V/2A）,40W无线充电,7400mAh *本产品采用单电芯设计： 典型容量：7400mAh（3.74V） 典型能量：27.68Wh,7240mAh *本产品采用单电芯设计： 额定容量：7240mAh（3.74V） 额定能量：27.08Wh,支持,仅支持联通3G,支持,支持,双nano,1、卡槽1、2可以任意切换为数据卡； 2、若数据卡是移动卡/联通卡/广电卡，非数据卡支持“移动5G/4G/2G、联通5G/4G/3G/2G、广电5G/4G、电信5G/4G”； 3、若数据卡是电信卡，非数据卡支持“移动5G/4G/2G、联通5G/4G/3G/2G、广电5G/4G、电信5G/4G（需要开通VoLTE业务，未开通VoLTE业务时，无法注册网络）”。,2G网络 GSM：850/900/1800/1900MHz 3G网络 WCDMA：B1/B2/B4/B5/B6/B8/B19 4G网络 TD-LTE：B34/B38/B39/B40/B41/B42/B43/B48 4G网络 FDD-LTE：B1/B2/B3/B4/B5/B7/B8/B12/B17/B18/B19/B20/B25/B26/B28A/B28B/B32/B66 5G网络：n1/n2/n3/n5/n7/n8/n12/n18/n20/n25/n26/n28A/n28B/n38/n40/n41/n48/n66/n75/n77/n78/n79/n80/n81/n83/n84/n89/n91/n92/n93/n94 注： 实时网络功能可用性取决于运营商网络可用性、基建部署以及手机软件版本。,支持移动/联通/电信/广电5G/4G等网络，5G双卡双通 注：5G双卡双通仅支持部分频段组合并依赖于运营商SA及VoNR部署，SA及VoNR支持能力取决于可用的网络和软件版本,02-B220-260093,V2546A,支持,支持,Type-C,支持WLAN 2.4G;WLAN 5G频率；支持Wi-Fi Display;2*2 MIMO;MU-MIMO;Wi-Fi 6;Wi-Fi 7;2.4G&5G双路并发,支持 GPS：L1+L5，北斗：B1C+B1I+B2a，GLONASS：G1，Galileo：E1+E5a，QZSS：L1+L5 支持AGPS、蜂窝网络定位、无线局域网定位、地理围栏,Type-C 模拟信号接口、Type-C 数字信号接口,蓝牙协议支持6.0 备注：产品硬件支持蓝牙6.0协议，具体功能体验需要后续OTA升级开放,SBC;AAC;aptX;aptX HD;aptX Adaptive;aptX Lossless;LDAC;LHDC 5.0,Face Wake面部识别,不支持,立体双扬,AAC、WAV、M4A、MP3、MIDI、OGG、APE、FLAC,AAC、WAV、MP3、MIDI、VORBIS、APE、FLAC
iQOO Z11 Turbo 沧浪浮光,智能手机,3299.0,10011565,https://shop.vivo.com.cn/product/10011565,104,第五代骁龙 8 旗舰芯片|自研电竞芯片 Q2|Monster 超核引擎|7600mAh 超薄蓝海大电池|144Hz护眼电竞屏|2亿大底超级主摄 3200万前置|OriginOS 6,2026年1月,支持,支持,100W超快闪充，指充电器至大输出功率为100W；实际充电功率会随场景变化而动态调节，请以实际使用情况为准。（支持最大输入充电规格11V/9.1A，兼容11V/8.2A、11V/7.3A、11V/6A，11V/5A、11V/4A、11V/3A、10V/2.25A、9V/1.3A、5V/2A）,3200万像素,2亿像素 大底超级主摄+800万像素 超广角镜头,第五代骁龙8移动平台,2750x1260,6.59英寸,AMOLED,iQOO Z11 Turbo,不支持,Type-C,不支持,"256GB,UFS 4.1（注：由于手机系统和预装的程序占据了部分存储空间，可用存储空间少于256GB)",7600mAh *本产品采用单电芯设计： 典型容量：7600mAh（3.74V） 典型能量：28.43Wh,7440mAh *本产品采用单电芯设计： 额定容量：7440mAh（3.74V） 额定能量：27.83Wh,Type-C 模拟信号接口、Type-C 数字信号接口,"面部识别,超声波3D指纹","12GB,LPDDR5X Ultra 四通道（注：由于手机系统和预装的程序占据了部分运存空间，实际运存空间少于12GB）",支持,前置色温传感器、3D超声波单点指纹传感器、红外遥控,支持,支持,支持,实体,X轴线性马达,LPDDR5X Ultra 四通道,UFS 4.1,支持12GB,由于手机系统和预装的程序占据了部分运存空间，实际运存空间少于12GB、可用存储空间少于256GB,,256GB,12GB,第五代骁龙 8 旗舰芯片|自研电竞芯片 Q2|Monster 超核引擎|7600mAh 超薄蓝海大电池|144Hz护眼电竞屏|2亿大底超级主摄 3200万前置|OriginOS 6,3.80GHz×2+3.32GHz×6,64位,3nm,第五代骁龙8移动平台,八核处理器,Adreno 829,,自研电竞芯片 Q2,铝合金,极夜黑：玻纤；天光白、沧浪浮光、光晕粉：玻璃,157.61mm×74.42mm×7.9mm(极夜黑)、157.61mm×74.42mm×8.1mm(天光白、沧浪浮光、光晕粉),极夜黑：约202g；天光白、沧浪浮光、光晕粉：约206g（注：实际尺寸与重量可能会因工艺、测量方法、材料供应商变更而略有不同）,支持,2750x1260,8000000：1,94.57%,459PPI,最高支持144Hz,6.59英寸,AMOLED,19.64:9,直面屏,10.7亿色,普通场景130Hz，部分游戏场景360Hz,支持P3广色域,手机×1，充电头×1，Type-C to Type-C数据线×1，保护壳×1，原装膜（出厂已贴好）×1，取卡针×1，快速入门指南×1，手机包装盒×1,CMOS,拍照，人像，录像，微电影,3200万像素,f/2.2,不支持,后置主摄支持40倍数字变焦,抓拍、夜景、人像、拍照、录像、超清文档、全景、慢动作、延时摄影、时光慢门、超级月亮、专业模式、微电影、扫描,2亿像素 大底超级主摄+800万像素 超广角镜头,f/1.88（后置主摄），f/2.2（后置广角）,双摄,支持,前置支持FF对焦；后置主摄支持AF对焦；后置广角支持FF对焦,前置最高支持4K视频拍摄，后置最高支持4K视频拍摄，后置慢镜头最高支持1080P,后置主摄支持OIS防抖，后置双摄均支持视频防抖,超声波3D指纹,支持语音、建议、扫描等功能,基于Android 16开发的OriginOS 6,,支持,100W超快闪充，指充电器至大输出功率为100W；实际充电功率会随场景变化而动态调节，请以实际使用情况为准。（支持最大输入充电规格11V/9.1A，兼容11V/8.2A、11V/7.3A、11V/6A，11V/5A、11V/4A、11V/3A、10V/2.25A、9V/1.3A、5V/2A）,不支持,7600mAh *本产品采用单电芯设计： 典型容量：7600mAh（3.74V） 典型能量：28.43Wh,7440mAh *本产品采用单电芯设计： 额定容量：7440mAh（3.74V） 额定能量：27.83Wh,支持,仅支持联通3G,支持,支持,双nano,1、卡槽1、2可以任意切换为数据卡； 2、支持5G SA； 3、若数据卡是移动卡/联通卡/广电卡，非数据卡支持“移动5G/4G/2G、联通5G/4G/3G/2G、广电5G/4G、电信5G/4G”； 4、若数据卡是电信卡，非数据卡支持“移动5G/4G/2G、联通5G/4G/3G/2G、广电5G/4G、电信5G/4G（需要开通VoLTE业务，未开通VoLTE业务时，无法注册网络）”。,2G网络 GSM：850/900/1800/1900MHz 3G网络 WCDMA：B1/B5/B6/B8/B19 4G网络 TD-LTE：B34/B38/B39/B40/B41/B42/B43/B48 4G网络 FDD-LTE：B1/B3/B4/B5/B8/B18/B19/B26/B28A 5G网络：n1/n3/n5/n8/n18/n26/n28A/n38/n40/n41/n48/n77/n78 注： 实时网络功能可用性取决于运营商网络可用性、基建部署以及手机软件版本。,支持移动/联通/电信/广电5G/4G等网络,02-B220-253691,V2536A,支持,支持,Type-C,支持WLAN 2.4G、WLAN 5G频段；支持Wi-Fi Display、2*2 MIMO、MU-MIMO、Wi-Fi 6、Wi-Fi 7功能,支持 GPS：L1+L5，北斗：B1C+B1I+B2a，GLONASS：G1，Galileo：E1+E5a，QZSS：L1+L5 支持AGPS、蜂窝网络定位、无线局域网定位,Type-C 模拟信号接口、Type-C 数字信号接口,蓝牙5.4,SBC;AAC;aptX;aptX HD;aptX Adaptive;aptX Lossless;LDAC;LHDC 5.0,Face Wake面部识别,不支持,立体双扬,AAC、WAV、M4A、MP3、MIDI、OGG、APE、FLAC,AAC、WAV、MP3、MIDI、VORBIS、APE、FLAC
vivo S50 Pro mini 告白,智能手机,3999.0,10011481,https://shop.vivo.com.cn/product/10011481,101,长焦Live神器|全球首批高通第五代骁龙 8|湿手秒开超声波指纹 2.0,2025年12月,支持,支持,90W闪充，指充电器至大输出功率为90W；实际充电功率会随场景变化而动态调节，请以实际使用情况为准。（支持最大输入充电规格11V 8.2A），兼容80W（11V 7.3A）、66W（11V 6A）、55W（11V 5A）、44W（11V 4A）、33W（11V 3A）、22.5W （10V 2.25A）,5000万像素,5000万像素主摄+800万像素广角+ 5000万像素潜望,第五代骁龙®8移动平台,2640×1216,6.31英寸,AMOLED,vivo S50 Pro mini,不支持,Type-C,40W无线充电,256GB，UFS4.1（注：由于手机系统和预装的程序占据了部分存储空间，可用存储空间少于256GB),6500mAh 本产品采用单电芯设计： 典型容量：6500mAh（3.75V） 典型能量：24.38Wh,6350mAh 本产品采用单电芯设计： 额定容量：6350mAh（3.75V） 额定能量：23.82Wh,Type-C 数字信号接口,"面部识别,3D超声波单点指纹",12GB，LPDDR5X Ultra 四通道（注：由于手机系统和预装的程序占据了部分运存空间，实际运存空间少于12GB),支持,霍尔传感器;红外遥控;Flicker传感器,支持,支持,支持,支持,X轴线性马达,LPDDR5X Ultra 四通道,UFS4.1,支持12GB,由于手机系统和预装的程序占据了部分运存空间，实际运存空间少于12GB、可用存储空间少于256GB,,256GB,12GB,长焦Live神器|全球首批高通第五代骁龙 8|湿手秒开超声波指纹 2.0,3.80GHz*2+3.32GHz*6,64位,3nm,第五代骁龙®8移动平台,八核处理器,Adreno 829,,,铝合金,玻璃,150.83mm*71.76mm*8.10mm(告白)、150.83mm*71.76mm*7.99mm(深空黑、灵感紫),191g(灵感紫、深空黑)、192g(告白) 注：实际尺寸与重量可能会因工艺、测量方法、材料供应商变更而略有不同。,支持,2640x1216,8000000:1,94.38%,460PPI,120Hz,6.31英寸,AMOLED,19.54：9,直面屏,10.7亿色,普通：130Hz 、游戏：300Hz 、瞬时：2000Hz,支持P3广色域,手机×1，充电头×1，Type-C数据线×1，保护壳×1，原装膜（出厂已贴好）×1，取卡针×1，快速入门指南×1,CMOS,夜景，人像，实况，拍照，录像，微电影，高像素，化妆镜，一拍得相机,5000万像素,f/2.0,支持,前后置均支持数字变焦；最大支持100x数字变焦,夜景，人像，实况，拍照，录像，微电影，高像素，全景，超清文档，慢动作，延时摄影，超级月亮，舞台，星空，专业，抓拍，美食，扫描，一拍得相机,5000万像素主摄+800万像素广角+ 5000万像素潜望,f/1.57(主摄)+f/2.2(广角)+f/2.65(潜望),三摄,支持,前置支持AF对焦；后置主摄支持AF对焦，后置广角支持FF对焦，后置潜望支持AF对焦,前置、后置主摄、后置潜望最高支持4K，后置广角最高支持1080P,后置主摄、潜望支持OIS防抖,3D超声波单点指纹,,基于Android 16 开发的OriginOS 6,,支持,90W闪充，指充电器至大输出功率为90W；实际充电功率会随场景变化而动态调节，请以实际使用情况为准。（支持最大输入充电规格11V 8.2A），兼容80W（11V 7.3A）、66W（11V 6A）、55W（11V 5A）、44W（11V 4A）、33W（11V 3A）、22.5W （10V 2.25A）,40W无线充电,6500mAh 本产品采用单电芯设计： 典型容量：6500mAh（3.75V） 典型能量：24.38Wh,6350mAh 本产品采用单电芯设计： 额定容量：6350mAh（3.75V） 额定能量：23.82Wh,支持,支持,支持,支持,双nano,1、卡槽1、2可以任意切换为数据卡； 2、支持5G SA； 3、若数据卡是移动卡/联通卡/广电卡，非数据卡支持“移动5G/4G/2G、联通5G/4G/3G/2G、广电5G/4G、电信5G/4G”； 4、若数据卡是电信卡，非数据卡支持“移动5G/4G/2G、联通5G/4G/3G/2G、广电5G/4G、电信5G/4G（需要开通VoLTE业务，未开通VoLTE业务时，无法注册网络）”。,2G GSM频段：850/900/1800MHz 3G WCDMA频段：B1/B4/B5/B6/B8/B19 4G TD-LTE频段：B34/B38/B39/B40/B41/B42/B43/B48 4G FDD-LTE频段 ：B1/B3/B4/B5/B7/B8/B18/B19/B26/B28A/B66 5G频段：n1/n3/n5/n7/n8/n18/n26/n28A/n38/n40/n41/n48/n66/n77/n78 注： 实时网络功能可用性取决于运营商网络可用性、基建部署以及手机软件版本。,支持移动/联通/电信/广电5G/4G等网络,02-B220-253476,V2527A,支持,支持,Type-C,Wi-Fi Display;2*2 MIMO;MU-MIMO;Wi-Fi 6;Wi-Fi 7,GPS：L1;L5 北斗：B1C;B1I;B2a GLONASS：G1 Galileo：E1;E5a QZSS：L1;L5 GNSS功能：AGPS;蜂窝网络定位;无线局域网定位,Type-C 数字信号接口,蓝牙5.4,SBC;AAC;aptX;aptX HD;aptX Adaptive;aptX Lossless;LDAC;LHDC 5.0,Face Wake面部识别,,立体双扬,AAC、WAV、M4A、MP3、MIDI、OGG、APE、FLAC,AAC、WAV、MP3、MIDI、VORBIS、APE、FLAC
vivo S50t 告白,智能手机,3399.0,10011475,https://shop.vivo.com.cn/product/10011475,100,长焦Live神器|高通第三代骁龙 8s|湿手秒开超声波指纹 2.0,2026年6月,支持,支持,90W闪充，指充电器至大输出功率为90W；实际充电功率会随场景变化而动态调节，请以实际使用情况为准。（支持最大输入充电规格11V 8.2A），兼容80W（11V 7.3A）、66W（11V 6A）、55W（11V 5A）、44W（11V 4A）、33W（11V 3A）、22.5W （10V 2.25A）,5000万像素,5000万像素主摄+800万像素广角+ 5000万像素潜望,第三代骁龙8s,2750x1260,6.59英寸,AMOLED,vivo S50t,不支持,Type-C,不支持,"256GB,UFS3.1（注：由于手机系统和预装的程序占据了部分存储空间，可用存储空间少于256GB)",6500mAh 本产品采用单电芯设计： 典型容量：6500mAh（3.80V） 典型能量：24.70Wh,6320mAh 本产品采用单电芯设计： 额定容量：6320mAh（3.80V） 额定能量：24.02Wh,Type-C 数字信号接口,"面部识别,3D超声波单点指纹","12GB,LPDDR5X 四通道（注：由于手机系统和预装的程序占据了部分运存空间，实际运存空间少于12GB）",支持,红外遥控;Flicker传感器,支持,支持,支持,支持,X轴线性马达,LPDDR5X 四通道,UFS3.1,支持12GB,由于手机系统和预装的程序占据了部分运存空间，实际运存空间少于12GB、可用存储空间少于256GB,,256GB,12GB,长焦Live神器|高通第三代骁龙 8s|湿手秒开超声波指纹 2.0,3.01GHz*1+2.8GHz*4+2.0GHz*3,64位,4nm,第三代骁龙8s,八核处理器,Adreno 735,,,铝合金,玻璃,157.52mm*74.33mm*7.59mm(告白、悠悠蓝)、157.52mm*74.33mm*7.49mm(深空黑、灵感紫),197g(告白)、196g(深空黑、灵感紫、悠悠蓝) 注：实际尺寸与重量可能会因工艺、测量方法、材料供应商变更而略有不同。,支持,2750x1260,8000000:1,94.7%,459PPI,60Hz/120Hz,6.59英寸,AMOLED,19.64:9,直面屏,10.7亿,普通：130Hz 、游戏：300Hz 、瞬时：2000Hz,支持P3广色域,手机×1，充电头×1，Type-C数据线×1，保护壳×1，原装膜（出厂已贴好）×1，取卡针×1，快速入门指南×1,CMOS,拍照/人像/夜景/录像/微电影/高像素/化妆镜/实况/一拍得,5000万像素,f/2.0,支持,前后置均支持数字变焦；最大支持100x数字变焦,拍照/人像/实况/夜景/录像/微电影/高像素/全景/超清文档/慢动作/延时摄影/超级月亮/星空/专业/抓拍/美食/扫描/一拍得,5000万像素+800万像素广角+ 5000万像素潜望,f/1.88(主摄)+f/2.2(广角)+f/2.65(潜望),,支持,前置支持AF对焦；后置主摄支持AF对焦，后置广角支持FF对焦，后置潜望支持AF对焦,前置、后置主摄、后置潜望最高支持4K，后置广角最高支持1080P,后置主摄、潜望支持OIS防抖,3D超声波单点指纹,,基于Android 16 开发的OriginOS 6,,支持,90W闪充，指充电器至大输出功率为90W；实际充电功率会随场景变化而动态调节，请以实际使用情况为准。（支持最大输入充电规格11V 8.2A），兼容80W（11V 7.3A）、66W（11V 6A）、55W（11V 5A）、44W（11V 4A）、33W（11V 3A）、22.5W （10V 2.25A）,不支持,6500mAh 本产品采用单电芯设计： 典型容量：6500mAh（3.80V） 典型能量：24.70Wh,6320mAh 本产品采用单电芯设计： 额定容量：6320mAh（3.80V） 额定能量：24.02Wh,支持,支持,支持,支持,双nano,1、卡槽1、2可以任意切换为数据卡； 2、支持5G SA； 3、若数据卡是移动卡/联通卡/广电卡，非数据卡支持“移动5G/4G/2G、联通5G/4G/3G/2G、广电5G/4G、电信5G/4G”； 4、若数据卡是电信卡，非数据卡支持“移动5G/4G/2G、联通5G/4G/3G/2G、广电5G/4G、电信5G/4G（需要开通VoLTE业务，未开通VoLTE业务时，无法注册网络）”。,2G GSM频段：850/900/1800MHz 3G WCDMA频段：B1/B4/B5/B6/B8/B19 4G TD-LTE频段：B34/B38/B39/B40/B41/B42/B43/B48 4G FDD-LTE频段：B1/B3/B4/B5/B7/B8/B18/B19/B26/B28A/B66 5G频段：n1/n3/n5/n7/n8/n18/n26/n28A/n38/n40/n41/n48/n66/n77/n78 注： 实时网络功能可用性取决于运营商网络可用性、基建部署以及手机软件版本。,支持移动/联通/电信/广电5G/4G等网络 注：5G双卡双通仅支持部分频段组合并依赖于运营商SA及VoNR部署，SA及VoNR支持能力取决于可用的网络和软件版本。,02-B220-253511,V2528A,支持,支持,Type-C,Wi-Fi Display;2*2 MIMO;MU-MIMO;Wi-Fi 6,支持GPS：L1 北斗：B1C;B1I GLONASS：G1 Galileo：E1 QZSS：L1 GNSS功能：AGPS;蜂窝网络定位;无线局域网定位,Type-C 数字信号接口,蓝牙5.4,SBC;AAC;aptX;aptX HD;aptX Adaptive;aptX Lossless;LDAC;LHDC 5.0,Face Wake面部识别,,立体双扬,AAC、WAV、M4A、MP3、MIDI、OGG、APE、FLAC,AAC、WAV、MP3、MIDI、VORBIS、APE、FLAC
iQOO Neo11 驰光白,智能手机,3599.0,10011357,https://shop.vivo.com.cn/product/10011357,104,骁龙 8 至尊版|自研电竞芯片 Q2|Monster 超核引擎|2K 144Hz 珠峰屏|7500mAh蓝海电池|8K冰穹VC液冷散热系统|IP68&69防尘防水|OriginOS 6,2025年10月,支持,支持,100W超快闪充，指充电器至大输出功率为100W；实际充电功率会随场景变化而动态调节，请以实际使用情况为准。（支持最大输入充电规格11V 9.1A），兼容90W（11V 8.2A）、80W（11V 7.3A）、66W（11V 6A）、55W（11V 5A）、44W（11V 4A）、33W（11V 3A）、22.5W （10V 2.25A），44W（11V 4A）UFCS融合快充，55W（11V 5A）PD3.0协议PPS快充，18W（9V 2A）PD2.0协议快充，10W（5V 2A）普充。,1600万像素,5000万像素超防抖 LYT700V 索尼大底主摄 +800万像素 超广角镜头,骁龙8至尊版移动平台,3168×1440,6.82英寸,AMOLED,iQOO Neo11,不支持,Type-C,不支持,"256GB,UFS 4.1（注：由于手机系统和预装的程序占据了部分存储空间，可用存储空间少于256GB)",7500mAh *本产品采用单电芯设计： 典型容量：7500mAh（3.75V） 典型能量：28.13Wh,7355mAh *本产品采用单电芯设计： 额定容量：7355mAh（3.75V） 额定能量：27.59Wh,仅支持Type-C 数字信号接口,"面部识别,超声波3D指纹","12GB,LPDDR5X Ultra 四通道（注：由于手机系统和预装的程序占据了部分运存空间，实际运存空间少于12GB）",支持,前置色温传感器、3D超声波单点指纹、红外遥控、Flicker传感器,支持,支持,支持,实体,X轴线性马达,LPDDR5X Ultra 四通道,UFS 4.1,支持12GB,由于手机系统和预装的程序占据了部分运存空间，实际运存空间少于12GB、可用存储空间少于256GB,,256GB,12GB,骁龙 8 至尊版|自研电竞芯片 Q2|Monster 超核引擎|2K 144Hz 珠峰屏|7500mAh蓝海电池|8K冰穹VC液冷散热系统|IP68&69防尘防水|OriginOS 6,4.32GHz×2+3.53GHz×6,64位,3nm,骁龙8至尊版移动平台,八核处理器,Adreno 830,,自研电竞芯片 Q2,铝合金,驰光白、像素方橙、面对疾风：玻璃；疾影黑：玻纤,163.37mm×76.71mm×8.05mm(疾影黑、驰光白、像素方橙)、163.37mm×76.71mm×8.13mm(面对疾风),疾影黑：约210g；驰光白、像素方橙：约215g；面对疾风：约216g（注：实际尺寸与重量可能会因工艺、测量方法、材料供应商变更而略有不同）,支持,3168x1440,8000000：1,93.88%,510PPI,最高支持144Hz,6.82英寸,AMOLED（BOE Q10+）,19.8:9,直面屏,10亿色,普通场景130Hz，部分游戏场景300Hz,支持P3广色域,手机×1，充电头×1，Type-C to Type-C数据线×1，保护壳×1，原装膜（出厂已贴好）×1，取卡针×1，快速入门指南×1，手机包装盒×1,CMOS,人像，拍照，录像，微电影,1600万像素,f/2.45,不支持,后置主摄支持20倍数字变焦,抓拍、夜景、人像、拍照、录像、超清文档、5000万、全景、慢动作、延时摄影、时光慢门、超级月亮、专业、微电影、jovi扫描、鱼眼,5000万像素超防抖 LYT700V 索尼大底主摄 +800万像素 超广角镜头,f/1.88（后置主摄），f/2.2（后置广角）,双摄,支持,前置支持FF对焦；后置主摄支持AF对焦；后置广角支持FF对焦,前置最高支持1080P视频拍摄，后置最高支持8K视频拍摄，后置慢镜头最高支持1080P,后置主摄支持OIS防抖，后置双摄均支持视频防抖,超声波3D指纹,支持语音、建议、扫描等功能,基于Android 16开发的OriginOS 6,,支持,100W超快闪充，指充电器至大输出功率为100W；实际充电功率会随场景变化而动态调节，请以实际使用情况为准。（支持最大输入充电规格11V 9.1A），兼容90W（11V 8.2A）、80W（11V 7.3A）、66W（11V 6A）、55W（11V 5A）、44W（11V 4A）、33W（11V 3A）、22.5W （10V 2.25A），44W（11V 4A）UFCS融合快充，55W（11V 5A）PD3.0协议PPS快充，18W（9V 2A）PD2.0协议快充，10W（5V 2A）普充。,不支持,7500mAh *本产品采用单电芯设计： 典型容量：7500mAh（3.75V） 典型能量：28.13Wh,7355mAh *本产品采用单电芯设计： 额定容量：7355mAh（3.75V） 额定能量：27.59Wh,支持,仅支持联通3G,支持,支持,双nano,1、卡槽1、2可以任意切换为数据卡； 2、支持5G SA ； 3、若数据卡是移动卡/联通卡/广电卡，非数据卡支持“移动5G/4G/2G、联通5G/4G/3G/2G、广电5G/4G、电信5G/4G”； 4、若数据卡是电信卡，非数据卡支持“移动5G/4G/2G、联通5G/4G/3G/2G、广电5G/4G、电信5G/4G（需要开通VoLTE业务，未开通VoLTE业务时，无法注册网络）”。,2G网络 GSM：850/900/1800MHz 3G网络 WCDMA：B1/B4/B5/B6/B8/B19 4G网络 TD-LTE：B34/B38/B39/B40/B41/B42/B43/B48 4G网络 FDD-LTE：B1/B3/B4/B5/B7/B8/B18/B19/B26/B28A/B66 5G网络：n1/n3/n5/n7/n8/n18/n26/n28A/n38/n40/n41/n48/n66/n77/n78 注： 实时网络功能可用性取决于运营商网络可用性、基建部署以及手机软件版本。,支持移动/联通/电信/广电5G/4G等网络，5G双卡双通 注：5G双卡双通仅支持部分频段组合并依赖于运营商SA及VoNR部署，SA及VoNR支持能力取决于可用的网络和软件版本,02-B220-252857,V2520A,支持,支持,Type-C,支持WLAN 2.4G、WLAN 5.1G、WLAN 5.8G 频率；支持Wi-Fi Display、2*2 MIMO、MU-MIMO、Wi-Fi 6、Wi-Fi 7功能；2.4G&5G双路并发,支持 GPS：L1+L5，北斗：B1C+B1I+B2a，GLONASS：G1，Galileo：E1+E5a，QZSS：L1+L5 支持AGPS、蜂窝网络定位、无线局域网定位,仅支持Type-C 数字信号接口,蓝牙5.4,SBC;AAC;aptX;aptX HD;aptX Adaptive;aptX Lossless;LDAC;LHDC 5.0,Face Wake面部识别,不支持,立体双扬,AAC、WAV、M4A、MP3、MIDI、OGG、APE、FLAC,AAC、WAV、MP3、MIDI、VORBIS、APE、FLAC
vivo X300 好运红,智能手机,4999.0,10011289,https://shop.vivo.com.cn/product/10011289,104,蔡司2亿超级主摄|蔡司APO超级长焦|5年持久流畅OriginOS 6,2026年1月,支持,支持,90W闪充，指充电器至大输出功率为90W；实际充电功率会随场景变化而动态调节，请以实际使用情况为准。（支持最大输入充电规格11V/8.2A，9V/1.3A或5V/2A）,5000万像素,2亿像素蔡司超级主摄+5000万像素蔡司APO超级长焦+5000万像素蔡司超视野超广角,天玑 9500,2640×1216,6.31英寸,AMOLED（Q10 plus）,vivo X300,不支持,Type-C,40W无线充电,256GB，UFS4.1（注：由于手机系统和预装的程序占据了部分存储空间，可用存储空间少于256GB),6040mAh本产品采用单电芯设计： 典型容量：6040mAh（3.77V） 典型能量：22.78Wh,5925mAh本产品采用单电芯设计： 额定容量：5925mAh（3.77V） 额定能量：22.34Wh,Type-C 数字信号接口,"面部识别,3D超声波单点指纹",12GB，LPDDR5X Ultra 四通道（注：由于手机系统和预装的程序占据了部分运存空间，实际运存空间少于12GB）,支持,激光对焦传感器;霍尔传感器;红外遥控;Flicker传感器,支持,支持,支持,支持,X轴线性马达,LPDDR5X Ultra 四通道,UFS4.1,支持12GB,由于手机系统和预装的程序占据了部分运存空间，实际运存空间少于12GB、可用存储空间少于256GB,,256GB,12GB,蔡司2亿超级主摄|蔡司APO超级长焦|5年持久流畅OriginOS 6,4.21GHz*1+3.5GHz*3+2.7GHz*4,64位,3nm,天玑 9500,八核处理器,Mali G1-Ultra,蓝图自研影像芯片V3+,,铝合金,玻璃,150.57mmx71.92mmx7.95mm,190g 注：实际尺寸与重量可能会因工艺、测量方法、材料供应商变更而略有不同。,支持,2640x1216,8000000:1,94.66%,460PPI,1-120Hz,6.31英寸,AMOLED（Q10 plus）,19.54:9,直面屏,10.7亿色,普通场景130Hz部分游戏场景300Hz,支持P3广色域,手机×1，充电头×1，Type-C数据线×1，保护壳×1，原装膜（出厂已贴好）×1，取卡针×1，快速入门指南×1,CMOS,人像、拍照、录像、人像录像,5000万像素,f/2.0,不支持,后置长焦摄像头支持3X光学变焦；最大支持100X数字变焦；前后置摄像头均支持数字变焦,抓拍、风光与夜景、人像、拍照、录像、人像录像、全景、超清文档、慢动作、舞台、延时摄影、专业、美食、人文、扫描,2亿像素主摄+5000万像素广角+5000万像素潜望,f/1.68(主摄)+f/2.0(广角)+f/2.57(潜望),三摄,支持,前后置均支持AF对焦,前置、后置主摄、后置广角、后置潜望最高支持4K,后置主摄、潜望支持OIS防抖,3D超声波单点指纹,支持语音、建议、扫描等功能,基于Android 16开发的OriginOS 6,,支持,90W闪充，指充电器至大输出功率为90W；实际充电功率会随场景变化而动态调节，请以实际使用情况为准。（支持最大输入充电规格11V/8.2A，9V/1.3A或5V/2A）,40W无线充电,6040mAh本产品采用单电芯设计： 典型容量：6040mAh（3.77V） 典型能量：22.78Wh,5925mAh本产品采用单电芯设计： 额定容量：5925mAh（3.77V） 额定能量：22.34Wh,支持,支持,支持,支持,双nano,1、卡槽1、2可以任意切换为数据卡； 2、若数据卡是移动卡/联通卡/广电卡，非数据卡支持“移动5G/4G/2G、联通5G/4G/3G/2G、广电5G/4G、电信5G/4G”； 3、若数据卡是电信卡，非数据卡支持“移动5G/4G/2G、联通5G/4G/3G/2G、广电5G/4G、电信5G/4G（需要开通VoLTE业务，未开通VoLTE业务时，无法注册网络）”。,2G GSM频段：850/900/1800/1900MHz 3G WCDMA频段：B1/B2/B4/B5/B6/B8/B19 4G TD-LTE频段：B34/B38/B39/B40/B41/B42/B43/B48 4G FDD-LTE频段：B1/B2/B3/B4/B5/B7/B8/B18/B19/B20/B25/B26/B28A/B66 5G频段：n1/n2/n3/n5/n7/n8/n18/n20/n25/n26/n28A/n34/n38/n39/n40/n41/n48/n66/n77/n78 注： 实时网络功能可用性取决于运营商网络可用性、基建部署以及手机软件版本。,双卡双待全网通,02-B220-252808,V2509A,支持,支持,Type-C,Wi-Fi Display;2*2 MIMO;MU-MIMO;Wi-Fi 6;Wi-Fi 7;2.4G&5G双路并发,GPS：L1;L5 北斗：B1C;B1I;B2a;B2b GLONASS：G1 Galileo：E1;E5a;E5b QZSS：L1;L5 NavIC：L1;L5 GNSS功能：AGPS;蜂窝网络定位;无线局域网定位,Type-C 数字信号接口,蓝牙5.4,SBC;AAC;aptX;aptX HD;LDAC;LHDC 5.0,Face Wake面部识别,不支持,立体双扬,AAC、WAV、M4A、MP3、MIDI、OGG、APE、FLAC,AAC、WAV、MP3、MIDI、VORBIS、APE、FLAC
iQOO 15 +1TB 凌云,智能手机,6999.0,10011260,https://shop.vivo.com.cn/product/10011260,104,第五代骁⻰8⾄尊版|自研电竞芯片 Q3|2K 三星珠峰屏|7000mAh蓝海大电池|8K 冰穹散热系统|OriginOS 6,2025年10月,支持,支持,100W超快闪充，指充电器至大输出功率为100W；实际充电功率会随场景变化而动态调节，请以实际使用情况为准。（支持最大输入充电规格11V/9.1A，兼容11V/8.2A、11V/7.3A、11V/ 6A、11V/5A、11V/4A、11V/3A、10V/ 2.25A、9V/2A、5V/2A）,3200万像素,5000万像素 索尼超防抖大底主摄+5000万像素 索尼超级潜望长焦镜头+5000万像素 超广角镜头,第五代骁龙8至尊版移动平台,3168×1440,6.85英寸,AMOLED,iQOO 15,不支持,Type-C,40W无线充电,"1T,UFS 4.1（注：由于手机系统和预装的程序占据了部分存储空间，可用存储空间少于1T)",7000mAh *本产品采用单电芯设计： 典型容量：7000mAh（3.75V） 典型能量：26.25Wh,6830mAh *本产品采用单电芯设计： 额定容量：6830mAh（3.75V） 额定能量：25.62Wh,Type-C 模拟信号接口、Type-C 数字信号接口,"面部识别,超声波3D指纹","16GB,LPDDR5X Ultra Pro 四通道（注：由于手机系统和预装的程序占据了部分运存空间，实际运存空间少于16GB）",支持,前置色温传感器、后置色温传感器、3D超声波单点指纹传感器、霍尔传感器、红外遥控、Flicker传感器,支持,支持,支持,实体,战锤MAX双轴马达,LPDDR5X Ultra Pro 四通道,UFS 4.1,支持16GB,由于手机系统和预装的程序占据了部分运存空间，实际运存空间少于16GB、可用存储空间少于1T,,1T,16GB,第五代骁⻰8⾄尊版|自研电竞芯片 Q3|2K 三星珠峰屏|7000mAh蓝海大电池|8K 冰穹散热系统|OriginOS 6,4.6GHz×2+3.62GHz×6,64位,3nm,第五代骁龙8至尊版移动平台,八核处理器,Adreno 840,,自研电竞芯片 Q3,铝合金,赛道版：玻纤；传奇版、旷野、凌云、iQOO×王者荣耀十周年典藏版：玻璃,163.65mm×76.80mm×8.10mm(赛道版)；163.65mm×76.80mm×8.17mm(传奇版、旷野)；163.65mm×76.80mm×8.28mm(凌云、iQOO×王者荣耀十周年典藏版),赛道版：约215g；传奇版、旷野：约220g；凌云、iQOO×王者荣耀十周年典藏版：约221g（注：实际尺寸与重量可能会因工艺、测量方法、材料供应商变更而略有不同）,支持,3168x1440,8000000:1,94.37%,508PPI,最高支持144Hz,6.85英寸,AMOLED（M14）,19.8:9,直面屏,10.7亿色,非游戏模式130Hz，部分游戏对局中360Hz,支持P3色域,手机×1，充电头×1，Type-C to Type-C数据线×1，保护壳×1，原装膜（出厂已贴好）×1，取卡针×1，快速入门指南×1，手机包装盒×1,CMOS,拍照、人像、录像、微电影,3200万像素,f/2.2,不支持,最大支持100x数字变焦,抓拍、风光与夜景、人像、拍照、录像、超清文档、全景、慢动作、延时摄影、专业模式、微电影、人文街拍相机、Jovi扫描、鱼眼,5000万像素 索尼超防抖大底主摄+5000万像素 索尼超级潜望长焦镜头+5000万像素 超广角镜头,f/1.88（后置主摄），f/2.65（后置潜望），f/2.05（后置广角）,三摄,支持,前置支持FF对焦，后置三摄均支持AF对焦,前置最高支持4K视频拍摄，后置最高支持8K视频拍摄，后置慢镜头最高支持1080P,后置主摄、后置潜望支持OIS防抖，后置三摄均支持视频防抖,超声波3D指纹,支持语音、建议、扫描等功能,基于Android 16开发的OriginOS 6,,支持,100W超快闪充，指充电器至大输出功率为100W；实际充电功率会随场景变化而动态调节，请以实际使用情况为准。（支持最大输入充电规格11V/9.1A，兼容11V/8.2A、11V/7.3A、11V/ 6A、11V/5A、11V/4A、11V/3A、10V/ 2.25A、9V/2A、5V/2A）,40W无线充电,7000mAh *本产品采用单电芯设计： 典型容量：7000mAh（3.75V） 典型能量：26.25Wh,6830mAh *本产品采用单电芯设计： 额定容量：6830mAh（3.75V） 额定能量：25.62Wh,支持,仅支持联通3G,支持,支持,双nano,1、卡槽1、2可以任意切换为数据卡； 2、支持SA/NSA双模5G； 3、若数据卡是移动卡/联通卡/广电卡，非数据卡支持“移动5G/4G/2G、联通5G/4G/3G/2G、广电5G/4G、电信5G/4G”； 4、若数据卡是电信卡，非数据卡支持“移动5G/4G/2G、联通5G/4G/3G/2G、广电5G/4G、电信5G/4G（需要开通VoLTE业务，未开通VoLTE业务时，无法注册网络）”。,2G网络 GSM：850/900/1800/1900MHz 3G网络 WCDMA：B1/B2/B4/B5/B6/B8/B19 4G网络 TD-LTE：B34/B38/B39/B40/B41/B42/B43/B48 4G网络 FDD-LTE：B1/B2/B3/B4/B5/B7/B8/B18/B19/B20/B25/B26/B28A/B66 5G网络：n1/n2/n3/n5/n7/n8/n18/n20/n25/n26/n28A/n38/n40/n41/n48/n66/n75/n77/n78/n80/n81/n83/n84/n89/n91/n92/n93/n94 注： 实时网络功能可用性取决于运营商网络可用性、基建部署以及手机软件版本。,支持移动/联通/电信/广电5G/4G等网络，5G双卡双通 注：5G双卡双通仅支持部分频段组合并依赖于运营商SA及VoNR部署，SA及VoNR支持能力取决于可用的网络和软件版本,02-B220-252800,V2505A,支持,支持,Type-C,支持WLAN 2.4G;WLAN 5.1G;WLAN 5.8G频率；支持Wi-Fi Display;2*2 MIMO;MU-MIMO;Wi-Fi 6;Wi-Fi 7;2.4G&5G双路并发,支持 GPS：L1+L5，北斗：B1C+B1I+B2a，GLONASS：G1，Galileo：E1+E5a，QZSS：L1+L5 支持AGPS、蜂窝网络定位、无线局域网定位,Type-C 模拟信号接口、Type-C 数字信号接口,蓝牙6.0 备注：产品硬件支持蓝牙 6.0 协议，具体功能体验需要后续OTA升级开放。,SBC;AAC;aptX;aptX HD;aptX Adaptive;aptX Lossless;LDAC;LHDC 5.0,Face Wake面部识别,不支持,立体双扬,AAC、WAV、M4A、MP3、MIDI、OGG、APE、FLAC,AAC、WAV、MP3、MIDI、VORBIS、APE、FLAC
iQOO Z10 Turbo+ 云海白,智能手机,4099.0,10011132,https://shop.vivo.com.cn/product/10011132,97,天玑 9400+|自研电竞芯片 Q2|8000mAh 超薄蓝海电池|旗舰144Hz光域护眼屏|旗舰级轻薄质感设计|OriginOS 5,2025年8月,支持,支持,90W闪充，指充电器至大输出功率为90W；实际充电功率会随场景变化而动态调节，请以实际使用情况为准。（支持最大输入充电规格11V/8.2A，兼容11V/5A，11V/4A，11V/3A，10V/2.25A、9V/1.3A或5V/2A）,1600万像素,5000万像素索尼主摄+800万像素超广角镜头,天玑 9400+,2800×1260,6.78英寸,AMOLED,iQOO Z10 Turbo+,,Type-C,,512GB，UFS 4.1（由于手机系统和预装的程序占据了部分储存空间，可用储存空间少于512GB）,8000mAh *本产品采用单电芯设计： 典型容量：8000mAh（3.79V） 典型能量：30.32Wh,7840mAh *本产品采用单电芯设计： 额定容量：7840mAh（3.79V） 额定能量：29.72Wh,Type-C 模拟信号接口、Type-C 数字信号接口,"面部识别,屏下光学指纹",16GB，LPDDR5X Ultra 四通道（由于手机系统和预装的程序占据了部分运存空间，实际运存空间少于16GB）,支持,红外遥控、X轴线性马达,支持,支持,支持,实体,,LPDDR5X Ultra 四通道,UFS 4.1,支持16GB,由于手机系统和预装的程序占据了部分运存空间，实际运存空间少于16GB、可用存储空间少于512GB,,512GB,16GB,天玑 9400+|自研电竞芯片 Q2|8000mAh 超薄蓝海电池|旗舰144Hz光域护眼屏|旗舰级轻薄质感设计|OriginOS 5,3.73GHz×1+3.3GHz×3+2.4GHz×4,64位,3nm,天玑 9400+,八核处理器,Immortalis-G925,,自研电竞芯片 Q2,塑胶,复合板材,163.72mm×75.88mm×8.16mm,约212g（注：实际尺寸与重量可能会因工艺、测量方法、材料供应商变更而略有不同）,支持,2800x1260,8000000：1,93.42%,452PPI,最高支持144Hz,6.78英寸,AMOLED（C9+）,20:9,直面屏,10.7亿色,普通场景130Hz，部分游戏场景360Hz,支持大于93% NTSC色域,手机×1，充电头×1，Type-C数据线×1，保护壳×1，原装膜（出厂已贴好）×1，取卡针×1，快速入门指南×1，手机包装盒×1,CMOS,人像、拍照、录像、微电影,1600万像素,f/2.45,,后置主摄支持20倍数字变焦,抓拍、夜景、人像、拍照、录像、超清文档、5000万、全景、慢动作、延时摄影、时光慢门、超级月亮、专业、专业录像、微电影,5000万像素索尼主摄+800万像素超广角镜头,f/1.79（后置主摄），f/2.2（后置广角）,双摄,支持,后置主摄支持AF对焦,后置最高支持4K视频拍摄，后置慢镜头最高支持1080P,后置主摄支持OIS防抖，后置双摄均支持EIS防抖,屏下光学指纹,,基于Android 15开发的OriginOS 5,,支持,90W闪充，指充电器至大输出功率为90W；实际充电功率会随场景变化而动态调节，请以实际使用情况为准。（支持最大输入充电规格11V/8.2A，兼容11V/5A，11V/4A，11V/3A，10V/2.25A、9V/1.3A或5V/2A）,,8000mAh *本产品采用单电芯设计： 典型容量：8000mAh（3.79V） 典型能量：30.32Wh,7840mAh *本产品采用单电芯设计： 额定容量：7840mAh（3.79V） 额定能量：29.72Wh,支持,支持联通3G,支持,支持,双nano,1、卡槽1、2可以任意切换为数据卡； 2、支持5G SA； 3、若数据卡是移动卡/联通卡/广电卡，非数据卡支持“移动5G/4G/2G、联通5G/4G/3G/2G、广电5G/4G、电信5G/4G”； 4、若数据卡是电信卡，非数据卡支持“移动5G/4G/2G、联通5G/4G/3G/2G、广电5G/4G、电信5G/4G（需要开通VoLTE业务，未开通VoLTE业务时，无法注册网络）”。,2G网络 GSM：850/900/1800MHz 3G网络 WCDMA：B1/B5/B6/B8/B19 4G网络 TD-LTE：B34/B38/B39/B40/B41/B42/B43/B48 4G网络 FDD-LTE：B1/B3/B5/B8/B18/B19/B26/B28A 5G网络：n1/n3/n5/n8/n18/n26/n28A/n34/n38/n39/n40/n41/n48/n77/n78 注： 实时网络功能可用性取决于运营商网络可用性、基建部署以及手机软件版本。,支持移动/联通/电信/广电5G/4G等网络,02-B220-251766,V2507A,支持,支持,Type-C,支持WLAN 2.4G、WLAN 5.1G、WLAN 5.8G 频段；支持Wi-Fi Display、2*2 MIMO、MU-MIMO、Wi-Fi 6、Wi-Fi 7功能；2.4G&5G双路并发,支持 GPS：L1+L5；北斗：B1C+B1I+B2a+B2b；GLONASS：G1；Galileo：E1+E5a+E5b；QZSS：L1+L5；NavIC：L5 支持AGPS、蜂窝网络定位、无线局域网定位,Type-C 模拟信号接口、Type-C 数字信号接口,蓝牙5.4,SBC;AAC;aptX;aptX HD;LDAC;LHDC 5.0,Face Wake面部识别,,立体双扬,AAC、WAV、M4A、MP3、MIDI、OGG、APE、FLAC,AAC、WAV、MP3、MIDI、VORBIS、APE、FLAC
vivo X Fold5 钛度,智能手机,6999.0,10011050,https://shop.vivo.com.cn/product/10011050,96,217g超轻薄|等效6000mAh蓝海电池|蔡司超级长焦|超可靠三防折叠屏,2025年6月,支持,支持,80W闪充，指充电器至大输出功率为80W；实际充电功率会随场景变化而动态调节，请以实际使用情况为准。（支持最大输入充电规格11V/7.3A，兼容9V/2A或 5V/2A）,2000万像素（内外屏各一颗）,5000万像素主摄+5000万像素广角+5000万像素潜望,第三代骁龙8,"主屏2480 × 2200,副屏2748 × 1172","主屏8.03英寸,副屏6.53英寸",AMOLED,vivo X Fold5,,Type-C,40W无线充电,256GB，UFS4.1（由于手机系统和预装的程序占据了部分存储空间，可用存储空间少于256GB),等效6000*mAh 本产品采用双电池并联设计： 典型容量：3275mAh（3.82V）+2725mAh（3.82V），等效于6000mAh（3.82V）单电池 典型能量：22.93Wh,等效5815*mAh 本产品采用双电池并联设计： 额定容量：3175mAh（3.82V）+2640mAh（3.82V），等效于5815mAh（3.82V）单电池 额定能量：22.22Wh,Type-C 数字信号接口,"侧边指纹,面部识别",12GB，LPDDR5X Ultra四通道（由于手机系统和预装的程序占据了部分运存空间，实际运存空间少于12GB）,支持,前置色温传感器;后置色温传感器;激光对焦传感器;气压传感器;霍尔传感器;红外遥控;Flicker传感器,支持,支持,支持,支持,X轴线性马达,LPDDR5X Ultra四通道,UFS4.1,,由于手机系统和预装的程序占据了部分运存空间，实际运存空间少于12GB、可用存储空间少于256GB,,256GB,12GB,等效6000mAh蓝海电池|蔡司超级长焦|超可靠三防折叠屏|流畅大屏体验,3.3GHz*1+3.0GHz*2+3.2GHz*3+2.3GHz*2,64位,4nm,第三代骁龙8,八核处理器,Adreno 750,,,铝合金,玻纤(钛度)、玻璃(明白、青松),展开：159.68mm*142.29mm*4.3mm(钛度)、159.68mm*142.29mm*4.55mm(明白、青松); 折叠：159.68mm*72.60mm*9.2mm(钛度)、159.68mm*72.60mm*9.7mm(明白、青松),217g(钛度)、226g(明白、青松) 注：实际尺寸与重量可能会因工艺、测量方法、材料供应商变更而略有不同。,支持,主屏：2480 × 2200 / 副屏：2748x1172,8000000:1,主屏：92.00% / 副屏：92.06%,主屏：412PPI / 副屏：457PPI,120Hz,"主屏8.03英寸,副屏6.53英寸",AMOLED,主屏：4:3.55 / 副屏：21.1:9,曲面屏,10.7亿色,主屏：130Hz/240Hz / 副屏：130Hz/300Hz,105%NTSC,手机×1，充电头×1，Type-C数据线×1，原装膜（内外屏出厂已贴好）×2，保护壳×1，取卡针×1，快速入门指南×1,CMOS,人像、拍照、录像、人像录像、微电影,2000万像素（内外屏各一颗）,f/2.4,,后置长焦摄像头支持3x光学变焦；最大支持100x数字变焦；前后置摄像头均支持数字变焦,抓拍、风光与夜景、人像、拍照、录像、人像录像、高像素、全景、超清文档、慢动作、舞台、延时摄影、专业、微电影、美食、Jovi扫描,5000万像素主摄+5000万像素广角+5000万像素潜望,f/1.57（主摄）、f/2.05（广角）、f/2.55（潜望）,三摄,,前置支持FF对焦、后置三摄支持AF对焦,前置最高支持1080P；后置主摄最高支持8K；后置广角、后置潜望最高支持4K,后置主摄、后置潜望支持OIS防抖,侧边指纹,,基于Android 15开发的OriginOS 5,,支持,80W闪充，指充电器至大输出功率为80W；实际充电功率会随场景变化而动态调节，请以实际使用情况为准。（支持最大输入充电规格11V/7.3A，兼容9V/2A或 5V/2A）,40W无线充电,等效6000*mAh 本产品采用双电池并联设计： 典型容量：3275mAh（3.82V）+2725mAh（3.82V），等效于6000mAh（3.82V）单电池 典型能量：22.93Wh,等效5815*mAh 本产品采用双电池并联设计： 额定容量：3175mAh（3.82V）+2640mAh（3.82V），等效于5815mAh（3.82V）单电池 额定能量：22.22Wh,支持,支持,支持,支持,双nano,1、卡槽1、2可以任意切换为数据卡； 2、若数据卡是移动卡/联通卡/广电卡，非数据卡支持“移动5G/4G/2G、联通5G/4G/3G/2G、广电5G/4G、电信5G/4G”； 3、若数据卡是电信卡，非数据卡支持“移动5G/4G/2G、联通5G/4G/3G/2G、广电5G/4G、电信5G/4G（需要开通VoLTE业务，未开通VoLTE业务时，无法注册网络）”。,2G GSM频段：850/900/1800/1900MHz 2G CDMA频段：BC0 3G WCDMA频段：B1/B2/B4/B5/B6/B8/B19 4G TD-LTE频段：B34/B38/B39/B40/B41/B42/B43/B48 4G FDD-LTE频段：B1/B2/B3/B4/B5/B7/B8/B12/B17/B18/B19/B20/B25/B26/B28/B66 5G频段：n1/n2/n3/n5/n7/n8/n12/n18/n20/n25/n26/n28/n38/n40/n41/n48/n66/n77/n78 注： 实时网络功能可用性取决于运营商网络可用性、基建部署以及手机软件版本。,双卡双待全网通,02-B220-250903,V2436A,支持,支持,Type-C,Wi-Fi Display;2*2 MIMO;MU-MIMO;Wi-Fi 6;Wi-Fi 7;2.4G&5G双路并发,GPS：L1;L5 北斗：B1C;B1I;B2a GLONASS：G1 Galileo：E1;E5a QZSS：L1;L5 GNSS功能：AGPS;蜂窝网络定位;无线局域网定位,Type-C 数字信号接口,蓝牙5.4,SBC;AAC;aptX;aptX HD;aptX Adaptive;aptX Lossless;LDAC;LHDC 5.0,Face Wake面部识别,,,AAC、WAV、M4A、MP3、MIDI、OGG、APE、FLAC,AAC、WAV、MP3、MIDI、VORBIS、APE、FLAC
iQOO Neo10 Pro+ 驰光白,智能手机,2999.0,10010935,https://shop.vivo.com.cn/product/10010935,97,骁龙 8 至尊版|2K Q10珠峰屏|自研电竞芯片 Q2|等效6800mAh蓝海电池+120W超快闪充|7K冰穹VC液冷散热系统|全新OriginOS 5,2025年5月,支持,支持,120W超快闪充，指充电器至大输出功率为120W；实际充电功率会随场景变化而动态调节，请以实际使用情况为准。（支持最大输入充电规格20V/6A，兼容20V/5A，20V/3A，11V/5A、11V/4A、11V/3A、9V/2A或5V/2A）,1600万像素,5000万像素超防抖大底主摄+800万像素超广角镜头,骁龙8至尊版移动平台,3168×1440,6.82英寸,AMOLED,iQOO Neo10 Pro+,,Type-C,,"256GB,UFS 4.1（注：由于手机系统和预装的程序占据了部分存储空间，可用存储空间少于256GB)",等效6800*mAh *本产品采用双电芯串联设计： 典型容量：3400mAh（7.64V），等效于6800mAh（3.82V） 典型能量：25.98Wh,等效6610*mAh *本产品采用双电芯串联设计： 额定容量：3305mAh（7.64V），等效于6610mAh（3.82V） 额定能量：25.26Wh,Type-C 模拟信号接口、Type-C 数字信号接口,"面部识别,超声波3D指纹","12GB,LPDDR5X Ultra 四通道（注：由于手机系统和预装的程序占据了部分运存空间，实际运存空间少于12GB）",支持,前置色温传感器、超声波3D指纹传感器、红外遥控、Flicker传感器、X轴线性马达,支持,支持,支持,实体,,LPDDR5X Ultra 四通道,UFS 4.1,支持12GB,由于手机系统和预装的程序占据了部分运存空间，实际运存空间少于12GB、可用存储空间少于256GB,,256GB,12GB,骁龙 8 至尊版|2K Q10珠峰屏|自研电竞芯片 Q2|等效6800mAh蓝海电池+120W超快闪充|7K冰穹VC液冷散热系统|全新OriginOS 5,4.32GHz×2+3.53GHz×6,64位,3nm,骁龙8至尊版移动平台,八核处理器,Adreno 830,,自研电竞芯片 Q2,塑胶,驰光白、超级像素：玻璃；疾影黑：玻纤,163.79mm×76.60mm×8.30mm(驰光白、超级像素)、163.79mm×76.60mm×8.20mm(疾影黑),驰光白、超级像素：约217g；疾影黑：约212g（注：实际尺寸与重量可能会因工艺、测量方法、材料供应商变更而略有不同）,支持,3168x1440,8000000:1,93.87%,510 PPI,最高支持144Hz,6.82英寸,AMOLED（Q10）,19.8:9,直面屏,10亿色,普通场景130Hz，部分游戏场景300Hz,P3色域,手机×1，充电头×1，Type-C to Type-C数据线×1，保护壳×1，原装膜（出厂已贴好）×1，取卡针×1，快速入门指南×1，手机包装盒×1,CMOS,人像，拍照，录像，微电影,1600万像素,f/2.45,,后置主摄支持20倍数字变焦,人像，拍照，录像，微电影，抓拍，夜景，全景，超清文档，慢动作、延时摄影，时光慢门，超级月亮，专业，扫描，鱼眼,5000万像素超防抖大底主摄+800万像素超广角镜头,f/1.88（后置主摄），f/2.2（后置广角）,双摄,支持,后置主摄支持AF对焦,后置最高支持8K视频拍摄，后置慢镜头最高支持1080P,后置主摄支持OIS防抖，后置双摄均支持视频防抖,超声波3D指纹,,基于Android 15开发的OriginOS 5,,支持,120W超快闪充，指充电器至大输出功率为120W；实际充电功率会随场景变化而动态调节，请以实际使用情况为准。（支持最大输入充电规格20V/6A，兼容20V/5A，20V/3A，11V/5A、11V/4A、11V/3A、9V/2A或5V/2A）,,等效6800*mAh *本产品采用双电芯串联设计： 典型容量：3400mAh（7.64V），等效于6800mAh（3.82V） 典型能量：25.98Wh,等效6610*mAh *本产品采用双电芯串联设计： 额定容量：3305mAh（7.64V），等效于6610mAh（3.82V） 额定能量：25.26Wh,支持,仅支持联通3G,支持,支持,双nano,1、卡槽1、2可以任意切换为数据卡； 2、支持5G SA ； 3、若数据卡是移动卡/联通卡/广电卡，非数据卡支持“移动5G/4G/2G、联通5G/4G/3G/2G、广电5G/4G、电信5G/4G”； 4、若数据卡是电信卡，非数据卡支持“移动5G/4G/2G、联通5G/4G/3G/2G、广电5G/4G、电信5G/4G（需要开通VoLTE业务，未开通VoLTE业务时，无法注册网络）”。,"2G网络 GSM：850/900/1800MHz 3G网络 WCDMA：B1/B4/B5/B6/B8/B19 4G网络 TD-LTE：B34/B38/B39/B40/B41/B42/B43/B48 4G网络 FDD-LTE：B1/B3/B4/B5/B7/B8/B18*/B19/B26*/B28A/B66* 5G网络：n1/n3/n5/n7/n8/n18*/n26*/n28A/n38/n40/n41/n48/n66*/n77/n78 注：1、 实时网络功能可用性取决于运营商网络可用性、基建部署以及手机软件版本； 2、""*""标注频段支持部分频率范围，具体为B18/n18：820-830MHz/865-875MHz，B26/n26：824-849MHz/869-894MHz，B66/n66：1710-1770MHz/2110-2170MHz。",支持移动/联通/电信/广电5G/4G等网络,02-B220-251089,V2463A,支持,支持,Type-C,支持WLAN 2.4G、WLAN 5.1G、WLAN 5.8G 频率；支持Wi-Fi Display、2*2 MIMO、MU-MIMO、Wi-Fi 6、Wi-Fi 7功能；2.4G&5G双路并发,支持 GPS：L1+L5，北斗：B1C+B1I+B2a，GLONASS：G1，Galileo：E1+E5a，QZSS：L1+L5 支持AGPS、蜂窝网络定位、无线局域网定位,Type-C 模拟信号接口、Type-C 数字信号接口,蓝牙5.4,SBC;AAC;aptX;aptX HD;aptX Adaptive;aptX Lossless;LDAC;LHDC 5.0,Face Wake面部识别,,立体双扬,AAC、WAV、M4A、MP3、MIDI、OGG、APE、FLAC,AAC、WAV、MP3、MIDI、VORBIS、APE、FLAC
vivo S30 可可黑,智能手机,3299.0,10010915,https://shop.vivo.com.cn/product/10010915,92,多彩轻薄直屏|5000 万索尼超级潜望长焦|全球首批高通第四代骁龙 7,2025年5月,支持,支持,90W闪充，指充电器至大输出功率为90W；实际充电功率会随场景变化而动态调节，请以实际使用情况为准。（支持最大输入充电规格11V/8.2A，兼容9V/1.3A或5V/2A）,5000万像素,5000万索尼超防抖大底主摄+106°超视野低畸变广角镜头+ 5000万索尼超级潜望长焦,高通第四代骁龙 7 移动平台,2800×1260,6.67英寸,AMOLED,vivo S30,,Type-C,,512GB（注：由于手机系统和预装的程序占据了部分存储空间，可用存储空间少于512GB),6500mAh 本产品采用单电芯设计 典型容量：6500mAh（3.83V） 典型能量：24.90Wh,6345mAh 本产品采用单电芯设计 额定容量：6345mAh（3.83V） 额定能量：24.31Wh,Type-C 模拟信号接口、Type-C 数字信号接口,"面部识别,屏下光学指纹",12GB（注：由于手机系统和预装的程序占据了部分运存空间，实际运存空间少于12GB）,支持,红外遥控,支持,支持,支持,支持,普通,,,,由于手机系统和预装的程序占据了部分运存空间，实际运存空间少于12GB、可用存储空间少于512GB,,512GB,12GB,多彩轻薄直屏|5000 万索尼超级潜望长焦|全球首批高通第四代骁龙 7,2.8GHz*1 + 2.4GHz*4 + 1.8GHz*3,64位,4nm,高通第四代骁龙 7 移动平台,八核处理器,Adreno 722,,,塑胶,玻璃,160.21mm*74.39mm*7.49mm,约192g 注：实际尺寸与重量可能会因工艺、测量方法、材料供应商变更而略有不同。,支持,2800×1260,8000000:1,94.1%,460PPI,60Hz/120Hz,6.67英寸,AMOLED,20:9,直面屏,10.7亿色,普通报点率130Hz，游戏高报点率场景300Hz,支持P3广色域,手机×1，充电头×1，Type-C数据线×1，保护壳×1，原装膜（出厂已贴好）×1，取卡针×1，快速入门指南×1,CMOS,拍照/人像/夜景/录像/微电影/高像素/化妆镜,5000万像素,f/2.0,,前后置均支持数字变焦；最大支持100x数字变焦,拍照/人像/夜景/录像/微电影/高像素/全景/超清文档/慢动作/延时摄影/超级月亮/星空/专业/抓拍/美食/扫描,5000万像素主摄+800万像素广角+ 5000万像素潜望,f/1.88(主摄)+f/2.2(广角)+f/2.65(潜望),三摄,,前置支持AF对焦；后置主摄支持AF对焦，后置广角支持FF对焦，后置潜望支持AF对焦,前置、后置主摄、后置潜望最高支持4K，后置广角最高支持1080P,后置主摄、潜望支持OIS防抖,屏下光学指纹,,基于Android 15开发的OriginOS 5,,支持,90W闪充，指充电器至大输出功率为90W；实际充电功率会随场景变化而动态调节，请以实际使用情况为准。（支持最大输入充电规格11V/8.2A，兼容9V/1.3A或5V/2A）,,6500mAh 本产品采用单电芯设计 典型容量：6500mAh（3.83V） 典型能量：24.90Wh,6345mAh 本产品采用单电芯设计 额定容量：6345mAh（3.83V） 额定能量：24.31Wh,支持,支持,支持,支持,双nano,1、卡槽1、2可以任意切换为数据卡； 2、支持5G SA； 3、若数据卡是移动卡/联通卡/广电卡，非数据卡支持“移动5G/4G/2G、联通5G/4G/3G/2G、广电5G/4G、电信5G/4G”； 4、若数据卡是电信卡，非数据卡支持“移动5G/4G/2G、联通5G/4G/3G/2G、广电5G/4G、电信5G/4G（需要开通VoLTE业务，未开通VoLTE业务时，无法注册网络）”。,"2G GSM频段：850/900/1800MHz 3G WCDMA频段：B1/B4/B5/B8/B19/B6 4G TD-LTE频段：B34/B38/B39/B40/B41/B42/B43/B48 4G FDD-LTE频段 ：B1/B3/B4/B5/B7/B8/B19/B28A/B18*/B26*/B66* 5G频段：n1/n3/n5/n8/n28A/n38/n40/n41/n77/n78/n7/n18*/n26*/n48/n66* 注： 实时网络功能可用性取决于运营商网络可用性、基建部署以及手机软件版本;“*”标注频段支持部分频率范围，具体为B18(TX: 820-830 MHz/RX:865-875MHz), n18(TX:824-830 MHz/RX:869-875MHz)、B26/n26(TX：824-849 MHz/RX.869-894MHz)，B66/n66(TX:1710-1770MHz/RX:2110-2170MHz)。",双卡双待全网通,02-B220-251035,V2464A,支持,支持,Type-C,Wi-Fi Display;2*2 MIMO;MU-MIMO;Wi-Fi 6,支持GPS：L1 北斗：B1C;B1I GLONASS：G1 Galileo：E1 QZSS：L1 GNSS功能：AGPS;蜂窝网络定位;无线局域网定位,Type-C 模拟信号接口、Type-C 数字信号接口,蓝牙5.4,SBC;AAC;aptX;aptX HD;aptX Adaptive;aptX Lossless;LDAC;LHDC 5.0,Face Wake面部识别,,,AAC、WAV、M4A、MP3、MIDI、OGG、APE、FLAC,AAC、WAV、MP3、MIDI、VORBIS、APE、FLAC
iQOO Z10x 星穹黑,智能手机,1499.0,10010808,https://shop.vivo.com.cn/product/10010808,95,6500mAh超薄蓝海电池|天玑7300|LCD 莱茵护眼屏|OriginOS 5|光环呼吸灯|5000万像素AI超清主摄,2025年4月,支持,,44W闪充，指充电器至大输出功率为44W；实际充电功率会随场景变化而动态调节，请以实际使用情况为准。（支持最大输入充电规格11V/4A，兼容11V/3A Max、10V/2.25A、9V/2A、5V/3A或5V/2A）,800万像素,5000万像素AI超清主摄 + 200万像素虚化镜头,天玑 7300,2408x1080,6.72英寸,LCD,iQOO Z10x,,Type-C,,128GB，UFS 3.1（由于手机系统和预装的程序占据了部分储存空间，可用储存空间少于128GB）,6500mAh *本产品采用单电芯设计： 典型容量：6500mAh（3.91V） 典型能量：25.42Wh,6360mAh *本产品采用单电芯设计： 额定容量：6360mAh（3.91V） 额定能量：24.87Wh,Type-C 模拟信号接口、Type-C 数字信号接口,"侧边指纹,面部识别",8GB，LPDDR4X 双通道（由于手机系统和预装的程序占据了部分运存空间，实际运存空间少于8GB）,支持,红外遥控,支持,支持,支持,实体,,LPDDR4X 双通道,UFS 3.1,支持8GB,由于手机系统和预装的程序占据了部分运存空间，实际运存空间少于8GB、可用存储空间少于128GB,,128GB,8GB,6500mAh超薄蓝海电池|天玑 7300|LCD 莱茵护眼屏|OriginOS 5|光环呼吸灯|5000 万像素AI 超清主摄,2.5GHz×4+2.0GHz×4,64位,4nm,天玑 7300,八核处理器,Mali-G615,,,塑胶,复合板材,165.70mm×76.30mm×8.09mm,约204g（注：实际尺寸与重量可能会因工艺、测量方法、材料供应商变更而略有不同）,支持,2408x1080,1400:1,91.49%,393PPI,最高支持120Hz,6.72英寸,LCD（LED）,20.1:9,直面屏,16700000 色,120/240Hz,83%,手机×1，充电头×1，Type-C数据线×1，保护壳×1，原装膜（出厂已贴好）×1，取卡针×1，快速入门指南×1，手机包装盒×1,CMOS,人像，拍照，录像，微电影，动态照片,800万像素,f/2.05,,后置主摄支持10倍数字变焦,夜景，人像，拍照，录像，微电影，全景，文档矫正，慢镜头，延时摄影，专业，动态照片，扫描,5000万像素AI超清镜头+200万虚化镜头,f/1.8（后置主摄），f/2.4（后置虚化）,双摄,支持,后置主摄支持AF对焦,后置最高支持4K视频拍摄，后置慢镜头最高支持720P,后置主摄支持EIS防抖,侧边指纹,支持语音、建议、扫描等功能,基于Android 15开发的OriginOS 5,,支持,44W闪充，指充电器至大输出功率为44W；实际充电功率会随场景变化而动态调节，请以实际使用情况为准。（支持最大输入充电规格11V/4A，兼容11V/3A Max、10V/2.25A、9V/2A、5V/3A或5V/2A）,,6500mAh *本产品采用单电芯设计： 典型容量：6500mAh（3.91V） 典型能量：25.42Wh,6360mAh *本产品采用单电芯设计： 额定容量：6360mAh（3.91V） 额定能量：24.87Wh,支持,仅支持联通3G,支持,支持,双nano,1、卡槽1、2可以任意切换为数据卡； 2、支持5G SA； 3、若数据卡是移动卡/联通卡/广电卡，非数据卡支持“移动5G/4G/2G、联通5G/4G/3G/2G、广电5G/4G、电信5G/4G”； 4、若数据卡是电信卡，非数据卡支持“移动5G/4G/2G、联通5G/4G/3G/2G、广电5G/4G、电信5G/4G（需要开通VoLTE业务，未开通VoLTE业务时，无法注册网络）”。,2G网络 GSM：850/900/1800MHz 2G网络 CDMA：BC0 3G网络 WCDMA：B1/B5/B8 4G网络 TD-LTE：B34/B38/B39/B40/B41 4G网络 FDD-LTE：B1/B3/B5/B8/B28A 5G网络：n1/n3/n5/n8/n28A/n41/n77/n78 注： 实时网络功能可用性取决于运营商网络可用性、基建部署以及手机软件版本。,支持移动/联通/电信/广电5G/4G等网络,02-B220-250032,V2445A,,支持,Type-C,支持Wi-Fi Display、Wi-Fi 6功能,支持 GPS：L1；北斗：B1I；GLONASS：G1；Galileo：E1，QZSS：L1 支持AGPS、蜂窝网络定位、无线局域网定位,Type-C 模拟信号接口、Type-C 数字信号接口,蓝牙5.4,SBC;AAC;aptX;aptX HD;LDAC,Face Wake面部识别,,立体双扬,AAC、WAV、M4A、MP3、MIDI、OGG、APE、FLAC,AAC、WAV、MP3、MIDI、VORBIS、APE、FLAC
iQOO Z10 Turbo Pro 沙漠色,智能手机,1999.0,10010807,https://shop.vivo.com.cn/product/10010807,97,第四代骁龙8s|自研电竞芯片 Q1|120W超快闪充|7000mAh超薄蓝海电池|旗舰144Hz光域护眼屏,2025年4月,支持,支持,120W超快闪充，指充电器至大输出功率为120W；实际充电功率会随场景变化而动态调节，请以实际使用情况为准。（支持最大输入充电规格20V/6A，兼容20V/5A，20V/3A，11V/5A、11V/4A、11V/3A、9V/1.4A或5V/2A）,1600万像素,5000万像素索尼主摄+ 800万像素超广角镜头,第四代骁龙 8s,2800×1260,6.78英寸,AMOLED,iQOO Z10 Turbo Pro,,Type-C,,256GB，UFS 4.1（由于手机系统和预装的程序占据了部分储存空间，可用储存空间少于256GB）,等效7000*mAh *本产品采用双电芯串联设计： 典型容量：3500mAh（7.7V），等效于7000mAh（3.85V） 典型能量：26.95Wh,等效6800*mAh *本产品采用双电芯串联设计： 额定容量：3400mAh（7.7V），等效于6800mAh（3.85V） 额定能量：26.18Wh,Type-C 模拟信号接口、Type-C 数字信号接口,"屏下光学指纹,面部识别",12GB，LPDDR5X Ultra 四通道（由于手机系统和预装的程序占据了部分运存空间，实际运存空间少于12GB）,支持,红外遥控,支持,支持,支持,实体,,LPDDR5X Ultra 四通道,UFS 4.1,支持12GB,由于手机系统和预装的程序占据了部分运存空间，实际运存空间少于12GB、可用存储空间少于256GB,,256GB,12GB,第四代骁龙8s|自研电竞芯片 Q1|120W超快闪充|7000mAh超薄蓝海电池|旗舰144Hz光域护眼屏,1xCortex-X4 @3.21GHz 3xCortex-A720 @3.01GHz 2xCortex-A720 @2.8GHz 2xCortex-A720 @2.01GHz,64位,4nm,第四代骁龙 8s,八核处理器,Adreno 825,,自研电竞芯片 Q1,塑胶,复合板材,163.72mm×75.88mm×8.09mm,约206g（注：实际尺寸与重量可能会因工艺、测量方法、材料供应商变更而略有不同）,支持,2800x1260,8000000:1,93.42%,452PPI,最高支持144Hz,6.78英寸,AMOLED（C9+）,20:9,直面屏,10.7亿色,正常模式130Hz，部分游戏场景360Hz,支持大于93% NTSC色域,手机×1，充电头×1，Type-C to Type-C数据线×1，保护壳×1，原装膜（出厂已贴好）×1，取卡针×1，快速入门指南×1，手机包装盒×1,CMOS,人像，拍照，录像，微电影,1600万像素,f/2.45,,后置主摄支持10倍数字变焦,抓拍，夜景，人像，拍照，录像，超清文档，全景，慢动作，延时摄影，时光慢门，超级月亮，专业，专业视频，微电影，扫描,5000万像素索尼主摄+ 800万像素超广角镜头,f/1.79（后置主摄），f/2.2（后置广角）,双摄,支持,后置主摄支持AF对焦,后置最高支持4K视频拍摄，后置慢镜头最高支持1080P,后置主摄支持OIS防抖，后置双摄均支持EIS防抖,屏下光学指纹,,基于Android 15开发的OriginOS 5,,支持,120W超快闪充，指充电器至大输出功率为120W；实际充电功率会随场景变化而动态调节，请以实际使用情况为准。（支持最大输入充电规格20V/6A，兼容20V/5A，20V/3A，11V/5A、11V/4A、11V/3A、9V/1.4A或5V/2A）,,等效7000*mAh *本产品采用双电芯串联设计： 典型容量：3500mAh（7.7V），等效于7000mAh（3.85V） 典型能量：26.95Wh,等效6800*mAh *本产品采用双电芯串联设计： 额定容量：3400mAh（7.7V），等效于6800mAh（3.85V） 额定能量：26.18Wh,支持,仅支持联通3G,支持,支持,双nano,1、卡槽1、2可以任意切换为数据卡； 2、支持5G SA； 3、若数据卡是移动卡/联通卡/广电卡，非数据卡支持“移动5G/4G/2G、联通5G/4G/3G/2G、广电5G/4G、电信5G/4G”； 4、若数据卡是电信卡，非数据卡支持“移动5G/4G/2G、联通5G/4G/3G/2G、广电5G/4G、电信5G/4G（需要开通VoLTE业务，未开通VoLTE业务时，无法注册网络）”。,2G网络 GSM：850/900/1800MHz 3G网络 WCDMA：B1/B5/B8/B6/B19 4G网络 TD-LTE：B34/B38/B39/B40/B41/B42/B48 4G网络 FDD-LTE：B1/B3/B5/B8/B18/B19/B26/B28A 5G网络：n1/n3/n5/n8/n18/n26/n28A/n38/n40/n41/n48/n77/n78 注： 实时网络功能可用性取决于运营商网络可用性、基建部署以及手机软件版本。,支持移动/联通/电信/广电5G/4G等网络,02-B220-250724,V2453A,支持,支持,Type-C,支持Wi-Fi Display、2*2 MIMO、MU-MIMO、Wi-Fi 6、Wi-Fi 7功能,支持 GPS：L1+L5；北斗：B1C+B1I+B2a；GLONASS：G1；Galileo：E1+E5a；QZSS：L1+L5 支持AGPS、蜂窝网络定位、无线局域网定位、地理围栏,Type-C 模拟信号接口、Type-C 数字信号接口,蓝牙协议支持6.0 备注：硬件支持蓝牙6.0协议，具体功能体验待后续OTA升级开放。,SBC;AAC;aptX;aptX HD;aptX Adaptive;aptX Lossless;LDAC;LHDC 5.0,Face Wake面部识别,,立体双扬,AAC、WAV、M4A、MP3、MIDI、OGG、APE、FLAC,AAC、WAV、MP3、MIDI、VORBIS、APE、FLAC
iQOO Z10 Turbo 云海白,智能手机,2699.0,10010806,https://shop.vivo.com.cn/product/10010806,97,天玑8400满血版|自研电竞芯片 Q1|7620mAh超薄蓝海电池|旗舰144Hz光域护眼屏,2025年4月,支持,支持,90W闪充，指充电器至大输出功率为90W；实际充电功率会随场景变化而动态调节，请以实际使用情况为准。（支持最大输入充电规格11V/8.2A，兼容11V/5A，11V/4A，11V/3A，10V/2.25A、9V/1.4A或5V/2A）,1600万像素,5000万像素索尼主摄+ 200万像素景深镜头,天玑 8400 满血版,2800×1260,6.78英寸,AMOLED,iQOO Z10 Turbo,,Type-C,,256GB，UFS 4.1（由于手机系统和预装的程序占据了部分储存空间，可用储存空间少于256GB）,7620mAh *本产品采用单电芯设计： 典型容量：7620mAh（3.79V） 典型能量：28.88Wh,7485mAh *本产品采用单电芯设计： 额定容量：7485mAh（3.79V） 额定能量：28.37Wh,Type-C 模拟信号接口、Type-C 数字信号接口,"屏下光学指纹,面部识别",12GB，LPDDR5X 四通道（由于手机系统和预装的程序占据了部分运存空间，实际运存空间少于12GB）,支持,红外遥控,支持,支持,支持,实体,,LPDDR5X 四通道,UFS 4.1,支持12GB,由于手机系统和预装的程序占据了部分运存空间，实际运存空间少于12GB、可用存储空间少于256GB,,256GB,12GB,天玑8400满血版|自研电竞芯片Q1|7620mAh超薄蓝海电池|旗舰144Hz光域护眼屏,3.25GHz×1+3.0GHz×3+2.1GHz×4,64位,4nm,天玑 8400 满血版,八核处理器,Mali-G720,,自研电竞芯片 Q1,塑胶,复合板材,163.72mm×75.88mm×8.09mm,约212g（注：实际尺寸与重量可能会因工艺、测量方法、材料供应商变更而略有不同）,支持,2800x1260,8000000:1,93.42%,452PPI,最高支持144Hz,6.78英寸,AMOLED（C9+）,20:9,直面屏,10.7亿色,正常模式支持130Hz；游戏模式支持360Hz,支持大于93% NTSC色域,手机×1，充电头×1，Type-C数据线×1，保护壳×1，原装膜（出厂已贴好）×1，取卡针×1，快速入门指南×1，手机包装盒×1,CMOS,人像、拍照、录像、微电影,1600万像素,f/2.45,,后置主摄支持10倍数字变焦,抓拍、夜景、人像、拍照、录像、超清文档、高像素、全景、慢镜头、延时摄影、时光慢门、超级月亮、专业、微电影、扫描,5000万像素索尼主摄+ 200万像素景深镜头,f/1.79（后置主摄），f/2.4（后置虚化）,双摄,支持,后置主摄支持AF对焦,后置最高支持4K视频拍摄，后置慢镜头最高支持1080P,后置主摄支持OIS防抖+EIS防抖,屏下光学指纹,,基于Android 15开发的OriginOS 5,,支持,90W闪充，指充电器至大输出功率为90W；实际充电功率会随场景变化而动态调节，请以实际使用情况为准。（支持最大输入充电规格11V/8.2A，兼容11V/5A，11V/4A，11V/3A，10V/2.25A、9V/1.4A或5V/2A）,,7620mAh *本产品采用单电芯设计： 典型容量：7620mAh（3.79V） 典型能量：28.88Wh,7485mAh *本产品采用单电芯设计： 额定容量：7485mAh（3.79V） 额定能量：28.37Wh,支持,支持,支持,支持,双nano,1、卡槽1、2可以任意切换为数据卡； 2、支持5G SA； 3、若数据卡是移动卡/联通卡/广电卡，非数据卡支持“移动5G/4G/2G、联通5G/4G/3G/2G、广电5G/4G、电信5G/4G”； 4、若数据卡是电信卡，非数据卡支持“移动5G/4G/2G、联通5G/4G/3G/2G、广电5G/4G、电信5G/4G（需要开通VoLTE业务，未开通VoLTE业务时，无法注册网络）”。,2G网络 GSM：850/900/1800MHz 3G网络 WCDMA：B1/B5/B6/B8/B19 4G网络 TD-LTE：B34/B38/B39/B40/B41/B42/B48 4G网络 FDD-LTE：B1/B3/B5/B8/B19/B28A 5G网络：n1/n3/n5/n8/n28A/n34/n38/n39/n40/n41/n48/n77/n78 注： 实时网络功能可用性取决于运营商网络可用性、基建部署以及手机软件版本。,支持移动/联通/电信/广电5G/4G等网络,02-B220-250456,V2452A,支持,支持,Type-C,支持Wi-Fi Display、2*2 MIMO、MU-MIMO、Wi-Fi 6功能,支持 GPS：L1+L5；北斗：B1C+B1I+B2a；GLONASS：G1；Galileo：E1+E5a；QZSS：L1+L5；NavIC：L5 支持AGPS、蜂窝网络定位、无线局域网定位,Type-C 模拟信号接口、Type-C 数字信号接口,蓝牙协议支持6.0 备注：硬件支持蓝牙6.0协议，具体功能体验待后续OTA升级开放。,SBC;AAC;aptX;aptX HD;LDAC,Face Wake面部识别,,立体双扬,AAC、AMR、MIDI、OGG、FLAC、WMA、WAV、APE、MP3,WAV、MP3、MP2、AMR-NB、AMR-WB、MIDI、Vorbis、APE、FLAC
vivo X200s 薄荷蓝,智能手机,4599.0,10010771,https://shop.vivo.com.cn/product/10010771,96,蓝晶x天玑 9400+|6200mAh蓝海电池|湿手秒开超声波指纹,2025年4月,支持,支持,90W闪充，指充电器至大输出功率为90W；实际充电功率会随场景变化而动态调节，请以实际使用情况为准。（支持最大输入充电规格11V/8.2A，兼容9V/1.3A或5V/2A）,3200万像素,5000万像素主摄+5000万像素广角+5000万像素潜望,天玑 9400+,2800×1260,6.67英寸,AMOLED,vivo X200s,,Type-C,40W无线充电,256GB，UFS4.1（注：由于手机系统和预装的程序占据了部分存储空间，可用存储空间少于256GB),6200mAh 本产品采用单电芯设计： 典型容量：6200mAh（3.81V） 典型能量：23.63Wh,6060mAh 本产品采用单电芯设计： 额定容量：6060mAh（3.81V） 额定能量：23.09Wh,Type-C 模拟信号接口、Type-C 数字信号接口,"面部识别,3D超声波单点指纹",16GB，LPDDR5X 四通道（注：由于手机系统和预装的程序占据了部分运存空间，实际运存空间少于16GB）,支持,前置色温传感器;后置色温传感器;激光对焦传感器;红外遥控;Flicker传感器,支持,支持,支持,支持,X轴线性马达,LPDDR5X 四通道,UFS4.1,,由于手机系统和预装的程序占据了部分运存空间，实际运存空间少于16GB、可用存储空间少于256GB,,256GB,16GB,蓝晶x天玑 9400+|6200mAh蓝海电池|湿手秒开超声波指纹,3.73GHz*1 + 3.3GHz*3 + 2.4GHz*4,64位,3nm,天玑 9400+,八核处理器,Immortalis-G925,,,铝合金,玻璃,160.01mm x 74.29mm x 7.99mm,205g(简黑)、203g(淡紫、薄荷蓝、直白) 注：实际尺寸与重量可能会因工艺、测量方法、材料供应商变更而略有不同。,支持,2800×1260,8000000：1,94.3%,460PPI,120Hz,6.67英寸,AMOLED,20:9,直面屏,10.7亿色,普通报点率130Hz，游戏高报点率场景300Hz,支持P3广色域,手机×1，充电头×1，Type-C数据线×1，保护壳×1，原装膜（出厂已贴好）×1，取卡针×1，快速入门指南×1,CMOS,拍照、人像、录像、人像录像,3200万像素,f/2.0,,后置长焦摄像头支持3x光学变焦；最大支持100x数字变焦；前后置摄像头均支持数字变焦,抓拍、风光与夜景、人像、拍照、录像、人像录像、高像素、全景、超清文档、慢动作、延时摄影、专业、美食、人文、扫描,5000万像素主摄+5000万像素广角+5000万像素潜望,f/1.57(主摄)+f/2.0(广角)+f/2.57(潜望),三摄,,前置支持FF对焦，后置三摄均支持AF对焦,前后置最高均支持4K,后置主摄、潜望支持OIS防抖,3D超声波单点指纹,,基于Android 15开发的OriginOS 5,,支持,90W闪充，指充电器至大输出功率为90W；实际充电功率会随场景变化而动态调节，请以实际使用情况为准。（支持最大输入充电规格11V/8.2A，兼容9V/1.3A或5V/2A）,40W无线充电,6200mAh 本产品采用单电芯设计： 典型容量：6200mAh（3.81V） 典型能量：23.63Wh,6060mAh 本产品采用单电芯设计： 额定容量：6060mAh（3.81V） 额定能量：23.09Wh,支持,支持,支持,支持,双nano,1、卡槽1、2可以任意切换为数据卡； 2、若数据卡是移动卡/联通卡/广电卡，非数据卡支持“移动5G/4G/2G、联通5G/4G/3G/2G、广电5G/4G、电信5G/4G”； 3、若数据卡是电信卡，非数据卡支持“移动5G/4G/2G、联通5G/4G/3G/2G、广电5G/4G、电信5G/4G（需要开通VoLTE业务，未开通VoLTE业务时，无法注册网络）”。,2G GSM频段：850/900/1800/1900MHz 3G WCDMA频段：B1/B2/B4/B5/B6/B8/B19 4G TD-LTE频段：B34/B38/B39/B40/B41/B42/B43/B48 4G FDD-LTE频段 ：B1/B2/B3/B4/B5/B7/B8/B18/B19/B25/B26/B28A/B66 5G频段：n1/n2/n3/n5/n7/n8/n18/n25/n26/n28A/n34/n38/n39/n40/n41/n48/n66/n77/n78 注： 实时网络功能可用性取决于运营商网络可用性、基建部署以及手机软件版本。,双卡双待全网通,02-B220-250531,V2458A,支持,支持,Type-C,Wi-Fi Display;2*2 MIMO;MU-MIMO;Wi-Fi 6;Wi-Fi 7;2.4G&5G双路并发,GPS:L1;L5 北斗/BeiDou:B1C;B1I;B2a;B2b GLONASS:G1 Galileo:E1;E5a;E5b QZSS:L1;L5 NavIC:L1;L5 GNSS功能:AGPS;蜂窝网络定位;无线局域网定位,Type-C 模拟信号接口、Type-C 数字信号接口,蓝牙5.4,SBC;AAC;aptX;aptX HD;LDAC;LHDC 5.0,Face Wake面部识别,,,AAC、WAV、M4A、MP3、MIDI、OGG、APE、FLAC,AAC、WAV、MP3、MIDI、VORBIS、APE、FLAC
iQOO Neo10 疾影黑,智能手机,2299.0,10010446,https://shop.vivo.com.cn/product/10010446,95,第三代骁龙8|自研电竞芯片 Q2|等效6100mAh*蓝海电池|120W超快闪充|护眼超冠屏|超声波3D指纹,2024年11月,支持,支持,120W超快闪充，指充电器至大输出功率为120W；实际充电功率会随场景变化而动态调节，请以实际使用情况为准。（支持最大输入充电规格20V/6A，兼容20V/5A，20V/3A，11V/5A、11V/4A、11V/3A、9V/2A或5V/2A）,1600万像素,5000万像素 IMX921 索尼大底主摄+800万像素超广角镜头,第三代骁龙8移动平台,2800×1260,6.78英寸,AMOLED,iQOO Neo10,,Type-C,,"256GB,UFS 4.1（注：由于手机系统和预装的程序占据了部分存储空间，可用存储空间少于256GB)",等效6100*mAh *本产品采用双电芯串联设计： 典型容量：3050mAh（7.68V），等效于6100mAh（3.84V）。 典型能量：23.43Wh,等效5960*mAh *本产品采用双电芯串联设计： 额定容量：2980mAh（7.68V），等效于5960mAh（3.84V）。 额定能量：22.89Wh,Type-C 模拟信号接口、Type-C 数字信号接口,"面部识别,超声波3D指纹","12GB,LPDDR5X 四通道（注：由于手机系统和预装的程序占据了部分运存空间，实际运存空间少于12GB）",支持,前置色温传感器、超声波3D指纹传感器、红外遥控、Flicker传感器、X轴线性马达,支持,支持,支持,实体,,LPDDR5X 四通道,UFS 4.1,支持12GB,由于手机系统和预装的程序占据了部分运存空间，实际运存空间少于12GB、可用存储空间少于256GB,,256GB,12GB,第三代骁龙8|自研电竞芯片 Q2|等效6100mAh*蓝海电池|120W超快闪充|护眼超冠屏|超声波3D指纹,3.3GHz×1+3.0GHz×2+3.2GHz×3+2.3GHz×2,64位,4nm,第三代骁龙8移动平台,八核处理器,Adreno 750,,自研电竞芯片Q2,塑胶,驰光白、拉力橙：玻璃；疾影黑：玻纤,162.92mm×75.40mm×8.10mm(驰光白、拉力橙)；162.92mm×75.40mm×7.99mm(疾影黑),驰光白、拉力橙：约206g；疾影黑：约199g（注：实际尺寸与重量可能会因工艺、测量方法、材料供应商变更而略有不同）,支持,2800×1260,8000000:1,94.17%,452 ppi,最高支持144Hz,6.78英寸,AMOLED,20:9,直面屏,10.7亿色,正常模式130Hz，部分主流游戏对局场景下300Hz,支持P3色域,手机×1，充电头×1，Type-C to Type-C数据线×1，保护壳×1，原装膜（出厂已贴好）×1，取卡针×1，快速入门指南×1，手机包装盒×1,CMOS,人像、拍照、录像、微电影、动态照片,1600万像素,f/2.45,,后置主摄支持20倍数字变焦,抓拍、夜景、人像、拍照、录像、微电影、高像素、全景、超清文档、慢镜头、延时摄影、时光慢门、超级月亮、专业、扫描、动态照片、鱼眼,5000万像素 IMX921 索尼大底主摄+800万像素超广角镜头,f/1.88（后置主摄），f/2.2（后置广角）,双摄,支持,,后置最高支持8K视频拍摄，后置慢镜头最高支持1080P,后置主摄支持OIS防抖，后置双摄均支持视频防抖,超声波3D指纹,,基于Android 15开发的OriginOS 5,,支持,120W超快闪充，指充电器至大输出功率为120W；实际充电功率会随场景变化而动态调节，请以实际使用情况为准。（支持最大输入充电规格20V/6A，兼容20V/5A，20V/3A，11V/5A、11V/4A、11V/3A、9V/2A或5V/2A）,,等效6100*mAh *本产品采用双电芯串联设计： 典型容量：3050mAh（7.68V），等效于6100mAh（3.84V）。 典型能量：23.43Wh,等效5960*mAh *本产品采用双电芯串联设计： 额定容量：2980mAh（7.68V），等效于5960mAh（3.84V）。 额定能量：22.89Wh,支持,仅支持联通3G,支持,支持,双nano,1、卡槽1、2可以任意切换为数据卡； 2、支持5G SA ； 3、若数据卡是移动卡/联通卡/广电卡，非数据卡支持“移动5G/4G/2G、联通5G/4G/3G/2G、广电5G/4G、电信5G/4G/2G； 4、若数据卡是电信卡，非数据卡支持“移动5G/4G/2G、联通5G/4G/3G/2G、广电5G/4G、电信5G/4G（需要开通VoLTE业务，未开通VoLTE业务时，无法注册网络）”。,2G网络 GSM：850/900/1800MHz 2G网络 CDMA：BC0 3G网络 WCDMA：B1/B4/B5/B8/B19 4G网络 TD-LTE：B34/B38/B39/B40/B41 4G网络 FDD-LTE：B1/B3/B4/B5/B7/B8/B18/B19/B26/B28A 5G网络：n1/n3/n5/n8/n28A/n38/n40/n41/n77/n78 注： 实时网络功能可用性取决于运营商网络可用性、基建部署以及手机软件版本。,支持移动/联通/电信/广电5G/4G等网络,02-B220-243111,V2425A,支持,支持,Type-C,支持WLAN 2.4G;WLAN 5.1G;WLAN 5.8G频率；支持Wi-Fi Display;2*2 MIMO;MU-MIMO;Wi-Fi 6;Wi-Fi 7;2.4G&5G双路并发,支持 GPS：L1+L5，北斗：B1C+B1I+B2a，GLONASS：G1，Galileo：E1+E5a，QZSS：L1+L5 支持AGPS、蜂窝网络定位、无线局域网定位,Type-C 模拟信号接口、Type-C 数字信号接口,蓝牙5.4,SBC;AAC;aptX;aptX HD;aptX Adaptive;aptX Lossless;LDAC;LHDC 5.0,Face Wake面部识别,,立体双扬,,AAC、WAV、MP3、MIDI、VORBIS、APE、FLAC
iQOO 13 纳多灰,智能手机,4499.0,10010345,https://shop.vivo.com.cn/product/10010345,98,骁⻰8⾄尊版移动平台|自研电竞芯片 Q2|2K Q10 珠峰屏|等效6150mAh蓝海双芯电池|冰穹双驱散热系统|OriginOS 5,2024年10月,支持,支持,120W超快闪充，指充电器至大输出功率为120W；实际充电功率会随场景变化而动态调节，请以实际使用情况为准。（支持最大输入充电规格20V/6A，兼容20V/5A、20V/4A、20V/3.3A、11V/6A、11V/5A、11V/4A、11V/3A、9V/2A或5V/3A）,3200万像素,5000万像素 超感光VCS仿生旗舰主摄+5000万像素 长焦镜头+5000万像素 超广角镜头,骁龙8至尊版移动平台,3168×1440,6.82英寸,AMOLED,iQOO 13,,Type-C,,"512GB,UFS 4.0（注：由于手机系统和预装的程序占据了部分存储空间，可用存储空间少于512GB)",等效6150*mAh *本产品采用双电芯串联设计： 典型容量：3075mAh（7.68V），等效于6150mAh（3.84V）。 典型能量：23.62Wh,等效5980*mAh *本产品采用双电芯串联设计： 额定容量：2990mAh（7.68V），等效于5980mAh（3.84V）。 额定能量：22.97Wh,Type-C 模拟信号接口、Type-C 数字信号接口,"面部识别,超声波3D指纹","12GB,LPDDR5X Ultra 四通道（注：由于手机系统和预装的程序占据了部分运存空间，实际运存空间少于12GB）",支持,色温传感器、超声波3D指纹传感器、红外遥控、Flicker传感器、战锤振感 X轴线性马达,支持,支持,支持,实体,,LPDDR5X Ultra 四通道,UFS 4.0,支持12GB,由于手机系统和预装的程序占据了部分运存空间，实际运存空间少于12GB、可用存储空间少于512GB,,512GB,12GB,骁⻰8⾄尊版移动平台|自研电竞芯片 Q2|2K Q10 珠峰屏|等效6150mAh蓝海双芯电池|冰穹双驱散热系统|OriginOS 5,4.32GHz×2+3.53GHz×6,64位,3nm,骁龙8至尊版移动平台,八核处理器,Adreno 830,,自研电竞芯片 Q2,铝合金,传奇版、纳多灰、曼岛：玻璃；赛道版：玻纤,163.37mm×76.71mm×8.13mm(传奇版、纳多灰、曼岛)；163.37mm×76.71mm×7.99mm(赛道版),传奇版、纳多灰、曼岛：约213g；赛道版：约207g（注：实际尺寸与重量可能会因工艺、测量方法、材料供应商变更而略有不同）,支持,3168×1440,8000000:1,93.87%,510PPI,最高支持144Hz,6.82英寸,AMOLED（京东方Q10）,19.8:9,直面屏,10.7亿色,普通场景130Hz，部分游戏对战场景300Hz,支持P3广色域,手机×1，充电头×1，Type-C to Type-C数据线×1，保护壳×1，原装膜（出厂已贴好）×1，取卡针×1，快速入门指南×1，手机包装盒×1,CMOS,拍照、人像、录像、微电影,3200万像素,f/2.45,,后置最高支持30倍数字变焦,抓拍、夜景、人像、拍照、录像、微电影、高像素、全景、超清文档、慢镜头、延时摄影、时光慢门、超级月亮、星空、移轴、专业拍照、专业视频、3D相机（3D拍照、3D视频）、鱼眼、超微距、运动,5000万像素 超感光VCS仿生旗舰主摄+5000万像素 长焦镜头+5000万像素 超广角镜头,f/1.88（后置主摄），f/1.85（后置长焦），f/2.0（后置广角）,三摄,支持,后置三摄均支持AF对焦,后置最高支持8K视频拍摄，后置慢镜头最高支持1080P,后置主摄支持OIS防抖，后置三摄均支持视频防抖,超声波3D指纹,支持语音、建议、扫描等功能,基于Android 15开发的OriginOS 5,,支持,120W超快闪充，指充电器至大输出功率为120W；实际充电功率会随场景变化而动态调节，请以实际使用情况为准。（支持最大输入充电规格20V/6A，兼容20V/5A、20V/4A、20V/3.3A、11V/6A、11V/5A、11V/4A、11V/3A、9V/2A或5V/3A）,,等效6150*mAh *本产品采用双电芯串联设计： 典型容量：3075mAh（7.68V），等效于6150mAh（3.84V）。 典型能量：23.62Wh,等效5980*mAh *本产品采用双电芯串联设计： 额定容量：2990mAh（7.68V），等效于5980mAh（3.84V）。 额定能量：22.97Wh,支持,仅支持联通3G,支持,支持,双nano,1、卡槽1、2可以任意切换为数据卡； 2、支持SA/NSA双模5G； 3、若数据卡是移动卡/联通卡/广电卡，非数据卡支持“移动5G/4G/2G、联通5G/4G/3G/2G、广电5G/4G、电信5G/4G”； 4、若数据卡是电信卡，非数据卡支持“移动5G/4G/2G、联通5G/4G/3G/2G、广电5G/4G、电信5G/4G（需要开通VoLTE业务，未开通VoLTE业务时，无法注册网络）”。,2G网络 GSM：850/900/1800/1900MHz 3G网络 WCDMA：B1/B2/B4/B5/B8/B6/B19 4G网络 TD-LTE：B34/B38/B39/B40/B41/B42/B48 4G网络 FDD-LTE：B1/B2/B3/B4/B5/B7/B8/B18/B19/B25/B26/B28A/B66 5G网络：n1/n2/n3/n5/n7/n8/n18/n28A/n25/n26/n38/n40/n41/n48/n66/n77/n78/n80/n81/n83/n84/n89 注： 实时网络功能可用性取决于运营商网络可用性、基建部署以及手机软件版本。,双卡双待全网通 注：5G双卡双通仅支持部分频段组合并依赖于运营商SA及VoNR部署，SA及VoNR支持能力取决于可用的网络和软件版本,02-B220-243192,V2408A,支持,支持,Type-C,支持WLAN 2.4G;WLAN 5.1G;WLAN 5.8G频率；支持Wi-Fi Display;2*2 MIMO;MU-MIMO;Wi-Fi 6;Wi-Fi 7;2.4G&5G双路并发,支持 GPS：L1+L5，北斗：B1C+B1I+B2a，GLONASS：G1，Galileo：E1+E5a，QZSS：L1+L5 支持AGPS、蜂窝网络定位、无线局域网定位,Type-C 模拟信号接口、Type-C 数字信号接口,蓝牙5.4,SBC;AAC;aptX;aptX HD;aptX Adaptive;aptX Lossless;LDAC;LHDC 5.0,Face Wake面部识别,,立体双扬,AAC、WAV、M4A、MP3、MIDI、OGG、APE、FLAC,AAC、WAV、MP3、MIDI、VORBIS、APE、FLAC
iQOO Neo10 Pro 拉力橙,智能手机,3199.0,10010447,https://shop.vivo.com.cn/product/10010447,95,天玑9400旗舰芯|自研电竞芯片 Q2|等效6100mAh*蓝海电池|120W超快闪充|护眼超冠屏|超声波3D指纹,2024年11月,支持,支持,120W超快闪充，指充电器至大输出功率为120W；实际充电功率会随场景变化而动态调节，请以实际使用情况为准。（支持最大输入充电规格20V/6A，兼容20V/5A，20V/3A，11V/5A、11V/4A、11V/3A、9V/1.3A或5V/2A）,1600万像素,5000万像素 IMX921 索尼大底主摄+5000万像素旗舰级超广角镜头,天玑 9400,2800×1260,6.78英寸,AMOLED,iQOO Neo10 Pro,,Type-C,,"256GB,UFS 4.1（注：由于手机系统和预装的程序占据了部分存储空间，可用存储空间少于256GB)",等效6100*mAh *本产品采用双电芯串联设计： 典型容量：3050mAh（7.68V），等效于6100mAh（3.84V）。 典型能量：23.43Wh,等效5960*mAh *本产品采用双电芯串联设计： 额定容量：2980mAh（7.68V），等效于5960mAh（3.84V）。 额定能量：22.89Wh,Type-C 模拟信号接口、Type-C 数字信号接口,"面部识别,超声波3D指纹","16GB,LPDDR5X Ultra 四通道（注：由于手机系统和预装的程序占据了部分运存空间，实际运存空间少于16GB）",支持,前置色温传感器、超声波3D指纹传感器、红外遥控、Flicker传感器、X轴线性马达,支持,支持,支持,实体,,LPDDR5X Ultra 四通道,UFS 4.1,支持16GB,由于手机系统和预装的程序占据了部分运存空间，实际运存空间少于16GB、可用存储空间少于256GB,,256GB,16GB,天玑9400旗舰芯|自研电竞芯片 Q2|等效6100mAh*蓝海电池|120W超快闪充|护眼超冠屏|超声波3D指纹,3.626GHz×1+3.3GHz×3+2.4GHz×4,64位,3nm,天玑 9400,八核处理器,Immortalis-G925,,自研电竞芯片Q2,塑胶,驰光白、拉力橙：玻璃；疾影黑：玻纤,162.92mm×75.40mm×8.10mm(驰光白、拉力橙)；162.92mm×75.40mm×7.99mm(疾影黑),驰光白、拉力橙：约206g；疾影黑：约199g（注：实际尺寸与重量可能会因工艺、测量方法、材料供应商变更而略有不同）,支持,2800×1260,8000000:1,94.17%,452PPI,最高支持144Hz,6.78英寸,AMOLED,20:9,直面屏,10.7亿色,正常模式130Hz，部分主流游戏对局场景下300Hz,102%NTSC,手机×1，充电头×1，Type-C to Type-C数据线×1，保护壳×1，原装膜（出厂已贴好）×1，取卡针×1，快速入门指南×1，手机包装盒×1,CMOS,人像、拍照、录像、微电影、动态照片,1600万像素,f/2.45,,后置主摄支持20倍数字变焦,抓拍、夜景、人像、拍照、录像、微电影、高像素、全景、超清文档、慢镜头、延时摄影、时光慢门、超级月亮、专业、扫描、动态照片、鱼眼,5000万像素 IMX921 索尼大底主摄+5000万像素旗舰级超广角镜头,f/1.88（后置主摄），f/2.0（后置广角）,双摄,支持,,后置最高支持8K视频拍摄，后置慢镜头最高支持1080P,后置主摄支持OIS防抖，后置双摄均支持视频防抖,超声波3D指纹,,基于Android 15开发的OriginOS 5,,支持,120W超快闪充，指充电器至大输出功率为120W；实际充电功率会随场景变化而动态调节，请以实际使用情况为准。（支持最大输入充电规格20V/6A，兼容20V/5A，20V/3A，11V/5A、11V/4A、11V/3A、9V/1.3A或5V/2A）,,等效6100*mAh *本产品采用双电芯串联设计： 典型容量：3050mAh（7.68V），等效于6100mAh（3.84V）。 典型能量：23.43Wh,等效5960*mAh *本产品采用双电芯串联设计： 额定容量：2980mAh（7.68V），等效于5960mAh（3.84V）。 额定能量：22.89Wh,支持,仅支持联通3G,支持,支持,双nano,1、卡槽1、2可以任意切换为数据卡； 2、支持5G SA ； 3、若数据卡是移动卡/联通卡/广电卡，非数据卡支持“移动5G/4G/2G、联通5G/4G/3G/2G、广电5G/4G、电信5G/4G”； 4、若数据卡是电信卡，非数据卡支持“移动5G/4G/2G、联通5G/4G/3G/2G、广电5G/4G、电信5G/4G（需要开通VoLTE业务，未开通VoLTE业务时，无法注册网络）”。,2G网络 GSM：850/900/1800MHz 3G网络 WCDMA：B1/B4/B5/B6/B8/B19 4G网络 TD-LTE：B34/B38/B39/B40/B41 4G网络 FDD-LTE：B1/B3/B4/B5/B7/B8/B18/B19/B26/B28A 5G网络：n1/n3/n5/n8/n28A/n38/n40/n41/n77/n78 注： 实时网络功能可用性取决于运营商网络可用性、基建部署以及手机软件版本。,支持移动/联通/电信/广电5G/4G等网络,02-B220-243100,V2426A,支持,支持,Type-C,支持WLAN 2.4G;WLAN 5.1G;WLAN 5.8G频率；支持Wi-Fi Display;2*2 MIMO;MU-MIMO;Wi-Fi 6;Wi-Fi 7;2.4G&5G双路并发,支持 GPS：L1+L5，北斗：B1C+B1I+B2a+B2b，GLONASS：G1，Galileo：E1+E5a+E5b，QZSS：L1+L5，NavIC：L1+L5 支持AGPS、蜂窝网络定位、无线局域网定位,Type-C 模拟信号接口、Type-C 数字信号接口,蓝牙5.4,SBC;AAC;aptX;aptX HD;LDAC;LHDC 5.0,Face Wake面部识别,,立体双扬,,AAC、WAV、MP3、MIDI、VORBIS、APE、FLAC
vivo X200 辰夜黑,智能手机,4099.0,10010284,https://shop.vivo.com.cn/product/10010284,92,蓝晶×天玑 9400|5800mAh蓝海电池|蔡司超级长焦,2024年10月,支持,支持,90W闪充，指充电器至大输出功率为90W；实际充电功率会随场景变化而动态调节，请以实际使用情况为准。（支持最大输入充电规格11V/8.2A，兼容9V/1.3A或5V/2A）,3200万像素,5000万像素主摄+5000万像素广角+5000万像素潜望,天玑 9400,2800×1260,6.67英寸,AMOLED,vivo X200,,Type-C,,256GB，UFS4.0（注：由于手机系统和预装的程序占据了部分存储空间，可用存储空间少于256GB),5800mAh 本产品采用单电芯设计： 典型容量：5800mAh(3.84V)。 典型能量：22.28Wh,5695mAh 本产品采用单电芯设计： 额定容量：5695mAh(3.84V)。 额定能量：21.87Wh,Type-C 模拟信号接口、Type-C 数字信号接口,"面部识别,屏下光学指纹",12GB，LPDDR5X 四通道（注：由于手机系统和预装的程序占据了部分运存空间，实际运存空间少于12GB）,支持,激光对焦传感器;红外遥控;Flicker传感器;前置色温传感器;后置色温传感器,支持,支持,支持,支持实体陀螺仪,X轴线性马达,LPDDR5X 四通道,UFS4.0,,由于手机系统和预装的程序占据了部分运存空间，实际运存空间少于12GB、可用存储空间少于256GB,,256GB,12GB,,3.626GHz×1 + 3.3GHz×3 + 2.4GHz×4,64位,3nm,天玑 9400,八核处理器,Immortalis-G925,,,铝合金,,160.27mm×74.81mm×7.99mm,约197g(辰夜黑)、约202g(宝石蓝、钛色、白月光) 注：实际尺寸与重量可能会因工艺、测量方法、材料供应商变更而略有不同。,支持,2800×1260,8000000:1,92.89%,460PPI,最高支持120Hz,6.67英寸,AMOLED,20:9,全等深微四曲设计,10.7亿色,普通报点率130Hz，游戏高报点率场景300Hz,支持P3广色域,手机×1，充电头×1，Type-C数据线×1，保护壳×1，原装膜（出厂已贴好）×1，取卡针×1，快速入门指南×1,CMOS,人像、拍照、录像、人像录像,3200万像素,f/2.0,,后置长焦摄像头支持3x光学变焦；最大支持100x数字变焦；前后置摄像头均支持数字变焦,抓拍、风光、人像、拍照、录像、人像录像、高像素、全景、超清文档、慢镜头、延时摄影、专业、扫描、人文,5000万像素主摄+5000万像素广角+5000万像素潜望,f/1.57(主摄)+f/2.0(广角)+f/2.57(潜望),三摄,,前置支持FF对焦，后置三摄均支持AF对焦,前后置最高均支持4K,后置主摄、潜望支持OIS防抖,屏下光学指纹,,基于Android 15开发的OriginOS 5,,支持,90W闪充，指充电器至大输出功率为90W；实际充电功率会随场景变化而动态调节，请以实际使用情况为准。（支持最大输入充电规格11V/8.2A，兼容9V/1.3A或5V/2A）,,5800mAh 本产品采用单电芯设计： 典型容量：5800mAh(3.84V)。 典型能量：22.28Wh,5695mAh 本产品采用单电芯设计： 额定容量：5695mAh(3.84V)。 额定能量：21.87Wh,支持,支持,支持,支持,双nano,1、卡槽1、2可以任意切换为数据卡； 2、若数据卡是移动卡/联通卡/广电卡，非数据卡支持“移动5G/4G/2G、联通5G/4G/3G/2G、广电5G/4G、电信5G/4G”； 3、若数据卡是电信卡，非数据卡支持“移动5G/4G/2G、联通5G/4G/3G/2G、广电5G/4G、电信5G/4G（需要开通VoLTE业务，未开通VoLTE业务时，无法注册网络）”。,2G网络 GSM：850/900/1800/1900MHz； 3G网络 WCDMA：B1/B2/B4/B5/B6/B8/B19； 4G网络 TD-LTE：B34/B38/B39/B40/B41； 4G网络 FDD-LTE：B1/B2/B3/B4/B5/B7/B8/B18/B19/B26/B28A/B66； 5G网络：n1/n3/n5/n8/n28A/n38/n40/n41/n77/n78； 注：实际网络功能可用性取决于运营商网络可用性、基建部署以及手机软件版本。,双卡双待全网通,02-B220-242807,V2415A,支持,支持,Type-C,WLAN 2.4G;WLAN 5.1G;WLAN 5.8G;Wi-Fi Display;2*2 MIMO;MU-MIMO;Wi-Fi 6;Wi-Fi 7;2.4G&5G双路并发,支持 GPS：L1;L5，北斗：B1C;B1I;B2a;B2b，GLONASS：G1，Galileo：E1;E5a;E5b，QZSS：L1;L5，NavIC：L1;L5 支持AGPS;蜂窝网络定位;无线局域网定位,Type-C 模拟信号接口、Type-C 数字信号接口,蓝牙5.4,SBC;AAC;aptX;aptX HD;LDAC;LHDC 5.0,Face Wake面部识别,,,AAC、WAV、M4A、MP3、MIDI、OGG、APE、FLAC,AAC、WAV、MP3、MIDI、VORBIS、APE、FLAC
vivo X200 Pro +1TB 宝石蓝 卫星通信版,智能手机,6799.0,10010254,https://shop.vivo.com.cn/product/10010254,97,蓝晶×天玑 9400|6000mAh蓝海电池|蔡司2 亿APO超级长焦,2024年10月,支持,支持,90W闪充，指充电器至大输出功率为90W；实际充电功率会随场景变化而动态调节，请以实际使用情况为准。（支持最大输入充电规格11V/8.2A，兼容9V/1.3A或5V/2A）,3200万像素,5000万像素主摄+5000万像素广角+2亿像素潜望,天玑 9400,2800×1260,6.78英寸,AMOLED,vivo X200 Pro 卫星通信版,,Type-C,30W无线充电,1TB，UFS4.0（注：由于手机系统和预装的程序占据了部分存储空间，可用存储空间少于1TB),6000mAh 本产品采用单电芯设计： 典型容量：6000mAh（3.84V） 典型能量：23.04Wh,5865mAh 本产品采用单电芯设计： 额定容量：5865mAh（3.84V） 额定能量：22.53Wh,Type-C 模拟信号接口、Type-C 数字信号接口,"面部识别,3D超声波单点指纹",16GB，LPDDR5X Ultra Pro 四通道（注：由于手机系统和预装的程序占据了部分运存空间，实际运存空间少于16GB）,支持,激光对焦传感器;红外遥控;Flicker传感器;多光谱传感器;前置色温传感器,支持,支持,支持,支持实体陀螺仪,X轴线性马达,LPDDR5X Ultra Pro 四通道,UFS4.0,,由于手机系统和预装的程序占据了部分运存空间，实际运存空间少于16GB、可用存储空间少于1TB,,1TB,16GB,蓝晶×天玑 9400|6000mAh蓝海电池|蔡司2 亿APO超级长焦,3.626GHz×1 + 3.3GHz×3 + 2.4GHz×4,64位,3nm,天玑 9400,八核处理器,Immortalis-G925,蓝图影像芯片 V3+,,铝合金,玻璃(白月光、宝石蓝、钛色)、玻纤(辰夜黑),162.36mm×75.95mm×8.49mm,约228g 注：实际尺寸与重量可能会因工艺、测量方法、材料供应商变更而略有不同。,支持,2800×1260,8000000:1,93.32%,452PPI,最高支持120Hz,6.78英寸,AMOLED,20:9,全等深微四曲设计,10.7亿色,普通报点率130Hz，游戏高报点率场景300Hz,支持P3广色域,手机×1，充电头×1，Type-C数据线×1，保护壳×1，原装膜（出厂已贴好）×1，取卡针×1，快速入门指南×1,CMOS,人像、拍照、录像、人像录像,3200万像素,f/2.0,,后置长焦摄像头支持3.7x光学变焦；最大支持100x数字变焦；前后置摄像头均支持数字变焦,抓拍、风光、人像、拍照、录像、人像录像、高像素、全景、超清文档、慢镜头、延时摄影、舞台、专业、人文、扫描,5000万像素主摄+5000万像素广角+2亿像素潜望,f/1.57(主摄)+f/2.0(广角)+f/2.67(潜望),三摄,,前置支持FF对焦，后置三摄均支持AF对焦,前置、后置广角、后置潜望最高支持4K；后置主摄最高支持8K,后置主摄、潜望支持OIS防抖,3D超声波单点指纹,,基于Android 15开发的OriginOS 5,,支持,90W闪充，指充电器至大输出功率为90W；实际充电功率会随场景变化而动态调节，请以实际使用情况为准。（支持最大输入充电规格11V/8.2A，兼容9V/1.3A或5V/2A）,30W无线充电,6000mAh 本产品采用单电芯设计： 典型容量：6000mAh（3.84V） 典型能量：23.04Wh,5865mAh 本产品采用单电芯设计： 额定容量：5865mAh（3.84V） 额定能量：22.53Wh,支持,支持,支持,支持,双nano,1、卡槽1、2可以任意切换为数据卡； 2、若数据卡是移动卡/联通卡/广电卡，非数据卡支持“移动5G/4G/2G、联通5G/4G/3G/2G、广电5G/4G、电信5G/4G”； 3、若数据卡是电信卡，非数据卡支持“移动5G/4G/2G、联通5G/4G/3G/2G、广电5G/4G、电信5G/4G（需要开通VoLTE业务，未开通VoLTE业务时，无法注册网络）”。,2G网络 GSM：850/900/1800/1900MHz； 3G网络 WCDMA：B1/B2/B4/B5/B6/B8/B19； 4G网络 TD-LTE：B34/B38/B39/B40/B41； 4G网络 FDD-LTE：B1/B2/B3/B4/B5/B7/B8/B18/B19/B20/B26/B28A/B66； 5G网络：n1/n3/n5/n8/n28A/n38/n40/n41/n77/n78/n79； 注：实际网络功能可用性取决于运营商网络可用性、基建部署以及手机软件版本。,双卡双待全网通,00-B220-249030,V2405DA,支持,支持,Type-C,WLAN 2.4G;WLAN 5.1G;WLAN 5.8G;Wi-Fi Display;2*2 MIMO;MU-MIMO;Wi-Fi 6;Wi-Fi 7;2.4G&5G双路并发,支持 GPS：L1;L5，北斗：B1C;B1I;B2a;B2b，GLONASS：G1，Galileo：E1;E5a;E5b，QZSS：L1;L5，NavIC：L1;L5 支持AGPS;蜂窝网络定位;无线局域网定位,Type-C 模拟信号接口、Type-C 数字信号接口,蓝牙5.4,SBC;AAC;aptX;aptX HD;LDAC;LHDC 5.0,Face Wake面部识别,,,AAC、WAV、M4A、MP3、MIDI、OGG、APE、FLAC,AAC、WAV、MP3、MIDI、VORBIS、APE、FLAC
vivo X Fold3 Pro 薄翼黑,智能手机,8999.0,10009474,https://shop.vivo.com.cn/product/10009474,94,236g机身超轻薄设计|等效5700mAh蓝海电池|超可靠铠羽架构|蔡司超级长焦|100W双芯闪充+50W无线闪充|第三代骁龙8 SPU旗舰芯片,2024年3月,支持,支持,100W超快闪充，指充电器至大输出功率为100W；实际充电功率会随场景变化而动态调节，请以实际使用情况为准。（支持最大输入充电规格20V/5A，兼容11V/5A、9V/2A或9V/1.3A）,3200万像素（内外屏各一颗）,5000万像素超感光VCS仿生大底主摄（f/1.68光圈） 5000万像素超视野超广角摄像头（119.4°超广角） 6400万像素蔡司潜望长焦（70mm等效焦段）,第三代骁龙8,"主屏2480 × 2200,副屏2748 × 1172","主屏8.03英寸,副屏6.53英寸",AMOLED,vivo X Fold3 Pro,,Type-C,50W无线闪充,256GB，UFS4.0（由于手机系统和预装的程序占据了部分存储空间，可用存储空间少于256GB),等效5700*mAh *本产品采用双电池串联设计： 典型容量：2850mAh（3.86V）双电池，等效于5700mAh（3.86V）单电池 典型能量：22.02Wh,等效5550*mAh *本产品采用双电池串联设计： 额定容量：2775mAh（3.86V）双电池，等效于5550mAh（3.86V）单电池 额定能量：21.44Wh,Type-C 模拟信号接口、Type-C 数字信号接口,"面部识别,3D超声波双屏幕指纹",12GB，LPDDR5X 四通道（由于手机系统和预装的程序占据了部分运存空间，实际运存空间少于12GB）,支持,激光对焦传感器;气压传感器;霍尔传感器;红外遥控;Flicker传感器;多光谱传感器,支持,支持,支持,支持实体陀螺仪,,LPDDR5X 四通道,UFS4.0,,由于手机系统和预装的程序占据了部分运存空间，实际运存空间少于12GB、可用存储空间少于256GB,,256GB,12GB,,3.3GHz×1 + 3.0GHz×2 + 3.2GHz×3 + 2.3GHz×2,64位,4nm,第三代骁龙8,八核处理器,Adreno 750,,,铝合金,玻纤,159.96mm×142.4mm×5.2mm（展开）；159.96mm×72.55mm×11.2mm（折叠）,约236g 注：手机重量和厚度数据仅供参考，实际可能因生产批次的不同存在细微差异，请以实物为准。,支持,主屏：2480 × 2200 / 副屏：2748 × 1172,8000000:1,主屏：91.77% / 副屏：90.92%,主屏：412PPI / 副屏：457PPI,120Hz LTPO,"主屏8.03英寸,副屏6.53英寸",AMOLED,主屏：4：3.55 / 副屏：21.1：9,曲面屏,10.7亿色,"主屏：普通报点率130Hz, 游戏高报点率场景240Hz / 副屏：普通报点率130Hz, 游戏高报点率场景300Hz",主屏：117%NTSC / 副屏：107%NTSC,手机×1，充电头×1，Type-C数据线×1，原装膜（内外屏出厂已贴好）×2，保护壳×1，取卡针×1，快速入门指南×1,CMOS,拍照、人像、夜景、录像、微电影、多机位、电影人像、动态照片,3200万像素（内外屏各一颗）,f/2.4,,后置长焦摄像头支持3x光学变焦；最大支持100x数字变焦；前后置摄像头均支持数字变焦,拍照、人像、夜景、抓拍、录像、电影人像、微电影、高像素、全景、超清文档、慢镜头、延时摄影、时光慢门、超级月亮、星空、风光与建筑、专业、美食、多机位、动态照片、Jovi扫描,5000万像素超感光VCS仿生大底主摄（f/1.68光圈） 5000万像素超视野超广角摄像头（119.4°超广角） 6400万像素蔡司潜望长焦（70mm等效焦段）,f/1.68（后置主摄），f/2.0（后置广角），f/2.57（后置潜望）,三摄,,前置支持FF对焦、后置三摄均支持AF自动对焦,前置最高支持1080P；后置主摄最高支持8K；后置广角、后置潜望最高支持4K,后置主摄、后置潜望均支持OIS防抖,3D超声波双屏幕指纹,,基于Android 14开发的OriginOS 4,,支持,100W超快闪充，指充电器至大输出功率为100W；实际充电功率会随场景变化而动态调节，请以实际使用情况为准。（支持最大输入充电规格20V/5A，兼容11V/5A、9V/2A或9V/1.3A）,50W无线闪充,等效5700*mAh *本产品采用双电池串联设计： 典型容量：2850mAh（3.86V）双电池，等效于5700mAh（3.86V）单电池 典型能量：22.02Wh,等效5550*mAh *本产品采用双电池串联设计： 额定容量：2775mAh（3.86V）双电池，等效于5550mAh（3.86V）单电池 额定能量：21.44Wh,支持,支持,支持,支持,双nano,1、卡槽1、2可以任意切换为数据卡； 2、支持SA/NSA双模5G； 3、若数据卡是移动/联通/广电卡，非数据卡支持“移动5G/4G/2G、广电5G/4G、联通5G/4G/3G/2G、电信5G/4G/2G”； 4、若数据卡是电信卡，非数据卡支持“移动5G/4G/2G、广电5G/4G、联通5G/4G/3G/2G、电信5G/4G（需要开通VoLTE业务，未开通VoLTE业务时，无法注册网络）”。,2G网络 GSM：850/900/1800/1900MHz； 2G网络 CDMA：BC0/BC1； 3G网络 WCDMA：B1/B2/B4/B5/B6/B8/B19； 4G网络 TD-LTE：B34/B38/B39/B40/B41/B42； 4G网络 FDD-LTE：B1/B2/B3/B4/B5/B7/B8/B12/B17/B18/B19/B20/B25/B26/B28/B66； 5G网络：n1/n2/n3/n5/n7/n8/n12/n20/n25/n26/n28/n38/n40/n41/n77/n78/n66； 注：实际网络功能可用性取决于运营商网络可用性、基建部署以及手机软件版本。,双卡双待全网通,02-B220-240385,V2337A,支持,支持,Type-C,支持 WLAN 2.4G、WLAN 5.0G频段；支持Wi-Fi Display;2*2 MIMO;MU-MIMO;Wi-Fi 6;Wi-Fi 7;2.4G&5G双路并发 Wi-Fi7部分功能需要搭配支持Wi-Fi7协议的路由器，Wi-Fi7相关功能需OTA升级后开放。,支持 GPS：L1;L5，北斗：B1C;B1I;B2a，GLONASS：G1，Galileo：E1;E5a，QZSS：L1;L5 支持AGPS;蜂窝网络定位;无线局域网定位,Type-C 模拟信号接口、Type-C 数字信号接口,蓝牙5.4,SBC;AAC;aptX;aptX HD;aptX Adaptive;aptX Lossless;LDAC;LHDC 5.0,Face Wake面部识别,,,AAC、WAV、M4A、MP3、MIDI、OGG、APE、FLAC,AAC、WAV、MP3、MIDI、VORBIS、APE、FLAC
