name,series,price,slug,url,spec_count,传感器_NFC,传感器_传感器,其他_NPU,其他_OTG,其他_PCцХ░цНохРМцне,其他_PC数据同步,其他_WLANåč―,其他_WLANеҠҹиғҪ,其他_WLANхКЯшГ╜,其他_WLANхНПшоо,其他_WLANчГнчВ╣,其他_WLANчЫ┤ш┐Ю,其他_WLANч╜Сч╗ЬхоЪф╜Н,其他_WLANщвСчОЗ,其他_WLAN协议,其他_WLAN热点,其他_WLAN直连,其他_WLAN网络定位,其他_WLAN频率,其他_äšščļčŊåŦ,其他_äž æåĻ,其他_åķäŧ,其他_åį―ŪæååĪī,其他_åį―ŪæååĪīæååčūĻį,其他_åį―ŪæååĪīč§éĒææ,其他_åį―ŪæååĪīį§įåčūĻį,其他_ååšĶ,其他_åį―ŪæååĪī,其他_åį―ŪæååĪīåįĶæĻĄåž,其他_åį―ŪæååĪīæååčūĻį,其他_åį―ŪæååĪīč§éĒææ,其他_åį―ŪæååĪīį§įåčūĻį,其他_åąåđåčūĻį,其他_åąåđå°šåŊļ,其他_åąåđæĪįž,其他_åąåđčēå―Đ,其他_åąåđč§Ķæ§,其他_åąåđįąŧå,其他_åŪåĻåč―,其他_åŪä―,其他_åŪ―åšĶ,其他_ææåč―,其他_æä―įģŧįŧ,其他_æšč―åįĩæĻĄåž,其他_æįšŋåįĩ,其他_éé,其他_éŪįįąŧå,其他_éŋåšĶ,其他_éģæ,其他_éģéĒæäŧķæ žåž,其他_čį,其他_č§éĒæäŧķæ žåž,其他_įđčēåč―,其他_įĩæą åŪđé,其他_įĩæą įąŧå,其他_дј ж„ҹеҷЁ,其他_дәәи„ёиҜҶеҲ«,其他_е®ҡдҪҚ,其他_е®ҪеәҰ,其他_е®үе…ЁеҠҹиғҪ,其他_еҗҺзҪ®ж‘„еғҸеӨҙ,其他_еҗҺзҪ®ж‘„еғҸеӨҙеҸҳз„ҰжЁЎејҸ,其他_еҗҺзҪ®ж‘„еғҸеӨҙж‘„еғҸеҲҶиҫЁзҺҮ,其他_еҗҺзҪ®ж‘„еғҸеӨҙз…§зүҮеҲҶиҫЁзҺҮ,其他_еҗҺзҪ®ж‘„еғҸеӨҙи§Ҷйў‘жӢҚж‘„,其他_еүҚзҪ®ж‘„еғҸеӨҙ,其他_еүҚзҪ®ж‘„еғҸеӨҙж‘„еғҸеҲҶиҫЁзҺҮ,其他_еүҚзҪ®ж‘„еғҸеӨҙз…§зүҮеҲҶиҫЁзҺҮ,其他_еүҚзҪ®ж‘„еғҸеӨҙи§Ҷйў‘жӢҚж‘„,其他_еұҸе№•е°әеҜё,其他_еұҸе№•еҲҶиҫЁзҺҮ,其他_еұҸе№•жҠӨзңј,其他_еұҸе№•зұ»еһӢ,其他_еұҸе№•и§ҰжҺ§,其他_еұҸе№•иүІеҪ©,其他_еҺҡеәҰ,其他_е…¶д»–,其他_жңүзәҝе……з”ө,其他_жҷәиғҪе……з”өжЁЎејҸ,其他_жӢҚж‘„еҠҹиғҪ,其他_ж“ҚдҪңзі»з»ҹ,其他_зү№иүІеҠҹиғҪ,其他_з”өжұ е®№йҮҸ,其他_з”өжұ зұ»еһӢ,其他_и§Ҷйў‘ж–Үд»¶ж јејҸ,其他_и“қзүҷ,其他_йҮҚйҮҸ,其他_йҹіж•Ҳ,其他_йҹійў‘ж–Үд»¶ж јејҸ,其他_й”®зӣҳзұ»еһӢ,其他_й•ҝеәҰ,其他_ф║║шД╕шпЖхИл,其他_ф╝ацДЯхЩи,其他_хЕ╢ф╗Ц,其他_хЙНч╜оцСДхГПхд┤,其他_хЙНч╜оцСДхГПхд┤цСДхГПхИЖш╛ичОЗ,其他_хЙНч╜оцСДхГПхд┤чЕзчЙЗхИЖш╛ичОЗ,其他_хЙНч╜оцСДхГПхд┤шзЖщвСцЛНцСД,其他_хОЪх║ж,其他_хРОч╜оцСДхГПхд┤,其他_хРОч╜оцСДхГПхд┤хПШчДжцибх╝П,其他_хРОч╜оцСДхГПхд┤цСДхГПхИЖш╛ичОЗ,其他_хРОч╜оцСДхГПхд┤чЕзчЙЗхИЖш╛ичОЗ,其他_хРОч╜оцСДхГПхд┤шзЖщвСцЛНцСД,其他_хоЙхЕихКЯшГ╜,其他_хоЪф╜Н,其他_хо╜х║ж,其他_х▒Пх╣Хф┐ЭцКдчО╗чТГцЭРш┤и,其他_х▒Пх╣Хф║ох║ж,其他_х▒Пх╣ХхИЖш╛ичОЗ,其他_х▒Пх╣Хх░║хп╕,其他_х▒Пх╣ХцКдчЬ╝,其他_х▒Пх╣ХцШ╛чд║,其他_х▒Пх╣Хч▒╗хЮЛ,其他_х▒Пх╣ХшЙ▓х╜й,其他_х▒Пх╣ХшзжцОз,其他_цКХх▒П,其他_цЛНцСДхКЯшГ╜,其他_цЛ╛щЯ│хКЯшГ╜,其他_цМЗхНЧщТИ,其他_цМЗч║╣ф╝ацДЯхЩи,其他_цОеш┐СхЕЙф╝ацДЯхЩи,其他_цУНф╜Ьч│╗ч╗Я,其他_цХ░цНоч║┐цОехПг,其他_цЧач║┐хЕЕчФ╡,其他_цЩ║шГ╜хЕЕчФ╡цибх╝П,其他_цЬЙч║┐хЕЕчФ╡,其他_цЬЙч║┐х┐лхЕЕ,其他_чЙ╣шЙ▓хКЯшГ╜,其他_чЛмчлЛщАЪф┐бшКпчЙЗ,其他_чОпхвГхЕЙф╝ацДЯхЩи,其他_чФ╡ц▒ахо╣щЗП,其他_чФ╡ц▒ач▒╗хЮЛ,其他_члЛф╜Ухг░цЙмхг░хЩи,其他_ч║вхдЦф╝ацДЯхЩи,其他_ч║вхдЦщБецОз,其他_ч╜Сч╗ЬхИ╢х╝П,其他_ч╜Сч╗ЬхКЯшГ╜,其他_шА│цЬ║цОехПг,其他_шУЭчЙЩ,其他_шЬВчкЭч╜Сч╗ЬхоЪф╜Н,其他_шзЖщвСцЦЗф╗╢ца╝х╝П,其他_шзЖщвСщАЪшпЭ,其他_щЗНхКЫф╝ацДЯхЩи,其他_щЗНщЗП,其他_щФочЫШч▒╗хЮЛ,其他_щХ┐х║ж,其他_щШ▓цКЦцибх╝П,其他_щЩАшЮ║ф╗к,其他_щЯ│цХИ,其他_щЯ│щвСцЦЗф╗╢ца╝х╝П,其他_云台电机,其他_侧边独立按键,其他_全局峰值亮度,其他_加速度传感器,其他_卫星通信,其他_外观曲面,其他_屏占比,其他_投屏,其他_指南针,其他_指纹传感器,其他_接近光传感器,其他_数据线接口,其他_有线充电,其他_独立通信芯片,其他_环境光传感器,其他_红外传感器,其他_红外遥控,其他_翻转电机,其他_耳机接口,其他_蜂窝网络定位,其他_视频通话,其他_重力传感器,其他_陀螺仪,其他_霍尔传感器,其他_马达,其他功能_安全功能,其他功能_特色功能,其他功能_键盘类型,前置摄像头_人脸识别,前置摄像头_前置摄像头,前置摄像头_前置摄像头摄像分辨率,前置摄像头_前置摄像头照片分辨率,前置摄像头_前置摄像头视频拍摄,后置摄像头_后置摄像头,后置摄像头_后置摄像头变焦模式,后置摄像头_后置摄像头摄像分辨率,后置摄像头_后置摄像头照片分辨率,后置摄像头_后置摄像头视频拍摄,后置摄像头_拍摄功能,后置摄像头_防抖模式,处理器_CPUäļŧéĒ,处理器_CPUåå·,处理器_CPUæ ļæ°,处理器_CPUдё»йў‘,处理器_CPUеһӢеҸ·,处理器_CPUж ёж•°,处理器_CPUф╕╗щвС,处理器_CPUхЮЛхП╖,处理器_CPUца╕цХ░,处理器_CPU主频,处理器_CPU型号,处理器_CPU核数,处理器_GPU,多媒体_拾音功能,多媒体_立体声扬声器,多媒体_视频文件格式,多媒体_音效,多媒体_音频文件格式,尺寸与重量_厚度,尺寸与重量_宽度,尺寸与重量_重量,尺寸与重量_长度,屏幕_屏幕亮度,屏幕_屏幕保护玻璃材质,屏幕_屏幕像素密度,屏幕_屏幕分辨率,屏幕_屏幕刷新率,屏幕_屏幕对比度,屏幕_屏幕尺寸,屏幕_屏幕护眼,屏幕_屏幕显示,屏幕_屏幕类型,屏幕_屏幕色彩,屏幕_屏幕触控,电池_无线充电,电池_智能充电模式,电池_有线快充,电池_电池容量,电池_电池类型,系统_操作系统,蜂窝网络_网络制式,蜂窝网络_网络功能,蜂窝网络_网络频率,连接与定位_WLAN功能,连接与定位_其他,连接与定位_定位,连接与定位_蓝牙
荣耀Robot Phone,Robot Phone系列,,honor-robot-phone,https://www.honor.com/cn/phones/honor-robot-phone/,52,"支持读/写模式、卡模拟模式（荣耀钱包，NFC-SIM，HCE） 备注：
1. NFC-SIM需放在SIM1卡槽使用。
2. NFC感应区在手机背部，云台右侧，请关闭滑盖后使用。",重力传感器、红外传感器、指纹传感器、霍尔传感器、加速度传感器、陀螺仪、指南针、环境光传感器、接近光传感器,,,,,,,,,,,,,,,,,,,,,,,,,,,,,,,,,,,,,,,,,,,,,,,,,,,,,,,,,,,,,,,,,,,,,,,,,,,,,,,,,,,,,,,,,,,,,,,,,,,,,,,,,,,,,,,,,,,,,,,,,,,,,,,,,,,,,,,,,,,,,,,,,,,,,,"可控转动最大范围：平移轴-80°至220°，俯仰轴-70°至95°，横滚轴-50°至180°高自由度旋转。
结构转动范围：平移轴-91°至233°，俯仰轴-91°至104°，横滚轴-90°至219°高自由度旋转。
最大控制转速：360°/秒",,,,,,,,,,,,,,,,,"可控转动范围：0°至180°高自由度旋转。
最大控制转速：120°/秒",,,,,,,,AI换脸检测、双TEE安全系统、手机盾、密码保险箱、模糊位置、隐私助手、平行空间、应用锁、支付保护中心、隐私时刻、应用跳转弹窗提醒，通话反诈,"YOYO智能体、AI换脸识别、AI翻译、魔方个性化、魔法形象、互动主题、AI文档、YOYO记忆、AI笔记、灵动胶囊、魔法锁屏、荣耀任意门、全屏熄屏显示、智慧摆台、桌面大文件夹自定义、平行空间、个人事务中心、YOYO助理、个性化锁屏、反诈防火墙、隔空滑动屏幕、隔空截屏、气息唤醒、YOYO建议、Magic 文本、OS Turbo X、GPU Turbo X、智慧互联、智慧运存、语音控制呼叫、智慧视觉、智慧识屏、全屏翻译、语音翻译、AI字幕、智慧多窗、深色模式、电子书模式、状态互动AOD、纯净文件管理、注视不熄屏、注视来电音量减弱、荣耀分享、快捷启动及手势、应用分身、换机克隆、名片扫描、备份与恢复、服务维修模式、YOYO机器人模式、新一代YOYO Pro模式、YOYO拟人陪伴、随音而舞 备注：
1. 快捷启动及手势：含指关节截屏、双指关节录屏、拿起手机亮屏、双击亮屏、YOYO记忆、全局批注、翻转手机静音、拿起手机减弱音量、快速通话、电源键唤醒YOYO助理。
2. 智慧视觉：含智能抠图、文字提取、扫码、智能识别、翻译、文档扫描、卡证扫描。",手势导航（默认）、屏幕内三键导航、悬浮导航,支持2D人脸识别,5000万广角前摄：F2.0光圈、最大90°视角 备注：不同拍照模式的照片像素可能有差异，请以实际为准。,最大可支持3840×2160像素 备注：不同拍摄模式的视频像素可能有差异，请以实际为准。,最大可支持8192x6144像素 备注：不同拍照模式的照片像素可能有差异，请以实际为准。,"4K视频拍摄：30/60 FPS
2.8K视频拍摄：30/60 FPS
1080P视频拍摄：30/60 FPS
视频录制编码格式包括H.264
支持两焦段变焦（0.8x/1x）
支持EIS视频防抖
支持视频美肤
支持多镜录像
支持音频聚焦
支持立体声收音
支持蓝牙耳机收音","2亿像素灵巧云台主摄：3轴机械防抖，1/1.28英寸超大底感光元件，F1.6光圈，支持OIS光学防抖
2亿像素潜望式长焦摄像头：1/1.4英寸超大底感光元件，F2.6光圈，支持OIS光学防抖，2.7倍光学变焦，最大200倍数字变焦
5000万像素超广角摄像头：F2.0光圈，最大122°视角，100% Focus Pixels，2.5cm高清微距摄影
自研影像芯片 荣耀驭光H1
支持激光对焦传感器，色温传感器，Flicker传感器 备注：
1. 各镜头等效焦距属器件规格，各模式下可能存有差异，请以实际为准。
2. 不同拍照模式的照片像素可能有差异，请以实际为准。最高像素需进入“超清”拍照模式体验，请以实际为准。","2.7x 光学变焦
最大200倍数字变焦 备注：不同模式下可能有差异，请以实际为准。",最大可支持3840x2160像素 备注：不同拍摄模式的视频像素可能有差异，请以实际为准。,最大可支持16384x12288像素 备注：不同拍照模式的照片像素可能有差异，请以实际为准。,"录像云台闭合态：
4K 视频拍摄：30/60 /120 FPS
1080P视频拍摄：30/60 FPS
1080P慢动作视频：120/240FPS
视频录制编码格式包括H.264和HEVC
变焦范围最高可达0.5x-15x
广角主摄像头支持OIS视频防抖
长焦摄像头支持OIS视频防抖
超广角摄像头支持EIS视频防抖
支持视频美肤
支持音频变焦
支持立体声收音
支持蓝牙耳机收音
延时摄影模式最高可达4K
&nbsp;
录像云台展开态：
4K 视频拍摄：30/60 /120 FPS(120FPS仅横拍支持)
1080P视频拍摄：30/60 FPS
1080P慢动作视频：120/240FPS
视频录制编码格式包括H.264和HEVC
变焦范围最高可达1x-10x
支持视频美肤
支持音频变焦
支持立体声收音
支持蓝牙耳机收音
延时摄影模式最高可达4K
&nbsp;
ARRI电影云台闭合态：
4K 视频拍摄（LogC3）：24/25/30/50/60 FPS
&nbsp;
ARRI电影云台展开态：
4K 视频拍摄（LogC3）：24/25/30/50/60 FPS",人像模式、滤镜、笑脸抓拍、自拍镜像、声控拍照、定时拍摄、手势拍照、夜景模式、自拍环形补光、超清模式、多镜录像、前置合影,电子防抖、光学防抖、云台防抖,,,,,,,,,,2×Prime 4.6GHz+6×Performance 3.62GHz 备注：实际运行频率因应用负载智能调整。,第五代骁龙®️8至尊版移动平台,八核,Adreno™840,VoIP/CS通话AI降噪、蓝牙耳机远程录音、后摄4MIC录像音频变焦、前摄4MIC录像音频聚焦 备注：VoIP通话AI降噪和蓝牙耳机远程录音功能需配合相应的应用使用，请以实际体验为准。,支持,3gp、mp4,HONOR Sound,mp3、mp4、3gp、ogg、amr、aac、flac、wav、midi,9.59mm,72.86mm,约248克（含电池） 备注：实际尺寸/重量依配置、制造工艺、测量方法的不同可能有所差异。,151.43mm,"HDR峰值亮度：6800nits
全局峰值亮度：2000nits",巨犀玻璃,,FHD+ 1216 x 2640  像素 备注：该分辨率对应标准矩形，实际屏幕有效像素略少。,,,6.31英寸 备注：显示屏采用圆角设计，按照标准矩形测量屏幕的对角线长度为6.31英寸（实际可视区域略小）。,荣耀 AI 绿洲护眼：圆偏振光护眼2.0、4320Hz超高频PWM调光、干眼友好、离焦视力舒缓、护眼模式、类自然光护眼、助眠显示、自然色彩显示 备注：本产品非医疗器械，不具有治疗功能。,"显示技术：
HDR显示（图片和视频）、超动态显示、臻彩显示",OLED,真10.7亿色，DCI-P3广色域,多点触控，最多支持10点触控,"50W荣耀无线超级快充
支持无线反向充电 备注：最大支持50W无线超级快充，需单独购买充电规格不小于50W的荣耀超级快充无线充电器。实际充电功率会随不同场景智能变化，请以实际使用情况为准。",支持,"120W荣耀超级快充
手机支持最大20V/6A超级快充，兼容11V/6A或20V/3.3A或5V3A超级快充。 备注：实际充电功率会随不同场景智能变化，请以实际使用情况为准。需搭配原装有线超级快充充电器及原装充电线缆使用。",7060mAh（典型值） 备注：电池额定容量为 6880mAh。,锂离子聚合物电池（荣耀青海湖电池）,MagicOS 10（基于Android 16）,,荣耀优速通、环球行、智慧选网、Link Turbo X网络加速 备注：荣耀优速通功能在网络拥塞下根据使用场景智能生效，且限期免费使用，该功能实现与运营商业务部署相关，请以实际体验为准。,,"支持Wi-Fi 7（802.11 be），Wi-Fi 6（802.11 ax）和802.11 a/b/g/n/ac
支持2x2 MIMO，MLO，4096 QAM，160MHz，MU-MIMO，2.4G&5G双路并发
支持2.4GHz和5GHz WLAN
支持WLAN热点、WLAN直连 备注：Wi-Fi 7需要搭配相应的Wi-Fi 7路由器使用。","有线投屏和无线投屏
红外遥控
PC数据同步
视频通话（运营商和第三方软件）
OTG（反向供电时最大输出电流1A/5V）
数据线接口：USB Type-C，USB 3.2 GEN1，支持DP1.2
耳机接口：USB Type-C 备注：
1. 红外遥控支持遥控发射，不支持自学习功能。
2. 运营商视频通话功能因不同国家或地区运营商的支持情况而异，详情请咨询网络运营商。
3. USB 3.2 GEN1功能需搭配支持USB 3.2 GEN1的数据线（非标配，需另行购买）使用。
4. 标配数据线支持USB 2.0。",支持北斗(B1I+B1C+B2a+B2b四频)、GPS(L1+L5双频)、GLONASS(G1)、Galileo(E1+E5a+E5b三频)、QZSS(L1+L5双频)、NavIC(L1+L5双频)、A-GNSS,"蓝牙6.0，支持低功耗蓝牙(BLE)、LE Audio、Auracast
支持SBC、AAC、LDAC、aptX、aptX HD、aptX Adaptive、aptX Lossless、LC3、LHDC5.0/4.0/3.0
支持ASHA、LE Audio助听器协议"
荣耀600 Pro,数字系列,,honor-600-pro,https://www.honor.com/cn/phones/honor-600-pro/,48,"支持读/写模式、卡模拟模式（荣耀钱包，NFC-SIM，HCE） 备注：
1. NFC-SIM需放在SIM1卡槽使用。
2. NFC感应区在手机背部中上位置。","重力传感器、红外传感器、指纹传感器（超声波指纹)、陀螺仪、指南针、环境光传感器、接近光传感器、加速度传感器、霍尔传感器 备注：
1. 红外支持遥控发射，不支持自学习功能。
2、霍尔传感器支持霍尔做磁吸，不支持皮套。",,,,,,,,,,,,,,,,,,,,,,,,,,,,,,,,,,,,,,,,,,,,,,,,,,,,,,,,,,,,,,,,,,,,,,,,,,,,,,,,,,,,,,,,,,,,,,,,,,,,,,,,,,,,,,,,,,,,,,,,,,,,,,,,,,,,,,,,,,,,,,,,,,,,,,,,,,,,,,,,,,,,,,,,,,,,,,,AI换脸/变声检测、隐私时刻、手机盾、密码保险箱、模糊位置、隐私空间、隐私助手、反诈防护、应用锁、支付保护中心、平行空间 备注：AI换脸检测仅支持视频通话和会议场景，不支持直播/在线视频和离线视频与图片检测。,"YOYO智能体、AI换脸/变声识别、AI翻译、魔方个性化、互动主题、AI文档、AI笔记、灵动胶囊、魔法锁屏、荣耀任意门、全屏熄屏显示、桌面大文件夹自定义、YOYO记忆、平行空间、个人事务中心、YOYO助理、个性化锁屏、反诈防火墙、智慧识码、气息唤醒、YOYO建议、Magic 文本、OS Turbo X、GPU Turbo X、智慧互联、智慧运存、语音控制呼叫、多屏协同、电脑模式、智慧视觉、智慧识屏、全屏翻译、语音翻译、AI字幕、智慧多窗、深色模式、电子书模式、状态互动AOD、纯净文件管理、荣耀分享、快捷启动及手势、应用分身、换机克隆、名片扫描、备份与恢复、服务维修模式 备注：
1. 快捷启动及手势：含指关节截屏、双指关节录屏、拿起手机亮屏、双击亮屏、双击熄屏、YOYO记忆、全局批注、翻转手机静音、拿起手机减弱音量、电源键唤醒智慧语音。
2. 智慧视觉：含智能抠图、文字提取、扫码、智能识别、翻译、文档扫描、卡证扫描。",手势导航（默认）、屏幕内三键导航、悬浮导航,支持2D人脸识别,5000万像素广角摄像头（f/2.0光圈） 备注：不同拍照模式的照片像素可能有差异，请以实际为准。,最大可支持3840x2160像素 备注：不同拍摄模式的视频像素可能有差异，请以实际为准。,最大可支持8192x6144像素 备注：不同拍照模式的照片像素可能有差异，请以实际为准。,最大支持4K（3840x2160）视频录制,"2亿像素广角摄像头（f/1.9光圈，支持OIS光学防抖）
5000万像素潜望长焦（f/2.8光圈，支持OIS光学防抖）
1200万像素超广角微距摄像头（f/2.2光圈，支持自动对焦） 备注：不同拍照模式的照片像素可能有差异，请以实际为准。",最大120倍数字变焦。 备注：不同模式下可能有差异，请以实际为准。,最大可支持3840x2160像素 备注：不同拍摄模式的视频像素可能有差异，请以实际为准。,最大可支持16384x12288像素 备注：不同拍照模式的照片像素可能有差异，请以实际为准。,最大支持4K（3840x2160）视频录制,超清模式、动态照片、人像模式、夜景模式、滤镜、笑脸抓拍、自拍镜像、声控拍照、定时拍摄、手势拍照、水印、自拍环形补光、多镜录像等,电子防抖、光学防抖,,,,,,,,,,1×Cortex-A725 3.4GHz + 3×Cortex-A725 3.2GHz + 4×Cortex-A725 2.2GHz 备注：实际运行频率因应用负载智能调整。,天玑8550 Elite,八核,Mali-G720 MC8,VoIP/CS通话AI降噪、蓝牙耳机远程录音 备注：VoIP通话AI降噪和蓝牙耳机远程录音功能需配合相应的应用使用，请以实际体验为准。,支持,3gp、mp4,HONOR Sound,mp3、mp4、3gp、ogg、amr、aac、flac、wav、midi,7.88mm,74.8mm,约202g（含电池） 备注：实际尺寸/重量依配置、制造工艺、测量方法的不同可能有所差异。,156.1mm,800nits（典型值）1800nits（全局最大亮度）8000nits（峰值亮度） 备注：8000nits峰值亮度仅在相应视频源全屏下生效。,,,FHD+ 2728x1264像素 备注：该分辨率对应标准矩形，实际屏幕有效像素略少。,,,6.57英寸 备注：显示屏采用圆角设计，按照标准矩形测量屏幕的对角线长度为6.57英寸（实际可视区域略小）。,照明闪烁检测、3840Hz超高频PWM调光、离焦视力舒缓、自然色彩显示、护眼模式、类自然光护眼、助眠显示、AI舒适亮度调节、硬件级低蓝光 备注：本产品非医疗器械，不具有治疗功能。,HDR显示（图片和视频）、超动态显示、臻彩显示,AMOLED,真10.7亿色，DCI-P3广色域,多点触控，最多支持10点触控,支持50W荣耀无线超级快充，支持无线反向充电 备注：最大支持50W无线超级快充，需单独购买充电规格不小于50W的荣耀超级快充无线充电器。实际充电功率会随不同场景智能变化，请以实际使用情况为准。,支持,80W荣耀超级快充 备注：80W 荣耀超级快充，指充电器输出功率为 80W，实际充电功率会随不同场景智能变化，请以实际使用情况为准。需搭配原装有线超级快充充电器及原装充电线缆使用。,8000mAh（典型值） 备注：电池额定容量为 7800mAh。,锂离子聚合物电池（荣耀青海湖电池）,MagicOS 10（基于Android 16）,,,,"支持Wi-Fi 6（802.11 ax）和802.11 a/b/g/n/ac，
支持2x2 MIMO，160MHz，MU-MIMO，
支持2.4GHz和5GHz，
WLAN 支持WLAN热点、WLAN直连","无线投屏
红外遥控
PC数据同步
视频通话（运营商和第三方软件）
OTG（反向供电时最大输出电流1A/5V）
数据线接口：USB Type-C，USB 2.0
耳机接口：USB Type-C 备注：
1. 红外遥控支持遥控发射，不支持自学习功能。
2. 运营商视频通话功能因不同国家或地区运营商的支持情况而异，详情请咨询网络运营商。
3. 标配数据线支持USB 2.0。
4. 仅支持 Type-C 数字耳机。","支持北斗（B1I+B1C+B2a三频)、GPS（L1+L5双频)、GLONASS（G1)、Galileo（E1+E5a+E5b三频)、QZSS（L1+L5双频)、NavIC（L1+L5双频)、A-GNSS
支持蜂窝网络定位、WLAN网络定位",BT6.0，支持低功耗蓝牙（BLE)、LE Audio、Auracast，支持SBC、AAC、LDAC、aptX、aptXHD、LHDC3.0、LHDC4.0、LHDC5.0、LC3，支持ASHA、LE Audio助听器协议
荣耀600 超级版,数字系列,,honor-600,https://www.honor.com/cn/phones/honor-600/,47,"支持读/写模式、卡模拟模式（荣耀钱包，NFC-SIM，HCE） 备注：
1. NFC-SIM需放在SIM1卡槽使用。
2. NFC感应区在手机背部中上位置。",重力传感器、红外传感器、指纹传感器、陀螺仪、指南针、环境光传感器、接近光传感器（非实体器件，使用超声代替)、加速度传感器 备注：红外支持遥控发射，不支持自学习功能。,,,,,,,,,,,,,,,,,,,,,,,,,,,,,,,,,,,,,,,,,,,,,,,,,,,,,,,,,,,,,,,,,,,,,,,,,,,,,,,,,,,,,,,,,,,,,,,,,,,,,,,,,,,,,,,,,,,,,,,,,,,,,,,,,,,,,,,,,,,,,,,,,,,,,,,,,,,,,,,,,,,,,,,,,,,,,,,AI换脸/变声检测、隐私时刻、手机盾、密码保险箱、模糊位置、隐私空间、隐私助手、反诈防护、应用锁、支付保护中心、平行空间 备注：AI换脸检测仅支持视频通话和会议场景，不支持直播/在线视频和离线视频与图片检测。,"YOYO智能体、AI换脸/变声识别、AI翻译、魔方个性化、互动主题、AI文档、AI笔记、灵动胶囊、魔法锁屏、荣耀任意门、全屏熄屏显示、桌面大文件夹自定义、YOYO记忆、平行空间、个人事务中心、YOYO助理、个性化锁屏、反诈防火墙、智慧识码、气息唤醒、YOYO建议、Magic 文本、OS Turbo X、GPU Turbo X、智慧互联、智慧运存、语音控制呼叫、多屏协同、电脑模式、智慧视觉、智慧识屏、全屏翻译、语音翻译、AI字幕、智慧多窗、深色模式、电子书模式、状态互动AOD、纯净文件管理、荣耀分享、快捷启动及手势、应用分身、换机克隆、名片扫描、备份与恢复、服务维修模式 备注：
1. 快捷启动及手势：含指关节截屏、双指关节录屏、拿起手机亮屏、双击亮屏、双击熄屏、YOYO记忆、全局批注、翻转手机静音、拿起手机减弱音量、电源键唤醒智慧语音。
2. 智慧视觉：含智能抠图、文字提取、扫码、智能识别、翻译、文档扫描、卡证扫描。",手势导航（默认）、屏幕内三键导航、悬浮导航,支持2D人脸识别,5000万像素广角摄像头（f/2.0光圈） 备注：不同拍照模式的照片像素可能有差异，请以实际为准。,最大可支持3840x2160像素 备注：不同拍摄模式的视频像素可能有差异，请以实际为准。,最大可支持8192x6144像素 备注：不同拍照模式的照片像素可能有差异，请以实际为准。,最大支持4K（3840x2160）视频录制,"2亿像素广角摄像头（f/1.9光圈，支持OIS光学防抖）
1200万像素超广角微距摄像头（f/2.2光圈，支持自动对焦） 备注：不同拍照模式的照片像素可能有差异，请以实际为准。",最大30倍数字变焦。 备注：不同模式下可能有差异，请以实际为准。,最大可支持3840x2160像素 备注：不同拍摄模式的视频像素可能有差异，请以实际为准。,最大可支持16384x12288像素 备注：不同拍照模式的照片像素可能有差异，请以实际为准。,最大支持4K（3840x2160）视频录制,超清模式、动态照片、人像模式、夜景模式、滤镜、笑脸抓拍、自拍镜像、声控拍照、定时拍摄、手势拍照、水印、自拍环形补光等,电子防抖、光学防抖,,,,,,,,,,1×Cortex-A720 2.8GHz + 4×Cortex-A720 2.4GHz + 3×Cortex-A520 1.8GHz 备注：实际运行频率因应用负载智能调整。,第四代骁龙7移动平台,八核,Adreno 722,VoIP/CS通话AI降噪、蓝牙耳机远程录音 备注：VoIP通话AI降噪和蓝牙耳机远程录音功能需配合相应的应用使用，请以实际体验为准。,支持,3gp、mp4,HONOR Sound,mp3、mp4、3gp、ogg、amr、aac、flac、wav、midi,7.95mm,74.7mm,约201g（含电池） 备注：实际尺寸/重量依配置、制造工艺、测量方法的不同可能有所差异。,156.0mm,800nits（典型值）1800nits（全局最大亮度）8000nits（峰值亮度） 备注：8000nits峰值亮度仅在相应视频源全屏下生效。,,,FHD+ 2728x1264像素 备注：该分辨率对应标准矩形，实际屏幕有效像素略少。,,,6.57英寸 备注：显示屏采用圆角设计，按照标准矩形测量屏幕的对角线长度为6.57英寸（实际可视区域略小）。,照明闪烁检测、3840Hz超高频PWM调光、离焦视力舒缓、护眼模式、类自然光护眼、助眠显示、AI舒适亮度调节、硬件级低蓝光 备注：本产品非医疗器械，不具有治疗功能。,HDR显示（图片和视频）、超动态显示、臻彩显示,AMOLED,真10.7亿色，DCI-P3广色域,多点触控，最多支持10点触控,,支持,80W荣耀超级快充 备注：80W 荣耀超级快充，指充电器输出功率为 80W，实际充电功率会随不同场景智能变化，请以实际使用情况为准。需搭配原装有线超级快充充电器及原装充电线缆使用。,8600mAh（典型值） 备注：电池额定容量为 8400mAh。,锂离子聚合物电池（荣耀青海湖电池）,MagicOS 10（基于Android 16）,,,,"支持Wi-Fi 6（802.11 ax）和802.11 a/b/g/n/ac，
支持2x2 MIMO，4096 QAM，160MHz，MU-MIMO，
支持2.4GHz和5GHz，
WLAN 支持WLAN热点、WLAN直连","无线投屏
红外遥控
PC数据同步
视频通话（运营商和第三方软件）
OTG（反向供电时最大输出电流1A/5V）
数据线接口：USB Type-C，USB 2.0
耳机接口：USB Type-C 备注：
1. 红外遥控支持遥控发射，不支持自学习功能。
2. 运营商视频通话功能因不同国家或地区运营商的支持情况而异，详情请咨询网络运营商。
3. 标配数据线支持USB 2.0。
4. 仅支持 Type-C 数字耳机。","支持北斗（B1I+B1C+B2a+B2b四频)、GPS（L1+L5双频)、GLONASS（G1)、Galileo（E1+E5a+E5b三频)、QZSS（L1+L5双频)、NavIC（L1+L5双频)、A-GNSS
支持蜂窝网络定位、WLAN网络定位",BT5.4，支持低功耗蓝牙（BLE)、LE Audio、Auracast，支持SBC、AAC、LDAC、aptX、aptX HD、aptX Adaptive、aptX Lossless、LHDC3.0、LHDC4.0、LHDC5.0、LC3，支持ASHA、LE Audio助听器协议
荣耀600 元气版,数字系列,,honor-600-genki,https://www.honor.com/cn/phones/honor-600-genki/,47,"支持读/写模式、卡模拟模式（荣耀钱包，NFC-SIM，HCE） 备注：
1. NFC-SIM需放在SIM1卡槽使用。
2. NFC感应区在手机背部中上位置。","重力传感器、红外传感器、指纹传感器、陀螺仪、指南针、环境光传感器、接近光传感器（非实体器件，使用超声代替）、加速度传感器 备注：
1. 红外支持遥控发射，不支持自学习功能。",,,,,,,,,,,,,,,,,,,,,,,,,,,,,,,,,,,,,,,,,,,,,,,,,,,,,,,,,,,,,,,,,,,,,,,,,,,,,,,,,,,,,,,,,,,,,,,,,,,,,,,,,,,,,,,,,,,,,,,,,,,,,,,,,,,,,,,,,,,,,,,,,,,,,,,,,,,,,,,,,,,,,,,,,,,,,,,AI换脸/变声检测、隐私时刻、手机盾、密码保险箱、模糊位置、隐私空间、隐私助手、反诈防护、应用锁、支付保护中心、平行空间 备注：AI换脸检测仅支持视频通话和会议场景，不支持直播/在线视频和离线视频与图片检测。,"YOYO智能体、AI换脸/变声识别、AI翻译、魔方个性化、互动主题、AI文档、AI笔记、灵动胶囊、魔法锁屏、荣耀任意门、全屏熄屏显示、桌面大文件夹自定义、YOYO记忆、平行空间、个人事务中心、YOYO助理、个性化锁屏、反诈防火墙、智慧识码、气息唤醒、YOYO建议、Magic 文本、OS Turbo X、GPU Turbo X、智慧互联、智慧运存、语音控制呼叫、多屏协同、电脑模式、智慧视觉、智慧识屏、全屏翻译、语音翻译、AI字幕、智慧多窗、深色模式、电子书模式、状态互动AOD、纯净文件管理、荣耀分享、快捷启动及手势、应用分身、换机克隆、名片扫描、备份与恢复、服务维修模式 备注：
1. 快捷启动及手势：含指关节截屏、双指关节录屏、拿起手机亮屏、双击亮屏、双击熄屏、YOYO记忆、全局批注、翻转手机静音、拿起手机减弱音量、电源键唤醒智慧语音。
2. 智慧视觉：含智能抠图、文字提取、扫码、智能识别、翻译、文档扫描、卡证扫描。",手势导航（默认）、屏幕内三键导航、悬浮导航,支持2D人脸识别,5000万像素广角摄像头（f/2.0光圈） 备注：不同拍照模式的照片像素可能有差异，请以实际为准。,最大可支持3840x2160像素 备注：不同拍摄模式的视频像素可能有差异，请以实际为准。,最大可支持8192x6144像素 备注：不同拍照模式的照片像素可能有差异，请以实际为准。,最大支持4K（3840x2160）视频录制,"5000万像素广角摄像头（f/1.88光圈，支持OIS光学防抖）
1200万像素超广角微距摄像头（f/2.2光圈，支持自动对焦） 备注：不同拍照模式的照片像素可能有差异，请以实际为准。",最大20倍数字变焦 备注：不同模式下可能有差异，请以实际为准。,最大可支持3840x2160像素 备注：不同拍摄模式的视频像素可能有差异，请以实际为准。,最大可支持8192x6144像素 备注：不同拍照模式的照片像素可能有差异，请以实际为准。,最大支持4K（3840x2160）视频录制,动态照片、人像模式、夜景模式、滤镜、笑脸抓拍、自拍镜像、声控拍照、定时拍摄、手势拍照、水印、高像素模式、自拍环形补光等,电子防抖、光学防抖,,,,,,,,,,1×Cortex-A720 2.8GHz + 4×Cortex-A720 2.4GHz + 3×Cortex-A520 1.8GHz 备注：实际运行频率因应用负载智能调整。,第四代骁龙7移动平台,八核,Adreno 722,VoIP/CS通话AI降噪、蓝牙耳机远程录音 备注：VoIP通话AI降噪和蓝牙耳机远程录音功能需配合相应的应用使用，请以实际体验为准。,支持,3gp、mp4,HONOR Sound,mp3、mp4、3gp、ogg、amr、aac、flac、wav、midi,7.8mm,74.7mm,约190克（含电池） 备注：实际尺寸/重量依配置、制造工艺、测量方法的不同可能有所差异。,156.0mm,800nits（典型值）1800nits（全局最大亮度）8000nits（峰值亮度） 备注：8000nits峰值亮度仅在相应视频源全屏下生效。,,,FHD+ 2728x1264 像素 备注：该分辨率对应标准矩形，实际屏幕有效像素略少。,,,6.57英寸 备注：显示屏采用圆角设计，按照标准矩形测量屏幕的对角线长度为6.57英寸（实际可视区域略小）。,3840Hz超高频PWM调光、离焦视力舒缓、护眼模式、类自然光护眼、助眠显示、AI舒适亮度调节、硬件级低蓝光 备注：本产品非医疗器械，不具有治疗功能。,HDR显示（图片和视频）、超动态显示、臻彩显示,AMOLED,真10.7亿色，DCI-P3广色域,多点触控，最多支持10点触控,,支持,80W荣耀超级快充 备注：80W 荣耀超级快充，指充电器输出功率为 80W，实际充电功率会随不同场景智能变化，请以实际使用情况为准。需搭配原装有线超级快充充电器及原装充电线缆使用。,7000mAh（典型值） 备注：电池额定容量为 6800mAh。,锂离子聚合物电池,MagicOS 10（基于Android 16）,,,,"支持Wi-Fi 6（802.11 ax）和802.11 a/b/g/n/ac，
支持2x2 MIMO，4096 QAM，160MHz，MU-MIMO，
支持2.4GHz和5GHz，
WLAN 支持WLAN热点、WLAN直连","无线投屏
红外遥控
PC数据同步
视频通话（运营商和第三方软件）
OTG（反向供电时最大输出电流1A/5V）
数据线接口：USB Type-C，USB 2.0
耳机接口：USB Type-C 备注：
1. 红外遥控支持遥控发射，不支持自学习功能。
2. 运营商视频通话功能因不同国家或地区运营商的支持情况而异，详情请咨询网络运营商。
3. 标配数据线支持USB 2.0。
4. 仅支持 Type-C 数字耳机。","支持支持北斗（B1I+B1C）、GPS（L1）、GLONASS（G1）、Galileo（E1）、QZSS（L1）、NavIC（L1）、A-GNSS
支持蜂窝网络定位、WLAN网络定位",BT5.4，支持低功耗蓝牙（BLE）、LE Audio、Auracast ，支持SBC、AAC、LDAC、aptX、aptX HD、aptX Adaptive、aptX Lossless、LHDC3.0、LHDC4.0、LHDC5.0、LC3，支持ASHA、LE Audio助听器协议
荣耀Play11T,Play系列,,honor-play11t,https://www.honor.com/cn/phones/honor-play11t/,43,,,,,,,,,"цФпцМБ802.11 a/b/g/n/ac
цФпцМБ2.4GHzхТМ5GHz WLAN
цФпцМБWLANчГнчВ╣уАБWLANчЫ┤ш┐Ю хдЗц│ия╝ЪщЬАшжБчЫ╕х║ФчЪДш╖пчФ▒хЩицФпцМБуАВ",,,,,,,,,,,,,,,,,,,,,,,,,,,,,,,,,,,,,,,,,,,,,,,,,,,,,,,,,,,,,,,,,,,,,,,,,,,,,,,,,,,цФпцМБ,щЗНхКЫф╝ацДЯхЩиуАБцМЗч║╣ф╝ацДЯхЩия╝ИцФпцМБф╛зш╛╣цМЗч║╣)уАБцМЗхНЧщТИуАБчОпхвГхЕЙф╝ацДЯхЩиуАБцОеш┐СхЕЙф╝ацДЯхЩи,"цЧач║┐цКХх▒П
PCцХ░цНохРМцне
шзЖщвСщАЪшпЭя╝Иш┐РшРехХЖхТМчммф╕ЙцЦ╣ш╜пф╗╢я╝Й
OTGя╝ИхПНхРСф╛ЫчФ╡цЧ╢цЬАхдзш╛УхЗ║чФ╡ц╡Б1.5A/5Vя╝Й
цХ░цНоч║┐цОехПгя╝ЪUSB Type-Cя╝МUSB 2.0
шА│цЬ║цОехПгя╝ЪType-C хдЗц│ия╝Ъ
1уАБш┐РшРехХЖшзЖщвСщАЪшпЭхКЯшГ╜хЫаф╕НхРМхЫ╜хо╢цИЦхЬ░хМ║ш┐РшРехХЖчЪДцФпцМБцГЕхЖ╡шАМх╝Вя╝МшпжцГЕшп╖хТишпвч╜Сч╗Ьш┐РшРехХЖуАВ
2уАБ цаЗщЕНцХ░цНоч║┐цФпцМБUSB 2.0уАВ
3уАБцФпцМБType-CцХ░хнЧшА│цЬ║уАВ",500ф╕ЗхГПч┤ацСДхГПхд┤я╝Иf/2.2хЕЙхЬИя╝Й хдЗц│ия╝Ъф╕НхРМцЛНчЕзцибх╝ПчЪДчЕзчЙЗхГПч┤ахПпшГ╜цЬЙх╖ох╝Вя╝Мшп╖ф╗ехоЮщЩЕф╕║хЗЖуАВ,цЬАхдзхПпцФпцМБ1080├Ч1920хГПч┤а хдЗц│ия╝Ъф╕НхРМцЛНцСДцибх╝ПчЪДшзЖщвСхГПч┤ахПпшГ╜цЬЙх╖ох╝Вя╝Мшп╖ф╗ехоЮщЩЕф╕║хЗЖуАВ,цЬАхдзхПпцФпцМБ2592├Ч1944хГПч┤а хдЗц│ия╝Ъф╕НхРМцЛНчЕзцибх╝ПчЪДчЕзчЙЗхГПч┤ахПпшГ╜цЬЙх╖ох╝Вя╝Мшп╖ф╗ехоЮщЩЕф╕║хЗЖуАВ,цЬАщлШцФпцМБ1080P шзЖщвСх╜ХхИ╢,8.29mm,"1300ф╕ЗхГПч┤аф╕╗цСДя╝Иf/1.8хЕЙхЬИя╝Й хдЗц│ия╝Ъ
*ф╕НхРМцЛНчЕзцибх╝ПчЪДчЕзчЙЗхГПч┤ахПпшГ╜цЬЙх╖ох╝Вя╝Мшп╖ф╗ехоЮщЩЕф╕║хЗЖуАВ",10хАНцХ░хнЧхПШчДж,цЬАхдзхПпцФпцМБ1080├Ч1920хГПч┤а хдЗц│ия╝Ъф╕НхРМцЛНцСДцибх╝ПчЪДшзЖщвСхГПч┤ахПпшГ╜цЬЙх╖ох╝Вя╝Мшп╖ф╗ехоЮщЩЕф╕║хЗЖуАВ,цЬАхдзхПпцФпцМБ  4160├Ч3120хГПч┤а хдЗц│ия╝Ъф╕НхРМцЛНчЕзцибх╝ПчЪДчЕзчЙЗхГПч┤ахПпшГ╜цЬЙх╖ох╝Вя╝Мшп╖ф╗ехоЮщЩЕф╕║хЗЖуАВ,цЬАхдзхПпцФпцМБ1080PшзЖщвСх╜ХхИ╢ хдЗц│ия╝Ъф╕НхРМцЛНцСДцибх╝ПчЪДшзЖщвСхГПч┤ахПпшГ╜цЬЙх╖ох╝Вя╝Мшп╖ф╗ехоЮщЩЕф╕║хЗЖуАВ,AIцНвшД╕цгАц╡ЛуАБхпЖчаБф┐ЭщЩйчо▒уАБщЪРчзБхКйцЙЛуАБхПНшпИщШ▓цКдуАБх║ФчФищФБуАБцФпф╗Шф┐ЭцКдф╕нх┐ГуАБцЦЗф╗╢ф┐ЭхпЖцЯЬ,цФпцМБGPSуАБAGPSуАБGlonassуАБхМЧцЦЧуАБф╝╜хИйчХеуАБQZSS,75.9mm,,хЕих▒Ах│░хА╝ф║ох║жя╝Ъ1010nits,1604├Ч 720  хГПч┤а хдЗц│ия╝ЪшпехИЖш╛ичОЗхп╣х║ФцаЗхЗЖчЯйх╜вя╝МхоЮщЩЕх▒Пх╣ХцЬЙцХИхГПч┤ачХех░СуАВ,6.61шЛ▒хп╕ хдЗц│ия╝ЪцШ╛чд║х▒ПщЗЗчФихЬЖшзТшо╛шобя╝МцМЙчЕзцаЗхЗЖчЯйх╜вц╡ЛщЗПцЧ╢я╝Мх▒Пх╣ХчЪДхп╣шзТч║┐щХ┐х║жцШп6.61шЛ▒хп╕я╝ИхоЮщЩЕхПпшзЖхМ║хЯЯчХех░Пя╝ЙуАВ,цКдчЬ╝цибх╝ПуАБч▒╗шЗкчД╢хЕЙцКдчЬ╝ хдЗц│ия╝ЪцЬмф║зхУБщЭЮхМ╗чЦЧхЩицв░я╝Мф╕НхЕ╖цЬЙц▓╗чЦЧхКЯшГ╜уАВ,,TFT LCD,1670ф╕ЗшЙ▓,хдЪчВ╣шзжцОзя╝МцЬАхдЪцФпцМБ10чВ╣шзжцОз,,цЩощАЪцЛНчЕзуАБф║║хГПцибх╝ПуАБх╜ХхГПуАБц░┤хН░чнЙ,,,,,MagicOS 10.0я╝ИхЯ║ф║ОAndroid 16я╝Й,,,цФпцМБ,цФпцМБя╝ИцЬАхдз11V/4.1Aш╢Еч║зх┐лхЕЕя╝Йя╝МцФпцМБцЬЙч║┐хПНхРСхЕЕчФ╡ хдЗц│и: цЬЙч║┐ш╢Еч║зх┐лхЕЕщЬАцРнщЕНхОЯшгЕцЬЙч║┐ш╢Еч║зх┐лхЕЕхЕЕчФ╡хЩиф╕ОхЕЕчФ╡ч║┐ф╜┐чФиуАВхоЮщЩЕхЕЕчФ╡хКЯчОЗф╝ЪщЪПф╕НхРМхЬ║цЩпцЩ║шГ╜хПШхМЦя╝Мшп╖ф╗ехоЮщЩЕф╜┐чФицГЕхЖ╡ф╕║хЗЖуАВ,цФпцМБ,ф║║шД╕шзгщФБ/х║ФчФищФБ/х║ФчФихИЖш║л/хдЗф╗╜ф╕ОцБвхдН/цНвцЬ║хЕЛщЪЖ/чФ╡хнРф╣жцибх╝П/YOYOх╗║шоо/цМЗхЕ│шКВцИкх▒П/чБ╡хКишГ╢хЫК/чЖДх▒ПцШ╛чд║/AIхнЧх╣Х/YOYOшо░х┐Ж/AIч┐╗шпС,,,7500mAhя╝ИхЕ╕хЮЛхА╝я╝Й хдЗц│ия╝ЪчФ╡ц▒ащвЭхоЪхо╣щЗПф╕║ 7320mAhя╝ИхЖЕч╜оф╕НхПпцЛЖхН╕я╝ЙуАВ,щФВчж╗хнРшБЪхРИчЙйчФ╡ц▒а,,,,,,,"BT5.0я╝М
цФпцМБф╜ОхКЯшАЧшУЭчЙЩ(BLE)
цФпцМБSBCуАБAACуАБLDACя╝МAptXуАБAptX HDуАБLHDC5.0",,*.3gpуАБ*.mp4уАБ*.webmуАБ*.mkv,,,ч║ж205gя╝ИхРлчФ╡ц▒ая╝Й хдЗц│ия╝ЪхоЮщЩЕх░║хп╕/щЗНщЗПф╛ЭщЕНч╜оуАБхИ╢щАах╖ешЙ║уАБц╡ЛщЗПцЦ╣ц│ХчЪДф╕НхРМхПпшГ╜цЬЙцЙАх╖ох╝ВуАВ,цЙЛхК┐хп╝шИкуАБх▒Пх╣ХхЖЕф╕ЙщФохп╝шИкуАБцВмц╡охп╝шИк,163.9mm,,,HONOR Sound,*.mp3уАБ*.amrуАБ*.awbуАБ*.3gpуАБ*.mp4уАБ*.m4aуАБ*.aacуАБ*.wavуАБ*.oggуАБ*.flacуАБ*.mkv,,,,,,,,,,,,,,,,,,,,,,,,,,,,,,,,,,,,,,,,,,,,,,,2 ├Ч A78  2.3GHz + 6 ├Ч A55  1.95GHz хдЗц│ия╝ЪхоЮщЩЕш┐РшбМщвСчОЗхЫах║ФчФиш┤Яш╜╜цЩ║шГ╜ш░ГцХ┤уАВ,чммхЫЫф╗гщкБщ╛Щ4чз╗хКих╣│хП░,хЕлца╕,,,,Adreno 613,,,,,,,,,,,,,,,,,,,,,,,,,,,,,,,,,,
荣耀Magic V6,Magic系列,,honor-magic-v6,https://www.honor.com/cn/phones/honor-magic-v6/,51,"支持读/写模式、卡模拟模式（荣耀卡包，NFC-SIM，HCE） 备注：
1. NFC-SIM需放在SIM1卡槽使用。
2. NFC感应区在手机背部中上位置。",重力传感器、红外传感器、指纹传感器、霍尔传感器、加速度传感器、陀螺仪、指南针、气压计、环境光传感器、接近光传感器,,,,,,,,,,,,,,,,,,,,,,,,,,,,,,,,,,,,,,,,,,,,,,,,,,,,,,,,,,,,,,,,,,,,,,,,,,,,,,,,,,,,,,,,,,,,,,,,,,,,,,,,,,,,,,,,,,,,,,,,,,,,,,,,,,,,,,,,,,,,,,,,,,,,,,,,,,,,,,,,,,,荣耀自研射频增强芯片C1+,,,,,,,,,,,,AI换脸检测、安全存储、手机盾、密码保险箱、模糊位置、隐私助手、平行空间、反诈防火墙、应用锁、支付保护中心、隐私时刻、应用跳转弹窗提醒、窥屏防护,荣耀YOYO智能体、YOYO帮记、AI文档还原、AI情报官、AI翻译、AI制作PPT、AI编程、AI识屏、AI意图搜索（语义搜索、内容搜索）、AI魔法修图（一语消除物体、AI识别路人消除、反光消除、褶皱去除、人脸表情修复、人脸闭眼修复、AI超清、智能抠图、AI扩图）、AI字幕、AI翻译、AI通话助理、AI帮写、YOYO记忆（帮记日程、帮记账号、帮记屏幕内容）、AI图生视频、荣耀全品牌分享、荣耀换机克隆、AI晕动舒缓显示、AI声纹降噪、智慧隐私通话、振动增强 备注：YOYO智能体部分新功能需OTA升级支持，功能持续不断升级，具体功能使用方法详见官方服务支持网站或咨询官方客服。,手势导航（默认）、屏幕内三键导航、悬浮导航,支持2D人脸识别,"2000万像素广角摄像头（f/2.2光圈，内屏）
2000万像素广角摄像头（f/2.2光圈，外屏） 备注：不同拍照模式的照片像素可能有差异，请以实际为准。",最大可支持3840×2160像素 备注：不同拍摄模式的视频像素可能有差异，请以实际为准。,最大可支持5120x3840像素 备注：不同拍照模式的照片像素可能有差异，请以实际为准。,最大支持3840 × 2160视频录制,"5000万像素广角摄像头（f/1.6光圈） 
5000万像素超广角摄像头（f/2.2光圈） 
6400万像素潜望式长焦摄像头（f/2.5 光圈） 
支持激光对焦，支持后置色温传感器 备注：不同拍照模式的照片像素可能有差异，请以实际为准。","支持 3 倍光学变焦（3 倍变焦为近似值，镜头焦段分别为 23 mm，15 mm，70 mm）
支持100 倍数字变焦 备注：不同模式下可能有差异，请以实际为准。",最大可支持3840x2160像素 备注：不同拍摄模式的视频像素可能有差异，请以实际为准。,最大可支持9216×6912像素 备注：不同拍照模式的照片像素可能有差异，请以实际为准。,最大支持3840×2160视频录制，支持防抖,人像模式、滤镜、笑脸抓拍、自拍镜像、声控拍照、定时拍摄、手势拍照、夜景模式、自拍环形补光,电子防抖、光学防抖,,,,,,,,,,2×Prime 4.6GHz+6×Performance 3.62GHz 备注：实际运行频率因应用负载智能调整。,第五代骁龙®️8至尊版移动平台,八核,Adreno™840,通话降噪模式（环境声降噪/AI声纹降噪）、蓝牙耳机远程录音、后摄3MIC录像音频变焦、前摄3MIC录像音频聚焦 备注：环境音降噪、AI声纹降噪和蓝牙耳机远程录音功能需配合相应的应用使用，请以实际体验为准。,支持,3gp、mp4,HONOR Sound,mp3、mp4、3gp、ogg、amr、aac、flac、wav、midi,"雪域白版本：
折叠态：8.75mm
展开态：4.0mm

其他颜色版本：
折叠态：9mm
展开态：4.1mm","折叠态：74.5mm
展开态：145.6mm","雪域白版本：约219克（含电池）
其他颜色版本：约224克（含电池） 备注：实际尺寸/重量依配置、制造工艺、测量方法的不同可能有所差异。",156.7mm,"HDR峰值亮度：
外屏6000nits/内屏5000nits
全局峰值亮度：
外屏2000nits/内屏1300nits
最低亮度：
内屏1nit/外屏1nit",黑钻屏,,"内屏：2352x2172像素
外屏：2420×1080像素 备注：该分辨率对应标准矩形，实际屏幕有效像素略少。",,,"内屏：7.95英寸
外屏：6.52英寸 备注：显示屏采用圆角设计，按照标准矩形测量时，内屏屏幕的对角线长度是7.95英寸（实际可视区域略小），外屏屏幕的对角线长度是6.52英寸（实际可视区域略小）。",荣耀绿洲护眼：类自然光护眼、AI助眠显示、硬件级低蓝光、自然色彩显示、内外低反射抗眩光、高频PWM低波动模式、AI干眼友好、AI离焦双舒缓、AI视觉健康管理与个性化、AI晕动舒缓显示 备注：本产品非医疗器械，不具有治疗功能。,"显示技术：
全域低功耗LTPO护眼屏","内屏：可折叠柔性OLED屏
外屏：OLED",10.7亿色，DCI-P3广色域,多点触控，最多支持10点触控,66W荣耀无线超级快充 备注：无线超级快充需单独购买相应的荣耀超级快充无线充电器使用。实际充电功率会随不同场景智能变化，请以实际使用情况为准。,支持,80W荣耀超级快充 备注：实际充电功率会随不同场景智能变化，请以实际使用情况为准。需搭配原装有线超级快充充电器及原装充电线缆使用。,"16GB+1TB 版本：7150mAh（典型值）
其他版本：6850mAh（典型值） 备注：荣耀Magic V6 16GB+1TB 版本使用新一代青海湖刀片电池方案，电池容量典型值为 7150mAh，额定值为 7000mAh；其他存储版本使用新一代青海湖电池方案，电池容量典型值为 6850mAh，额定值为 6700mAh。",锂聚合物电池（荣耀青海湖电池）,MagicOS 10（基于Android 16）,,"荣耀优速通、环球行、智慧选网、Link Turbo X网络加速、北斗卫星短信 备注：
1. 荣耀优速通功能在网络拥塞下根据使用场景智能生效，且限期免费使用，该功能实现与运营商业务部署相关，请以实际体验为准。
2. 荣耀Magic V6 16GB+1TB版本支持北斗卫星短信业务，需提前通过北斗卫星短信业务运营商开通该服务。",,"支持Wi-Fi 7（802.11 be），Wi-Fi 6（802.11 ax）和802.11 a/b/g/n/ac
支持2x2 MIMO，MLO，4096 QAM，160MHz，MU-MIMO，2.4G&5G双路并发
支持2.4GHz和5GHz WLAN 支持WLAN热点、WLAN直连。 备注：Wi-Fi 7需要搭配相应的Wi-Fi 7路由器使用。","无线投屏
红外遥控
PC数据同步
视频通话（运营商和第三方软件）
OTG（反向供电时最大输出电流1A/5V）
数据线接口：USB Type-C，USB 3.2 GEN1，支持DP1.2
耳机接口：USB Type-C 备注：
1. 红外遥控支持遥控发射，不支持自学习功能
2. 运营商视频通话功能因不同国家或地区运营商的支持情况而异，详情请咨询网络运营商。
3. USB 3.2 GEN1功能需搭配支持USB 3.2 GEN1的数据线（非标配，需另行购买）使用。","支持北斗（B1I+B1C+B2a+B2b四频）、GPS（L1+L5双频）、GLONASS（G1）、Galileo（E1+E5a+E5b三频）、QZSS（L1+L5双频）、NavIC（L1+L5双频）、A-GNSS
支持蜂窝网络定位、WLAN网络定位。","Bluetooth 6.0，支持低功耗蓝牙（BLE）、LE Audio、Auracast
支持SBC、AAC、LDAC、aptX、aptX HD、aptX Adaptive、aptX Lossless、LC3、LHDC5.0/4.0/3.0
支持ASHA、LE Audio助听器协议 备注：高清音频编解码，需要对端蓝牙设备也支持。"
荣耀Magic8 Pro Air,Magic系列,,honor-magic8-pro-air,https://www.honor.com/cn/phones/honor-magic8-pro-air/,50,"支持读/写模式、卡模拟模式（荣耀钱包，NFC-SIM，HCE） 备注：
1. NFC-SIM需放在SIM1卡槽使用。
2. NFC感应区在手机背部上方位置。",重力传感器、红外传感器、指纹传感器、陀螺仪、指南针、环境光传感器、接近光传感器、加速度传感器,,,,,,,,,,,,,,,,,,,,,,,,,,,,,,,,,,,,,,,,,,,,,,,,,,,,,,,,,,,,,,,,,,,,,,,,,,,,,,,,,,,,,,,,,,,,,,,,,,,,,,,,,,,,,,,,,,,,,,,,,,,,,,,,,,,,,,,,,,,,,,,,,,,,,,,AI 键,,,,,,,,,,,,,,,,,,,,,,,,AI换脸检测、手机盾、密码保险箱、模糊位置、隐私助手、平行空间、反诈防火墙、应用锁、支付保护中心、隐私时刻、应用跳转弹窗提醒，通话反诈,YOYO智能体、AI换脸识别、魔方个性化、灵动胶囊、魔法锁屏、荣耀任意门、全屏熄屏显示、桌面大文件夹自定义、收藏空间、平行空间、个人事务中心、YOYO助理、个性化锁屏、反诈防火墙、气息唤醒、YOYO建议、Magic 文本、OS Turbo X、GPU Turbo X、智慧互联、智慧运存、语音控制呼叫、多屏协同、电脑模式、智慧视觉、智慧识屏、全屏翻译、语音翻译、AI字幕、智慧多窗、深色模式、电子书模式、纯净文件管理、荣耀分享、快捷启动及手势、应用分身、换机克隆备份与恢复、服务维修模式,手势导航（默认）、屏幕内三键导航、悬浮导航,支持2D人脸识别,5000万像素摄像头、ƒ/2.0光圈 备注：不同拍照模式的照片像素可能有差异，请以实际为准,最大可支持 3840x2160像素 备注：不同拍摄模式的视频像素可能有差异，请以实际为准。,最大可支持8192x6144 备注：不同拍照模式的照片像素可能有差异，请以实际为准。,"最大支持4K（3840*2160）视频录制
 4K视频拍摄：30/60 fps
 1080P视频拍摄：30/60 fps
 720P视频拍摄：30/60 fps 
 视频录制格式包括H.264和HEVC
 支持两焦段变焦（0.8x/1x） 
 支持EIS视频防抖 
 支持视频美肤  
 支持立体声收音 
 支持蓝牙耳机收音","5000万像素主摄摄像头：1/1.3英寸超大底感光元件、ƒ/1.6超大光圈、等效23毫米焦距、支持OIS光学防抖、支持四合一2.4μm大像素输出
5000万像素超广角摄像头：ƒ/2.2光圈、等效16毫米焦距、最大112°视角、2.5cm高清微距摄影
6400万像素潜望式长焦摄像头：3.2x光学变焦、ƒ/2.6 光圈、等效74毫米焦距、支持OIS光学防抖、最高可达100倍数码变焦
色温传感器
Flicker传感器 备注：1、各镜头等效焦距属器件规格，各模式下可能存有差异，请以实际为准。2、不同拍照模式的照片像素可能有差异，请以实际为准。","最大支持100x数字变焦
最大支持3.2x光学变焦",最大可支持3840×2160像素 备注：不同拍摄模式的视频像素可能有差异，请以实际为准。,最大可支持 9216x6912像素 备注：不同拍照模式的照片像素可能有差异，请以实际为准。,"最大支持4K（3840×2160）视频录制
4K 视频拍摄：30/60 fps
1080P视频拍摄：30/60 fps
720P视频拍摄：30/60 fps
1080P慢动作视频：120/240 fps
延时摄影模式最高可达4K
视频录制格式包括H.264和HEVC
变焦范围最高可达0.7x-10x
主摄摄像头支持EIS+OIS视频防抖
长焦摄像头支持EIS+OIS视频防抖
超广角摄像头支持EIS视频防抖
支持视频美肤
支持视频虚化：1080P/720P 30fps",人像模式、滤镜、笑脸抓拍、自拍镜像、声控拍照、定时拍摄、手势拍照、夜景模式、自拍环形补光、高像素模式,电子防抖、光学防抖,,,,,,,,,,1 x C1-Ultra 4.21GHz+3 x C1-Premium 3.5GHz+4 x C1-Pro 2.7GHz 备注：实际运行频率因应用负载智能调整,天玑 9500,八核,Mali G1-Ultra MC12,VoIP/CS通话AI降噪、蓝牙耳机远程录音 备注：VoIP通话AI降噪和蓝牙耳机远程录音功能需配合相应的应用使用，请以实际体验为准。,支持,3gp、mp4,HONOR Sound,mp3、mp4、3gp、ogg、amr、aac、flac、wav、midi,6.1mm,71.9mm,约155克（含电池） 备注：实际尺寸/重量依配置、制造工艺、测量方法的不同可能有所差异。,150.5mm,"最高峰值亮度：6000nits
全局峰值亮度：1800nits
最低亮度：1nit",巨犀玻璃,,2640x1216,,,6.31英寸 备注：显示屏采用圆角设计，按照标准矩形测量时，屏幕的对角线长度是 6.31 英寸（实际可视区域略小）。,荣耀绿洲护眼屏、护眼统计、护眼监测、个性化显示、4320Hz超高频PWM调光、干眼友好、离焦视力舒缓、自然色彩显示、AI舒适亮度调节、助眠显示、类自然光护眼、护眼模式 备注：本产品非医疗器械，不具有治疗功能。,HDR显示（图片和视频）、超动态显示、臻彩显示,OLED,真10.7亿色，DCI-P3广色域,多点触控，最多支持10点触控,50W荣耀无线超级快充，支持无线反向充电。 备注：最大支持50W无线超级快充，需单独购买充电规格不小于50W的荣耀超级快充无线充电器。实际充电功率会随不同场景智能变化，请以实际使用情况为准。,支持,80W荣耀超级快充 备注：最大支持80W有线超级快充，需搭配原装有线超级快充充电器及原装充电线缆使用。充电套装是否需要单独购买请以实际包装清单为准。实际充电功率会随不同场景智能变化，请以实际使用情况为准。,5500mAh（典型值） 备注：电池额定容量为 5370mAh,锂离子聚合物电池,MagicOS 10（基于Android 16）,,,,"支持Wi-Fi 7（802.11 be），Wi-Fi 6（802.11 ax）和802.11 a/b/g/n/ac
 支持2x2 MIMO，1024 QAM，160MHz，MU-MIMO
 支持2.4GHz和5GHz WLAN
 支持WLAN热点、WLAN直连","无线投屏
红外遥控
PC数据同步
视频通话
OTG（反向供电时最大输出电流1A/5V）
数据线接口：Type-C，USB 2.0
耳机接口：Type C 备注：仅支持Type-C数字耳机","支持北斗（B1I+B1C+B2a+B2b四频）、GPS（L1+L5双频）、GLONASS（G1）、Galileo（E1+E5a+E5b三频）、QZSS（L1+L5双频）、NavIC（L5）、A-GNSS
支持蜂窝网络定位、WLAN网络定位 备注：NavIC需要插入印度运营商SIM卡。",蓝牙6.0，支持BLE、LE Audio、 Auracast、SBC、AAC、LDAC、aptx、aptx HD、LC3、LHDC5.0
荣耀Magic8 RSR | 保时捷设计,Magic系列,,honor-magic8-rsr-porsche-design,https://www.honor.com/cn/phones/honor-magic8-rsr-porsche-design/,51,"NFC
支持读/写模式、卡模拟模式（荣耀钱包，NFC-SIM，HCE） 备注：
1. NFC-SIM需放在SIM1卡槽使用。
2. NFC感应区在手机背部中上位置。",重力传感器、红外传感器、指纹传感器、陀螺仪、指南针、气压计、环境光传感器、接近光传感器、霍尔传感器、加速度传感器,,,,,,,,,,,,,,,,,,,,,,,,,,,,,,,,,,,,,,,,,,,,,,,,,,,,,,,,,,,,,,,,,,,,,,,,,,,,,,,,,,,,,,,,,,,,,,,,,,,,,,,,,,,,,,,,,,,,,,,,,,,,,,,,,,,,,,,,,,,,,,,,,,,,,,,,,,,,,,,,,,,自研射频增强芯片 HONOR C1+,,,,,,,,,,,,AI换脸检测、智慧隐私通话、双TEE安全系统、手机盾、密码保险箱、模糊位置、隐私助手、平行空间、反诈防火墙、应用锁、支付保护中心、隐私时刻、应用跳转弹窗提醒，通话反诈,"YOYO智能体、AI换脸识别、AI翻译、魔方个性化、魔法形象、互动主题、AI文档、YOYO记忆、AI笔记、灵动胶囊、魔法锁屏、荣耀任意门、全屏熄屏显示、智慧摆台、桌面大文件夹自定义、平行空间、个人事务中心、YOYO助理、个性化锁屏、反诈防火墙、隔空滑动屏幕、隔空截屏、气息唤醒、YOYO建议、Magic 文本、OS Turbo X、GPU Turbo X、智慧互联、智慧运存、语音控制呼叫、多屏协同、电脑模式、智慧视觉、智慧识屏、全屏翻译、语音翻译、AI字幕、智慧多窗、深色模式、电子书模式、状态互动AOD、纯净文件管理、注视不熄屏、注视来电音量减弱、荣耀分享、快捷启动及手势、应用分身、换机克隆、名片扫描、备份与恢复、服务维修模式 备注：
1. 快捷启动及手势：含指关节截屏、双指关节录屏、拿起手机亮屏、双击亮屏、全局收藏、全局批注、翻转手机静音、拿起手机减弱音量、快速通话、电源键唤醒YOYO助理。

2. 智慧视觉：含智能抠图、文字提取、扫码、智能识别、翻译、文档扫描、卡证扫描。",手势导航（默认）、屏幕内三键导航、悬浮导航,支持3D人脸识别,"5000万广角前摄：ƒ/2.0光圈、最大90°视角
3D深感摄像头 备注：不同拍照模式的照片像素可能有差异，请以实际为准。",最大可支持3840x2160像素 备注：不同拍摄模式的视频像素可能有差异，请以实际为准。,最大可支持8192x6144像素 备注：不同拍照模式的照片像素可能有差异，请以实际为准。,"4K视频拍摄：30/60 FPS
1080P视频拍摄：30/60 FPS
720P视频拍摄：30/60 FPS
视频录制编码格式包括H.264
支持两焦段变焦（0.8x/1x）
支持EIS视频防抖
支持视频美肤
支持多镜录像
支持音频聚焦
支持立体声收音
支持蓝牙耳机收音","5000万超夜神主摄：1/1.3英寸超大底感光元件、ƒ/1.6光圈、100% Focus Pixels、支持OIS光学防抖、支持四合一2.4μm大像素输出

5000万超广角：ƒ/2.0光圈、最大122°视角、100% Focus Pixels，2.5cm高清微距摄影
2亿超夜神长焦：潜望式长焦、1/1.4英寸超大底感光元件、ƒ/2.6 光圈、100% Focus Pixels、支持OIS光学防抖、3.7x光学变焦、最高可达200倍数字变焦

色温传感器
Flicker传感器
激光对焦传感器 备注：
1. 各镜头等效焦距属器件规格，各模式下可能存有差异，请以实际为准。
2. 不同拍照模式的照片像素可能有差异，请以实际为准。最高像素需进入“高像素”拍照模式体验，请以实际为准。","3.7x 光学变焦
最大200倍数字变焦 备注：不同模式下可能有差异，请以实际为准。",最大可支持3840x2160像素 备注：不同拍摄模式的视频像素可能有差异，请以实际为准。,最大可支持16320x12288像素 备注：不同拍照模式的照片像素可能有差异，请以实际为准。,"4K 视频拍摄：30/60 /120 FPS
1080P视频拍摄：30/60 FPS
720P视频拍摄：30/60 FPS
4K夜景录像模式：24FPS
1080P夜景录像模式：24FPS
1080P慢动作视频：120/240FPS
视频录制编码格式包括H.264和HEVC
变焦范围最高可达0.5x-15x
广角主摄像头支持OIS视频防抖
长焦摄像头支持OIS视频防抖
超广角摄像头支持EIS视频防抖
支持视频美肤
支持音频变焦
支持立体声收音
支持蓝牙耳机收音
延时摄影模式最高可达4K",人像模式、滤镜、笑脸抓拍、自拍镜像、声控拍照、定时拍摄、手势拍照、夜景模式、自拍环形补光、高像素模式、多镜录像,电子防抖、光学防抖,,,,,,,,,,2×Prime 4.6GHz+6×Performance 3.62GHz 备注：实际运行频率因应用负载智能调整。,第五代骁龙®️8至尊版移动平台,八核,Adreno™840,VoIP/CS通话AI降噪、蓝牙耳机远程录音、后摄3MIC录像音频变焦、前摄3MIC录像音频聚焦 备注：VoIP通话AI降噪和蓝牙耳机远程录音功能需配合相应的应用使用，请以实际体验为准。,支持,3gp、mp4,HONOR Sound 备注：荣耀AI环绕低音炮。,mp3、mp4、3gp、ogg、amr、aac、flac、wav、midi,8.45mm,75mm,约239g（含电池） 备注：实际尺寸/重量依配置、制造工艺、测量方法的不同可能有所差异。,161.15mm,"HDR峰值亮度：6000nits
全局峰值亮度：1800nits",巨犀玻璃,,FHD+ 1256x2808像素 备注：该分辨率对应标准矩形，实际屏幕有效像素略少。,,,6.71英寸 备注：显示屏采用圆角设计，按照标准矩形测量时，屏幕的对角线长度是6.71英寸（实际可视区域略小）。,圆偏振光护眼2.0、4320Hz超高频PWM调光、干眼友好、离焦视力舒缓、护眼模式、类自然光护眼、助眠显示、自然色彩显示 备注：本产品非医疗器械，不具有治疗功能。,"显示技术：
HDR显示（图片和视频）、超动态显示、臻彩显示、1~120Hz LTPO自适应动态刷新率",OLED,真10.7亿色，DCI-P3广色域,多点触控，最多支持10点触控,80W荣耀无线超级快充，支持无线反向充电。 备注：最大支持80W无线超级快充，需单独购买充电规格不小于80W的荣耀超级快充无线充电器。实际充电功率会随不同场景智能变化，请以实际使用情况为准。,支持,120W荣耀超级快充 备注：最大支持120W有线超级快充，需搭配原装有线超级快充充电器及原装充电线缆使用。充电套装是否需要单独购买请以实际包装清单为准。实际充电功率会随不同场景智能变化，请以实际使用情况为准。,7200mAh（典型值） 备注：电池额定容量为7020mAh（内置不可拆卸）。,锂离子聚合物电池,MagicOS 10（基于Android 16）,,荣耀优速通、环球行、智慧选网、Link Turbo X网络加速、北斗卫星短信、天通卫星通信 备注：荣耀优速通功能在网络拥塞下根据使用场景智能生效，且限期免费使用，该功能实现与运营商业务部署相关，请以实际体验为准。,,"支持Wi-Fi 7（802.11 be），Wi-Fi 6（802.11 ax）和802.11 a/b/g/n/ac
支持2x2 MIMO，MLO，4096 QAM，160MHz，MU-MIMO，2.4G&5G双路并发
支持2.4GHz和5GHz WLAN
支持WLAN热点、WLAN直连 备注：Wi-Fi 7需要搭配相应的Wi-Fi 7路由器使用。","无线投屏
红外遥控
PC数据同步
视频通话（运营商和第三方软件）
OTG（反向供电时最大输出电流1A/5V）
数据线接口：USB Type-C，USB 3.2 GEN1，支持DP1.2
耳机接口：USB Type-C 备注：
1. 红外遥控支持遥控发射，不支持自学习功能。
2. 运营商视频通话功能因不同国家或地区运营商的支持情况而异，详情请咨询网络运营商。
3. USB 3.2 GEN1功能需搭配支持USB 3.2 GEN1的数据线（非标配，需另行购买）使用。
4. 标配数据线支持USB 2.0。","支持北斗(B1I+B1C+B2a+B2b四频)、GPS(L1+L5双频)、GLONASS(G1)、Galileo(E1+E5a+E5b三频)、QZSS(L1+L5双频)、NavIC(L1+L5双频)、A-GNSS
支持蜂窝网络定位、WLAN网络定位","蓝牙6.0，支持低功耗蓝牙(BLE)、LE Audio、Auracast
支持SBC、AAC、LDAC、aptX、aptX HD、aptX Adaptive、aptX Lossless、LC3、LHDC5.0
支持ASHA、LE Audio助听器协议"
荣耀Magic V Flip2,Magic系列,,honor-magic-v-flip2,https://www.honor.com/cn/phones/honor-magic-v-flip2/,49,"支持读/写模式、卡模拟模式（荣耀钱包，NFC-SIM，HCE） 备注：
1. 读/写模式仅展开态支持；
2. NFC-SIM需放在SIM1卡槽使用；
3. 支付宝一碰支付在展开/折叠态均支持；
4. 天线位置可以通过设置>更多连接>NFC查看，或长按NFC开关查看。",重力传感器、红外传感器、指纹传感器、加速度传感器、陀螺仪、指南针、环境光传感器、接近光传感器,,,,,,,,,,,,,,,,,,,,,,,,,,,,,,,,,,,,,,,,,,,,,,,,,,,,,,,,,,,,,,,,,,,,,,,,,,,,,,,,,,,,,,,,,,,,,,,,,,,,,,,,,,,,,,,,,,,,,,,,,,,,,,,,,,,,,,,,,,,,,,,,,,,,,,,,,,,,,,,,,,,荣耀自研射频增强芯片HONOR C1+,,,,,,,,,,,,AI换脸检测、手机盾、密码保险箱、模糊位置、隐私空间、隐私助手、反诈防护、应用锁、支付保护中心、平行空间 备注：AI换脸检测仅支持视频通话场景AI换脸识别，不支持直播场景AI换脸识别。,"YOYO智能体、AI换脸识别、AI翻译、魔方个性化、魔法形象、互动主题、AI文档、AI笔记、灵动胶囊、魔法锁屏、荣耀任意门、全屏熄屏显示、桌面大文件夹自定义、YOYO记忆、平行空间、个人事务中心、YOYO助理、个性化锁屏、反诈防火墙、隔空滑动屏幕、隔空截屏、气息唤醒、YOYO建议、Magic 文本、OS Turbo X、GPU Turbo X、智慧互联、智慧运存、语音控制呼叫、多屏协同、电脑模式、智慧视觉、智慧识屏、全屏翻译、语音翻译、AI字幕、智慧多窗、深色模式、电子书模式、状态互动AOD、纯净文件管理、注视不熄屏、注视来电音量减弱、荣耀分享、快捷启动及手势、应用分身、换机克隆、名片扫描、备份与恢复、服务维修模式、通话助理。 备注：
1. 快捷启动及手势：含指关节截屏、双指关节录屏、拿起手机亮屏、双击亮屏、YOYO记忆、全局批注、翻转手机静音、拿起手机减弱音量、电源键唤醒智慧语音。
2. 智慧视觉：含智能抠图、文字提取、扫码、智能识别、翻译、文档扫描、卡证扫描。
3. 通话助理OTA升级后支持。",手势导航（默认）、屏幕内三键导航、悬浮导航,支持2D人脸识别,5000万像素写真摄像头（f/2.0光圈，内屏） 备注：不同拍照模式的照片像素可能有差异，请以实际为准。,最大可支持3840×2160像素 备注：不同拍摄模式的视频像素可能有差异，请以实际为准。,最大可支持8192×6144像素 备注：不同拍照模式的照片像素可能有差异，请以实际为准。,最大支持3840 × 2160视频录制,"2亿像素主摄像头(f/1.9光圈，支持OIS光学防抖)
5000万像素超广角微距摄像头(f/2.0光圈) ，支持自动对焦 备注：不同拍照模式的照片像素可能有差异，请以实际为准。",最大30倍数字变焦 备注：不同模式下可能有差异，请以实际为准。,最大可支持3840×2160像素 备注：不同拍摄模式的视频像素可能有差异，请以实际为准。,最大可支持16384×12288像素 备注：不同拍照模式的照片像素可能有差异，请以实际为准。,最大支持3840×2160视频录制，支持视频防抖,动态照片、人像模式、滤镜、笑脸抓拍、自拍镜像、声控拍照、定时拍摄、手势拍照、夜景模式、水印模式、高像素模式、多镜录像,电子防抖、光学防抖,,,,,,,,,,1×Cortex-X4 3.3GHz+3×Cortex-A720 3.2GHz+2×Cortex-A720 3.0GHz+2×Cortex-A520 2.3GHz 备注：实际运行频率因应用负载智能调整。,第三代骁龙8移动平台,八核,Adreno 750,VoIP视频通话AI降噪、蓝牙耳机远程录音 备注：VoIP视频通话AI降噪和蓝牙耳机远程录音功能需配合相应的应用使用，请以实际体验为准。,支持,3gp/mp4,HONOR Sound,mp3/mp4/3gp/ogg/amr/aac/flac/wav/midi,"展开态：6.9 mm
折叠态：15.5 mm","展开态：75.6 mm
折叠态：75.6 mm",约204克（含电池） 备注：实际尺寸/重量依配置、制造工艺、测量方法的不同可能有所差异。,"展开态：167.1 mm
折叠态：86.2 mm","HDR峰值亮度：外屏3600nits/内屏5000nits
全局峰值亮度：外屏2800nits/内屏1800nits",,,"外屏：1200×1092像素
内屏：2868×1232像素 备注：该分辨率对应标准矩形，实际屏幕有效像素略少。",,,"外屏：4.0英寸
内屏：6.82英寸 备注：显示屏采用圆角设计，按照标准矩形测量内屏屏幕的对角线长度为6.82英寸（实际可视区域略小），外屏屏幕的对角线长度是4.0英寸（实际可视区域略小）。","外屏：3840Hz超高频PWM调光、AI离焦视力舒缓、AI助眠显示、AI干眼友好、类自然光护眼、硬件级低蓝光、极暗模式
内屏：4320Hz超高频PWM调光、AI离焦视力舒缓、AI助眠显示、AI干眼友好、晕动舒缓显示、类自然光护眼、360°自适应调光、硬件级低蓝光、极暗模式 备注：本产品非医疗器械，不具有治疗功能。外屏AI干眼友好仅支持显示效果自适应调整。",HDR显示（图片和视频）、超动态显示、臻彩显示,OLED,10.7亿色，DCI-P3广色域,多点触控，最多支持10点触控,50W荣耀无线超级快充，支持无线反向充电 备注：最大支持50W无线超级快充，需单独购买充电规格不小于50W的荣耀超级快充无线充电器。实际充电功率会随不同场景智能变化，请以实际使用情况为准。,支持,"80W荣耀超级快充 备注：80W超级快充指充电器最高输出功率为80W, 需搭配原装有线超级快充充电器与充电线使用。实际充电功率会随不同场景智能变化，请以实际使用情况为准。",5500mAh（典型值） 备注：电池额定容量（最小）为 5370mAh。相关数据源于荣耀实验室测试结果，实际表现会因测试环境、测试条件不同而略有差异。,锂离子聚合物电池（荣耀青海湖电池）,MagicOS 9.0.1（基于Android 15）,,,,"支持Wi-Fi 7（802.11 be），Wi-Fi 6（802.11 ax）和802.11 a/b/g/n/ac 
支持2x2 MIMO，160MHz
支持2.4GHz和5GHz WLAN 支持WLAN热点、WLAN直连 备注：Wi-Fi 7需要搭配相应的Wi-Fi 7路由器使用。","无线投屏
红外遥控
PC数据同步
视频通话（运营商和第三方软件）
OTG（反向供电时最大输出电流1A/5V）
数据线接口：USB Type-C，USB 2.0
耳机接口：USB Type-C 备注：
1. 红外遥控支持遥控发射，不支持自学习功能
2. 运营商视频通话功能因不同国家或地区运营商的支持情况而异，详情请咨询网络运营商。
3. 标配数据线支持USB 2.0。","支持北斗(B1I+B1C+B2a+B2b四频)、GPS(L1+L5双频)、GLONASS(G1)、Galileo(E1+E5a+E5b三频)、QZSS(L1+L5双频)、NavIC(L5)、A-GNSS；
支持蜂窝网络定位、WLAN网络定位","BT5.4，支持低功耗蓝牙(BLE）
支持SBC、AAC、LDAC、aptX、aptX HD、aptX Adaptive
支持ASHA助听器协议"
荣耀Magic8 Pro,Magic系列,,honor-magic8-pro,https://www.honor.com/cn/phones/honor-magic8-pro/,51,"支持读/写模式、卡模拟模式（荣耀钱包，NFC-SIM，HCE） 备注：
1. NFC-SIM需放在SIM1卡槽使用。
2. NFC感应区在手机顶部位置。",重力传感器、红外传感器、指纹传感器、陀螺仪、指南针、环境光传感器、接近光传感器、霍尔传感器、加速度传感器,,,,,,,,,,,,,,,,,,,,,,,,,,,,,,,,,,,,,,,,,,,,,,,,,,,,,,,,,,,,,,,,,,,,,,,,,,,,,,,,,,,,,,,,,,,,,,,,,,,,,,,,,,,,,,,,,,,,,,,,,,,,,,,,,,,,,,,,,,,,,,,,,,,,,,,AI 键,,,,,,,,,,,,自研射频增强芯片 HONOR C1+,,,,,,,,,,,,AI换脸检测、智慧隐私通话、双TEE安全系统、手机盾、密码保险箱、模糊位置、隐私助手、平行空间、反诈防火墙、应用锁、支付保护中心、隐私时刻、应用跳转弹窗提醒，通话反诈,"YOYO智能体、AI换脸识别、AI翻译、魔方个性化、魔法形象、互动主题、AI文档、AI笔记、灵动胶囊、魔法锁屏、荣耀任意门、全屏熄屏显示、智慧摆台、桌面大文件夹自定义、收藏空间、平行空间、个人事务中心、YOYO助理、个性化锁屏、反诈防火墙、智慧识码、隔空滑动屏幕、隔空截屏、智能旋转屏幕和辅助拍照、气息唤醒、YOYO建议、Magic 文本、OS Turbo X、GPU Turbo X、智慧互联、智慧运存、语音控制呼叫、多屏协同、电脑模式、智慧视觉、智慧识屏、全屏翻译、语音翻译、AI字幕、智慧多窗、深色模式、电子书模式、状态互动AOD、纯净文件管理、注视不熄屏、注视来电音量减弱、荣耀分享、快捷启动及手势、应用分身、换机克隆、名片扫描、备份与恢复、服务维修模式 备注：
1. 快捷启动及手势：含指关节截屏、双指关节录屏、拿起手机亮屏、双击亮屏、全局收藏、全局批注、翻转手机静音、拿起手机减弱音量、快速通话、电源键唤醒YOYO助理。

2. 智慧视觉：含智能抠图、文字提取、扫码、智能识别、翻译、文档扫描、卡证扫描。
3、互动主题需OTA升级支持。",手势导航（默认）、屏幕内三键导航、悬浮导航,支持3D人脸识别,"5000万广角前摄：ƒ/2.0光圈、最大90°视角
3D深感摄像头 备注：不同拍照模式的照片像素可能有差异，请以实际为准。",最大可支持3840x2160像素 备注：不同拍摄模式的视频像素可能有差异，请以实际为准。,最大可支持8192x6144像素 备注：不同拍照模式的照片像素可能有差异，请以实际为准。,"4K视频拍摄：30/60 FPS
1080P视频拍摄：30/60 FPS
720P视频拍摄：30/60 FPS
视频录制编码格式包括H.264
支持两焦段变焦（0.8x/1x）
支持EIS视频防抖
支持视频美肤
支持多镜录像
支持音频聚焦
支持立体声收音
支持蓝牙耳机收音","5000万超夜神主摄：1/1.3英寸超大底感光元件、ƒ1.6光圈、100% Focus Pixels、支持OIS光学防抖、支持四合一2.4μm大像素输出
5000万超广角：ƒ/2.0光圈、最大122°视角、100% Focus Pixels，2.5cm高清微距摄影
2亿超夜神长焦：潜望式长焦、1/1.4英寸超大底感光元件、ƒ/2.6 光圈、100% Focus Pixels、支持OIS光学防抖、3.7x光学变焦、最高可达200倍数字变焦

色温传感器
Flicker传感器
激光对焦传感器 备注：
1、各镜头等效焦距属器件规格，各模式下可能存有差异，请以实际为准。
2、不同拍照模式的照片像素可能有差异，请以实际为准。最高像素需进入“高像素”拍照模式体验，请以实际为准。",最大200倍数字变焦、3.7光学变焦 备注：不同模式下可能有差异，请以实际为准。,最大可支持3840x2160像素 备注：不同拍摄模式的视频像素可能有差异，请以实际为准。,最大可支持16320x12288像素 备注：不同拍照模式的照片像素可能有差异，请以实际为准。,"4K 视频拍摄：30/60 /120 FPS
1080P视频拍摄：30/60 FPS
720P视频拍摄：30/60 FPS
4K夜景录像模式：24FPS
1080P夜景录像模式：24FPS
1080P慢动作视频：120/240FPS
视频录制编码格式包括H.264和HEVC
变焦范围最高可达0.5x-15x
广角主摄像头支持OIS视频防抖
长焦摄像头支持OIS视频防抖
超广角摄像头支持EIS视频防抖
支持视频美肤
支持音频变焦
支持立体声收音
支持蓝牙耳机收音
延时摄影模式最高可达4K",人像模式、滤镜、笑脸抓拍、自拍镜像、声控拍照、定时拍摄、手势拍照、夜景模式、自拍环形补光、高像素模式、多镜录像,电子防抖、光学防抖,,,,,,,,,,2×Prime 4.6GHz+6×Performance 3.62GHz 备注：实际运行频率因应用负载智能调整。,第五代骁龙®️8至尊版移动平台,八核,Adreno™840,VoIP/CS通话AI降噪、蓝牙耳机远程录音、后摄3MIC录像音频变焦、前摄3MIC录像音频聚焦。 备注：VoIP通话AI降噪和蓝牙耳机远程录音功能需配合相应的应用使用，请以实际体验为准。,支持,3gp、mp4,HONOR Sound 备注：荣耀AI环绕低音炮。,mp3、mp4、3gp、ogg、amr、aac、flac、wav、midi,8.32mm,75mm,约219g（含电池） 备注：实际尺寸/重量依配置、制造工艺、测量方法的不同可能有所差异。,161.15mm,"HDR峰值亮度：6000nits
全局峰值亮度：1800nits",巨犀玻璃,,FHD+ 1256 x 2808  像素 备注：该分辨率对应标准矩形，实际屏幕有效像素略少。,,,6.71英寸 备注：显示屏采用圆角设计，按照标准矩形测量屏幕的对角线长度为6.71英寸（实际可视区域略小）。,圆偏振光护眼2.0、4320Hz超高频PWM调光、干眼友好、离焦视力舒缓、护眼模式、类自然光护眼、助眠显示、自然色彩显示 备注：本产品非医疗器械，不具有治疗功能。,"显示技术：
HDR显示（图片和视频）、超动态显示、臻彩显示、120Hz LTPO自适应动态刷新率",OLED,真10.7亿色，DCI-P3广色域,多点触控，最多支持10点触控,80W荣耀无线超级快充，支持无线反向充电。 备注：最大支持80W无线超级快充，需单独购买充电规格不小于80W的荣耀超级快充无线充电器。实际充电功率会随不同场景智能变化，请以实际使用情况为准。,支持,120W荣耀超级快充 备注：最大支持120W有线超级快充，需搭配原装有线超级快充充电器及原装充电线缆使用。充电套装是否需要单独购买请以实际包装清单为准。实际充电功率会随不同场景智能变化，请以实际使用情况为准。,7200mAh（典型值） 备注：电池额定容量为 7020mAh（内置不可拆卸）。,锂离子聚合物电池,MagicOS 10（基于Android 16）,,,,"支持Wi-Fi 7（802.11 be），Wi-Fi 6（802.11 ax）和802.11 a/b/g/n/ac
支持2x2 MIMO，MLO，4096 QAM，160MHz，MU-MIMO，2.4G&5G双路并发
支持2.4GHz和5GHz WLAN
支持WLAN热点、WLAN直连 备注：Wi-Fi 7需要搭配相应的Wi-Fi 7路由器使用。","无线投屏
红外遥控
PC数据同步
视频通话（运营商和第三方软件）
OTG（反向供电时最大输出电流1A/5V）
数据线接口：USB Type-C，USB 3.2 GEN1，支持DP1.2
耳机接口：USB Type-C 备注：
1. 红外遥控支持遥控发射，不支持自学习功能。
2. 运营商视频通话功能因不同国家或地区运营商的支持情况而异，详情请咨询网络运营商。
3. USB 3.2 GEN1功能需搭配支持USB 3.2 GEN1的数据线（非标配，需另行购买）使用。
4. 标配数据线支持USB 2.0。","支持北斗（B1I+B1C+B2a+B2b四频）、GPS（L1+L5双频）、GLONASS（G1）、Galileo（E1+E5a+E5b三频）、QZSS（L1+L5双频）、NavIC（L1+L5双频）、A-GNSS
支持蜂窝网络定位、WLAN网络定位","蓝牙6.0，支持低功耗蓝牙(BLE)、LE Audio、Auracast
支持SBC、AAC、LDAC、aptX、aptX HD、aptX Adaptive、aptX Lossless、LC3、LHDC5.0
支持ASHA、LE Audio助听器协议"
荣耀500 Pro MOLLY 20周年限定版,数字系列,,honor-500-pro-molly,https://www.honor.com/cn/phones/honor-500-pro-molly/,49,"支持读/写模式、卡模拟模式（荣耀钱包，NFC-SIM，HCE） 备注：
1. NFC-SIM需放在SIM1卡槽使用。
2. NFC感应区在手机背部中上位置。",重力传感器、红外传感器、超声波指纹传感器、陀螺仪、指南针、环境光传感器、接近光传感器、加速度传感器,,,,,,,,,,,,,,,,,,,,,,,,,,,,,,,,,,,,,,,,,,,,,,,,,,,,,,,,,,,,,,,,,,,,,,,,,,,,,,,,,,,,,,,,,,,,,,,,,,,,,,,,,,,,,,,,,,,,,,,,,,,,,,,,,,,,,,,,,,,,,,,,,,,,,,,,,,,,,,,,,,,支持，荣耀自研射频增强芯片C1+,,,,,,,,,,,,AI换脸检测、隐私时刻、手机盾、密码保险箱、模糊位置、隐私空间、隐私助手、反诈防护、应用锁、支付保护中心、平行空间 备注：AI换脸检测仅支持视频通话和会议场景，不支持直播/在线视频和离线视频与图片检测。,"YOYO智能体、AI换脸识别、AI翻译、魔方个性化、魔法形象、互动主题、AI文档、AI笔记、灵动胶囊、魔法锁屏、荣耀任意门、全屏熄屏显示、桌面大文件夹自定义、YOYO记忆、平行空间、个人事务中心、YOYO助理、个性化锁屏、反诈防火墙、气息唤醒、YOYO建议、Magic 文本、OS Turbo X、GPU Turbo X、智慧互联、智慧运存、语音控制呼叫、多屏协同、电脑模式、智慧视觉、智慧识屏、全屏翻译、语音翻译、AI字幕、智慧多窗、深色模式、电子书模式、状态互动AOD、纯净文件管理、荣耀分享、快捷启动及手势、应用分身、换机克隆、名片扫描、备份与恢复、服务维修模式 备注：
1. 快捷启动及手势：含指关节截屏、双指关节录屏、拿起手机亮屏、双击亮屏、双击熄屏、YOYO记忆、全局批注、翻转手机静音、拿起手机减弱音量、电源键唤醒智慧语音。
2. 智慧视觉：含智能抠图、文字提取、扫码、智能识别、翻译、文档扫描、卡证扫描。",手势导航（默认）、屏幕内三键导航、悬浮导航,支持2D人脸识别,5000万像素广角摄像头（f/2.0光圈） 备注：不同拍照模式的照片像素可能有差异，请以实际为准。,最大可支持3840x2160像素 备注：不同拍摄模式的视频像素可能有差异，请以实际为准。,最大可支持8192x6144像素 备注：不同拍照模式的照片像素可能有差异，请以实际为准。,最大支持4K（3840x2160）视频录制,"2亿像素广角摄像头（f/1.9光圈，支持OIS光学防抖）
5000万像素长焦摄像头（f/2.4光圈，支持OIS光学防抖）
1200万像素超广角微距摄像头（f/2.2光圈），支持自动对焦 备注：不同拍照模式的照片像素可能有差异，请以实际为准。",最大100倍数字变焦。 备注：不同模式下可能有差异，请以实际为准。,最大可支持3840x2160像素 备注：不同拍摄模式的视频像素可能有差异，请以实际为准。,最大可支持16384x12288像素 备注：不同拍照模式的照片像素可能有差异，请以实际为准。,最大支持4K（3840x2160）视频录制,动态照片、人像模式、夜景模式、滤镜、笑脸抓拍、自拍镜像、声控拍照、定时拍摄、手势拍照、高像素模式、自拍环形补光、多镜录像等,电子防抖、光学防抖,,,,,,,,,,2×Prime 4.32GHz+6×Performance 3.53GHz 备注：实际运行频率因应用负载智能调整。,骁龙8至尊版移动平台,八核,Adreno 830,VoIP/CS通话AI降噪、蓝牙耳机远程录音 备注：VoIP通话AI降噪和蓝牙耳机远程录音功能需配合相应的应用使用，请以实际体验为准。,支持,3gp、mp4,HONOR Sound,mp3、mp4、3gp、ogg、amr、aac、flac、wav、midi,7.75mm,74.2mm,约201克（含电池） 备注：实际尺寸/重量依配置、制造工艺、测量方法的不同可能有所差异。,155.8mm,800nits（典型值）1800nits（全局最大亮度）6000nits（峰值亮度） 备注：800nits典型值需OTA升级支持，6000nits局部峰值亮度仅在相应视频源全屏下生效。,,,FHD+ 2736x1264 像素 备注：该分辨率对应标准矩形，实际屏幕有效像素略少。,,,6.55英寸 备注：显示屏采用圆角设计，按照标准矩形测量屏幕的对角线长度为6.55英寸（实际可视区域略小）。,护眼统计、护眼监测、照明闪烁检测、3840Hz超高频PWM调光、干眼友好、离焦视力舒缓、自然色彩显示、护眼模式、类自然光护眼、助眠显示、硬件级低蓝光 备注：本产品非医疗器械，不具有治疗功能。,HDR显示（图片和视频）、超动态显示、臻彩显示,AMOLED,真10.7亿色，DCI-P3广色域,多点触控，最多支持10点触控,支持50W荣耀无线超级快充，支持无线反向充电 备注：最大支持50W无线超级快充，需单独购买荣耀超级快充无线充电器或无线车充。实际充电功率会随不同场景智能变化，请以实际使用情况为准。,支持,"80W荣耀超级快充
支持27W有线反向快充 备注：80W 荣耀超级快充，指充电器输出功率为 80W，实际充电功率会随不同场景智能变化，请以实际使用情况为准。需搭配原装有线超级快充充电器及原装充电线缆使用。
最大支持27W有线反向充电，支持对通过荣耀实验室测试的设备进行反向充电。",8000mAh（典型值） 备注：电池额定容量为 7800mAh。,锂离子聚合物电池（荣耀青海湖电池）,MagicOS 10（基于Android 16）,,,,"支持Wi-Fi 7（802.11 be），Wi-Fi 6（802.11 ax）和802.11 a/b/g/n/ac
支持2x2 MIMO，MLO，4096 QAM，160MHz，MU-MIMO，2.4G&5G双路并发
支持2.4GHz和5GHz WLAN
支持WLAN热点、WLAN直连 备注：Wi-Fi 7需要搭配相应的Wi-Fi 7路由器使用。","无线投屏
红外遥控
PC数据同步
视频通话（运营商和第三方软件）
OTG（反向供电时最大输出电流1A/5V）
数据线接口：USB Type-C，USB 2.0
耳机接口：USB Type-C 备注：
1. 红外遥控支持遥控发射，不支持自学习功能。
2. 运营商视频通话功能因不同国家或地区运营商的支持情况而异，详情请咨询网络运营商。
3. 标配数据线支持USB 2.0
4. 仅支持 Type-C 数字耳机。","支持北斗（B1I+B1C+B2a+B2b四频）、GPS（L1+L5双频）、GLONASS（G1）、Galileo（E1+E5a+E5b三频）、QZSS（L1+L5双频）、NavIC（L1+L5双频）、A-GNSS
支持蜂窝网络定位、WLAN网络定位",BT6.0，支持低功耗蓝牙（BLE）、LE Audio、Auracast ，支持SBC、AAC、LDAC、aptX、aptX HD、aptX Adaptive、aptX Lossless、LC3、LHDC5.0，支持ASHA、LE Audio助听器协议
荣耀500 Pro,数字系列,,honor-500-pro,https://www.honor.com/cn/phones/honor-500-pro/,50,"支持读/写模式、卡模拟模式（荣耀钱包，NFC-SIM，HCE） 备注：
1. NFC-SIM需放在SIM1卡槽使用。
2. NFC感应区在手机背部中上位置。",重力传感器、红外传感器、超声波指纹传感器、陀螺仪、指南针、环境光传感器、接近光传感器、加速度传感器,,,,,,,,,,,,,,,,,,,,,,,,,,,,,,,,,,,,,,,,,,,,,,,,,,,,,,,,,,,,,,,,,,,,,,,,,,,,,,,,,,,,,,,,,,,,,,,,,,,,,,,,,,,,,,,,,,,,,,,,,,,,,,,,,,,,,,,,,,,,,,,,,,,,,,,,,,,,,,,,,,,支持，荣耀自研射频增强芯片C1+,,,,,,,,,,,,AI换脸检测、隐私时刻、手机盾、密码保险箱、模糊位置、隐私空间、隐私助手、反诈防护、应用锁、支付保护中心、平行空间 备注：AI换脸检测仅支持视频通话和会议场景，不支持直播/在线视频和离线视频与图片检测。,"YOYO智能体、AI换脸识别、AI翻译、魔方个性化、魔法形象、互动主题、AI文档、AI笔记、灵动胶囊、魔法锁屏、荣耀任意门、全屏熄屏显示、桌面大文件夹自定义、YOYO记忆、平行空间、个人事务中心、YOYO助理、个性化锁屏、反诈防火墙、气息唤醒、YOYO建议、Magic 文本、OS Turbo X、GPU Turbo X、智慧互联、智慧运存、语音控制呼叫、多屏协同、电脑模式、智慧视觉、智慧识屏、全屏翻译、语音翻译、AI字幕、智慧多窗、深色模式、电子书模式、状态互动AOD、纯净文件管理、荣耀分享、快捷启动及手势、应用分身、换机克隆、名片扫描、备份与恢复、服务维修模式 备注：
1. 快捷启动及手势：含指关节截屏、双指关节录屏、拿起手机亮屏、双击亮屏、双击熄屏、YOYO记忆、全局批注、翻转手机静音、拿起手机减弱音量、电源键唤醒智慧语音。
2. 智慧视觉：含智能抠图、文字提取、扫码、智能识别、翻译、文档扫描、卡证扫描。",手势导航（默认）、屏幕内三键导航、悬浮导航,支持2D人脸识别,5000万像素广角摄像头（f/2.0光圈） 备注：不同拍照模式的照片像素可能有差异，请以实际为准。,最大可支持3840x2160像素 备注：不同拍摄模式的视频像素可能有差异，请以实际为准。,最大可支持8192x6144像素 备注：不同拍照模式的照片像素可能有差异，请以实际为准。,最大支持4K（3840x2160）视频录制,"2亿像素广角摄像头（f/1.9光圈，支持OIS光学防抖）
5000万像素长焦摄像头（f/2.4光圈，支持OIS光学防抖）
1200万像素超广角微距摄像头（f/2.2光圈），支持自动对焦 备注：不同拍照模式的照片像素可能有差异，请以实际为准。",最大100倍数字变焦。 备注：不同模式下可能有差异，请以实际为准。,最大可支持3840x2160像素 备注：不同拍摄模式的视频像素可能有差异，请以实际为准。,最大可支持16384x12288像素 备注：不同拍照模式的照片像素可能有差异，请以实际为准。,最大支持4K（3840x2160）视频录制,动态照片、人像模式、夜景模式、滤镜、笑脸抓拍、自拍镜像、声控拍照、定时拍摄、手势拍照、高像素模式、自拍环形补光、多镜录像等,电子防抖、光学防抖,,,,,,,,,,2×Prime 4.32GHz+6×Performance 3.53GHz 备注：实际运行频率因应用负载智能调整。,骁龙8至尊版移动平台,八核,Adreno 830,VoIP/CS通话AI降噪、蓝牙耳机远程录音 备注：VoIP通话AI降噪和蓝牙耳机远程录音功能需配合相应的应用使用，请以实际体验为准。,支持,3gp、mp4,HONOR Sound,mp3、mp4、3gp、ogg、amr、aac、flac、wav、midi,7.75mm,74.2mm,约201克（含电池） 备注：实际尺寸/重量依配置、制造工艺、测量方法的不同可能有所差异。,155.8mm,800nits（典型值）1800nits（全局最大亮度）6000nits（峰值亮度） 备注：800nits典型值需OTA升级支持，6000nits局部峰值亮度仅在相应视频源全屏下生效。,,,FHD+ 2736x1264 像素 备注：该分辨率对应标准矩形，实际屏幕有效像素略少。,,,6.55英寸 备注：显示屏采用圆角设计，按照标准矩形测量屏幕的对角线长度为6.55英寸（实际可视区域略小）。,护眼统计、护眼监测、照明闪烁检测、3840Hz超高频PWM调光、干眼友好、离焦视力舒缓、自然色彩显示、护眼模式、类自然光护眼、助眠显示、硬件级低蓝光 备注：本产品非医疗器械，不具有治疗功能。,HDR显示（图片和视频）、超动态显示、臻彩显示,AMOLED,真10.7亿色，DCI-P3广色域,多点触控，最多支持10点触控,支持50W荣耀无线超级快充，支持无线反向充电 备注：最大支持50W无线超级快充，需单独购买荣耀超级快充无线充电器或无线车充。实际充电功率会随不同场景智能变化，请以实际使用情况为准。,支持,"80W荣耀超级快充
支持27W有线反向快充 备注：80W 荣耀超级快充，指充电器输出功率为 80W，实际充电功率会随不同场景智能变化，请以实际使用情况为准。需搭配原装有线超级快充充电器及原装充电线缆使用。
最大支持27W有线反向充电，支持对通过荣耀实验室测试的设备进行反向充电。",8000mAh（典型值） 备注：电池额定容量为 7800mAh。,锂离子聚合物电池（荣耀青海湖电池）,MagicOS 10（基于Android 16）,"支持移动 5GA/5G/4G+/4G/2G，电信 5GA/5G/4G+/4G，联通5GA/5G/4G+/4G/3G/2G，广电5GA/5G/4G+/4G
支持 4×4 MIMO天线技术 / 载波聚合技术 / HPUE / HO RxD
支持双卡双通 备注：1. 主卡指SIM卡管理中开通默认移动数据的卡。
2. 卡槽1、2可以任意切换为默认移动数据卡。
3. 如果两张都是电信卡，副卡（非默认移动数据卡）必须开通电信VoLTE业务，才能同时使用电信双卡。
4. 5G/4G网络使用，需要根据运营商网络和相关业务部署情况确定是否支持。
5. 双卡双通功能跟频段组合和网络覆盖相关。
6. 支持5G SA。",,,"支持Wi-Fi 7（802.11 be），Wi-Fi 6（802.11 ax）和802.11 a/b/g/n/ac
支持2x2 MIMO，MLO，4096 QAM，160MHz，MU-MIMO，2.4G&5G双路并发
支持2.4GHz和5GHz WLAN
支持WLAN热点、WLAN直连 备注：Wi-Fi 7需要搭配相应的Wi-Fi 7路由器使用。","无线投屏
红外遥控
PC数据同步
视频通话（运营商和第三方软件）
OTG（反向供电时最大输出电流1A/5V）
数据线接口：USB Type-C，USB 2.0
耳机接口：USB Type-C 备注：
1. 红外遥控支持遥控发射，不支持自学习功能。
2. 运营商视频通话功能因不同国家或地区运营商的支持情况而异，详情请咨询网络运营商。
3. 标配数据线支持USB 2.0
4. 仅支持 Type-C 数字耳机。","支持北斗（B1I+B1C+B2a+B2b四频）、GPS（L1+L5双频）、GLONASS（G1）、Galileo（E1+E5a+E5b三频）、QZSS（L1+L5双频）、NavIC（L1+L5双频）、A-GNSS
支持蜂窝网络定位、WLAN网络定位",BT6.0，支持低功耗蓝牙（BLE）、LE Audio、Auracast ，支持SBC、AAC、LDAC、aptX、aptX HD、aptX Adaptive、aptX Lossless、LC3、LHDC5.0，支持ASHA、LE Audio助听器协议
荣耀WIN Turbo,WIN系列,,honor-win-turbo,https://www.honor.com/cn/phones/honor-win-turbo/,49,"支持读/写模式、卡模拟模式（荣耀钱包，NFC-SIM，HCE） 备注：
1. NFC-SIM需放在SIM1卡槽使用。
2. NFC感应区在手机顶部位置。",重力传感器、指纹传感器、陀螺仪、接近光传感器、加速度传感器、环境光传感器、红外传感器,,,,,,,,,,,,,,,,,,,,,,,,,,,,,,,,,,,,,,,,,,,,,,,,,,,,,,,,,,,,,,,,,,,,,,,,,,,,,,,,,,,,,,,,,,,,,,,,,,,,,,,,,,,,,,,,,,,,,,,,,,,,,,,,,,,,,,,,,,,,,,,,,,,,,,,,,,,,,,,,,,,荣耀自研射频增强芯片C1+,,,,,,,,,,,,AI换脸检测、密码保险箱、模糊位置、隐私助手、平行空间、反诈防火墙、应用锁、支付保护中心,YOYO智能体、AI换脸识别、魔方个性化、灵动胶囊、魔法锁屏、荣耀任意门、桌面大文件夹自定义、收藏空间、平行空间、个人事务中心、YOYO助理、个性化锁屏、反诈防火墙、YOYO建议、Magic 文本、OS Turbo X、GPU Turbo X、智慧互联、智慧运存、语音控制呼叫、多屏协同、电脑模式、智慧视觉、智慧识屏、全屏翻译、语音翻译、AI字幕、智慧多窗、深色模式、电子书模式、纯净文件管理、荣耀分享、快捷启动及手势、应用分身、换机克隆备份与恢复、服务维修模式,手势导航（默认）、屏幕内三键导航、悬浮导航,支持2D人脸识别,1600万像素摄像头（f/2.45光圈） 备注: 不同拍照模式的照片像素可能有差异，请以实际为准。,最大可支持 2520×1080 像素 备注: 不同拍摄模式的视频像素可能有差异，请以实际为准。,最大可支持 4608×3456 备注: 不同拍照模式的照片像素可能有差异，请以实际为准。,最大支持1080P（2520×1080）视频录制,"5000万像素摄像头（f/1.88 光圈，支持OIS光学防抖）
500万像素广角摄像头 备注: 不同拍照模式的照片像素可能有差异，请以实际为准。",最大支持10倍数字变焦,最大可支持 3840×2160 像素 备注: 不同拍摄模式的视频像素可能有差异，请以实际为准。,最大可支持 8192×6144 像素 备注: 不同拍照模式的照片像素可能有差异，请以实际为准。,最大支持4K（3840×2160）视频录制,人像模式、滤镜、笑脸抓拍、自拍镜像、声控拍照、定时拍摄、手势拍照、自拍环形补光等,电子防抖、光学防抖 备注: 仅后置支持光学防抖。,,,,,,,,,,1x A725 @3.4GHz+3x A725 @3.2GHz+4x A725 @2.2GHz 备注: 实际运行频率因应用负载智能调整。,天玑8500 竞速版,八核,Titan MC8,,支持,*.3gp、*.mp4、*.webm、*.mkv,HONOR SOUND,*.mp3、*.mid、*.amr、*.awb、*.3gp、*.mp4、*.m4a、*.aac、*.wav、*.ogg、*.flac、*.mkv,7.98mm,76.3mm,约216克（含电池） 备注：手机厚度不包含摄像头凸起部分，实际重量依配置、制造工艺、测量方法的不同可能有所差异。,162.1mm,"HDR峰值亮度：8000nits
全局峰值亮度：1800nits",铝硅玻璃,,2640×1200 像素 备注：该分辨率对应标准矩形，实际屏幕有效像素略少。,,,6.79英寸 备注：显示屏采用圆角设计，按照标准矩形测量时，屏幕的对角线长度是 6.79 英寸（实际可视区域略小）。,荣耀绿洲护眼屏、AI离焦视力舒缓、3840Hz超高频PWM调光、类自然光护眼、AI助眠显示、硬件级低蓝光、极暗模式、护眼模式 备注: 本产品非医疗器械，不具有治疗功能。,HDR显示（图片和视频）、臻彩显示,AMOLED,DCI-P3广色域，10.7亿色,多点触控，最多支持10点触控,,支持,支持（最大20V/4A超级快充，兼容11V/6A，10V/4A超级快充） 备注: 有线超级快充需搭配原装有线超级快充充电器与充电线使用。实际充电功率会随不同场景智能变化，请以实际使用情况为准。,10000mAh（典型值） 备注：电池额定容量为 9886mAh。,锂离子聚合物电池（荣耀青海湖电池）,MagicOS 10（基于Android 16）,,环球行、Link Turbo X网络加速、智慧选网,,"支持Wi-Fi 6（802.11 ax）和802.11 a/b/g/n/ac
支持2x2 MIMO，1024 QAM，160MHz，MU-MIMO
支持2.4GHz和5GHz WLAN
支持WLAN热点、WLAN直连","无线投屏
红外遥控
PC数据同步
视频通话（运营商和第三方软件）
OTG（反向供电时最大输出电流1A/5V）
数据线接口：Type-C，USB 2.0
耳机接口：Type-C 备注：
1. 红外遥控支持遥控发射，不支持自学习功能。
2. 运营商视频通话功能因不同国家或地区运营商的支持情况而异，详情请咨询网络运营商。
3. 标配数据线支持USB 2.0。
4. 支持Type-C数字耳机。","支持北斗（B1I+B1C+B2a三频）、双频GPS（L1+L5）、Glonass（G1）、伽利略（E1 + E5a双频）、NavIC（L5）、A-GNSS
支持蜂窝网络定位、WLAN网络定位","蓝牙6.0，
支持低功耗蓝牙（BLE）
支持LE Audio，Auracast
支持SBC、AAC、LDAC、aptX、aptX HD、LC3、LHDC5.0
支持适配LE Audio、ASHA助听器"
荣耀WIN RT,WIN系列,,honor-win-rt,https://www.honor.com/cn/phones/honor-win-rt/,48,"支持读/写模式、卡模拟模式（荣耀钱包，NFC-SIM，HCE） 备注：
1. NFC-SIM需放在SIM1卡槽使用。
2. NFC感应区在手机背部中上位置。",重力传感器、红外传感器、指纹传感器、陀螺仪、指南针、环境光传感器、接近光传感器、加速度传感器 备注：接近光传感器是非实体器件，使用超声替代。,,,,,,,,,,,,,,,,,,,,,,,,,,,,,,,,,,,,,,,,,,,,,,,,,,,,,,,,,,,,,,,,,,,,,,,,,,,,,,,,,,,,,,,,,,,,,,,,,,,,,,,,,,,,,,,,,,,,,,,,,,,,,,,,,,,,,,,,,,,,,,,,,,,,,,,,,,,,,,,,,,,支持，荣耀自研射频增强芯片C1+,,,,,,,,,,,,AI换脸检测、隐私时刻、手机盾、密码保险箱、模糊位置、隐私空间、隐私助手、反诈防护、应用锁、支付保护中心、平行空间 备注：AI换脸检测仅支持视频通话和会议场景，不支持直播/在线视频和离线视频与图片检测。,"YOYO智能体、AI换脸识别、AI翻译、魔方个性化、魔法形象、互动主题、AI文档、AI笔记、灵动胶囊、魔法锁屏、荣耀任意门、全屏熄屏显示、桌面大文件夹自定义、YOYO记忆、平行空间、个人事务中心、YOYO助理、个性化锁屏、反诈防火墙、气息唤醒、YOYO建议、Magic 文本、OS Turbo X、GPU Turbo X、智慧互联、智慧运存、语音控制呼叫、多屏协同、电脑模式、智慧视觉、智慧识屏、全屏翻译、语音翻译、AI字幕、智慧多窗、深色模式、电子书模式、状态互动AOD、纯净文件管理、荣耀分享、快捷启动及手势、应用分身、换机克隆、名片扫描、备份与恢复、服务维修模式 备注：1、快捷启动及手势：含指关节截屏、双指关节录屏、拿起手机亮屏、双击亮屏、双击熄屏、YOYO记忆、全局批注、翻转手机静音、拿起手机减弱音量、电源键唤醒智慧语音。
2、智慧视觉：含智能抠图、文字提取、扫码、智能识别、翻译、文档扫描、卡证扫描。",手势导航（默认）、屏幕内三键导航、悬浮导航,支持2D人脸识别,5000万像素广角摄像头（ƒ/2.0光圈） 备注：不同拍照模式的照片像素可能有差异，请以实际为准。,最大支持3840×2160像素 备注：不同拍摄模式的视频像素可能有差异，请以实际为准。,最大可支持8192×6144像素 备注：不同拍照模式的照片像素可能有差异，请以实际为准。,最大支持4K（3840×2160）视频录制,"5000万主摄（1/1.56英寸、ƒ/1.95光圈、100% Focus Pixels、支持OIS光学防抖、支持四合一2.0μm大像素输出）
1200万像素超广角微距摄像头（ƒ/2.2光圈，最大112°超广视角），支持自动对焦 备注：1、各镜头等效焦距属器件规格，各模式下可能存有差异，请以实际为准。2、不同拍照模式的照片像素可能有差异，请以实际为准。最高像素需进入“高像素”拍照模式体验，请以实际为准。",最大20倍数字变焦。 备注：不同模式下可能有差异，请以实际为准。,最大可支持3840×2160像素 备注：不同拍摄模式的视频像素可能有差异，请以实际为准。,最大可支持8192×6144像素 备注：不同拍照模式的照片像素可能有差异，请以实际为准。,"4K 视频拍摄：30/60 FPS
1080P视频拍摄：30/60 FPS
720P视频拍摄：30/60 FPS
1080P夜景录像模式：24FPS
1080P慢动作视频：120/240FPS
视频录制编码格式包括H.264和HEVC
变焦范围最高可达0.6x-10x
主摄摄像头支持OIS视频防抖
超广角摄像头支持EIS视频防抖
支持视频美肤
支持立体声收音
支持蓝牙耳机收音
延时摄影模式最高可达4K",动态照片、人像模式、夜景模式、滤镜、笑脸抓拍、自拍镜像、声控拍照、定时拍摄、手势拍照、高像素模式、自拍环形补光、多镜录像等,电子防抖、光学防抖,,,,,,,,,,2×Prime 4.32GHz+6×Performance 3.53GHz 备注：实际运行频率因应用负载智能调整。,骁龙8至尊版移动平台,八核,Adreno 830,VoIP/CS通话AI降噪、蓝牙耳机远程录音 备注：VoIP通话AI降噪和蓝牙耳机远程录音功能需配合相应的应用使用，请以实际体验为准。,支持,3gp、mp4,HONOR Sound,mp3、mp4、3gp、ogg、amr、aac、flac、wav、midi,8.3mm,76.6mm,约225g（含电池） 备注：实际尺寸/重量依配置、制造工艺、测量方法的不同可能有所差异。,163.1mm,"最高峰值亮度：6000nits
全局峰值亮度：2000nits
最低亮度：1nit",,,FHD+  1272*2800 备注：该分辨率对应标准矩形，实际屏幕有效像素略少。,,,6.83英寸 备注：显示屏采用圆角设计，按照标准矩形测量屏幕的对角线长度（实际可视区域略小）。,护眼统计、护眼监测、个性化显示、助眠显示、干眼友好、离焦视力舒缓、自然色彩显示、护眼模式、圆偏振光护眼、5920Hz超高频PWM调光、AI舒适亮度调节、类自然光护眼 备注：本产品非医疗器械，不具有治疗功能。,HDR显示（图片和视频）、超动态显示、臻彩显示,OLED,真10.7亿色，DCI-P3广色域,多点触控，最多支持10点触控,,支持,"有线充电支持最大100W（20V/5A）超级快充，兼容11V/6A，10V/4A超级快充。
支持27W有线反向快充。 备注：实际充电功率会随不同场景智能变化，请以实际使用情况为准。需搭配原装有线超级快充充电器及原装充电线缆使用。
最大支持27W有线反向充电，支持对通过荣耀实验室测试的设备进行反向充电。",10000mAh（典型值） 备注：电池容量额定值为9755mAh。,锂离子聚合物电池（荣耀青海湖电池）,MagicOS 10（基于Android 16）,,,,"支持Wi-Fi 7（802.11 be），Wi-Fi 6（802.11 ax）和802.11 a/b/g/n/ac
支持2x2 MIMO，MLO，4096 QAM，160MHz，MU-MIMO，2.4G&5G双路并发
支持2.4GHz和5GHz WLAN
支持WLAN热点、WLAN直连 备注：Wi-Fi 7需要搭配相应的Wi-Fi 7路由器使用。","无线投屏
红外遥控
PC数据同步
视频通话（运营商和第三方软件）
OTG（反向供电时最大输出电流1A/5V）
数据线接口：USB Type-C，USB 2.0
耳机接口：USB Type-C 备注：
1. 红外遥控支持遥控发射，不支持自学习功能。
2. 运营商视频通话功能因不同国家或地区运营商的支持情况而异，详情请咨询网络运营商。
3. 标配数据线支持USB 2.0。
4. 仅支持 Type-C 数字耳机。","支持北斗（B1I+B1C+B2a+B2b四频）、GPS（L1+L5双频）、GLONASS（G1）、Galileo（E1+E5a+E5b三频）、QZSS（L1+L5双频）、NavIC（L1+L5双频）、A-GNSS
支持蜂窝网络定位、WLAN网络定位","蓝牙6.0
支持低功耗蓝牙(BLE)、LE Audio、Auracast 
支持SBC、AAC、LDAC、aptX、aptX HD、aptX Adaptive、aptX Lossless、LC3、LHDC5.0/4.0/3.0 
支持ASHA、LE Audio助听器协议"
荣耀WIN,WIN系列,,honor-win,https://www.honor.com/cn/phones/honor-win/,49,"支持读/写模式、卡模拟模式（荣耀钱包，NFC-SIM，HCE） 备注：
1. NFC-SIM需放在SIM1卡槽使用。
2. NFC感应区在手机背部中上位置。",重力传感器、红外传感器、指纹传感器、陀螺仪、指南针、环境光传感器、接近光传感器、加速度传感器 备注：接近光传感器是非实体器件，使用超声替代。,,,,,,,,,,,,,,,,,,,,,,,,,,,,,,,,,,,,,,,,,,,,,,,,,,,,,,,,,,,,,,,,,,,,,,,,,,,,,,,,,,,,,,,,,,,,,,,,,,,,,,,,,,,,,,,,,,,,,,,,,,,,,,,,,,,,,,,,,,,,,,,,,,,,,,,,,,,,,,,,,,,支持，荣耀自研射频增强芯片C1+,,,,,,,,,,,,AI换脸检测、隐私时刻、手机盾、密码保险箱、模糊位置、隐私空间、隐私助手、反诈防护、应用锁、支付保护中心、平行空间 备注：AI换脸检测仅支持视频通话和会议场景，不支持直播/在线视频和离线视频与图片检测。,"YOYO智能体、AI换脸识别、AI翻译、魔方个性化、魔法形象、互动主题、AI文档、AI笔记、灵动胶囊、魔法锁屏、荣耀任意门、全屏熄屏显示、桌面大文件夹自定义、YOYO记忆、平行空间、个人事务中心、YOYO助理、个性化锁屏、反诈防火墙、气息唤醒、YOYO建议、Magic 文本、OS Turbo X、GPU Turbo X、智慧互联、智慧运存、语音控制呼叫、多屏协同、电脑模式、智慧视觉、智慧识屏、全屏翻译、语音翻译、AI字幕、智慧多窗、深色模式、电子书模式、状态互动AOD、纯净文件管理、荣耀分享、快捷启动及手势、应用分身、换机克隆、名片扫描、备份与恢复、服务维修模式 备注：1、快捷启动及手势：含指关节截屏、双指关节录屏、拿起手机亮屏、双击亮屏、双击熄屏、YOYO记忆、全局批注、翻转手机静音、拿起手机减弱音量、电源键唤醒智慧语音。
2、智慧视觉：含智能抠图、文字提取、扫码、智能识别、翻译、文档扫描、卡证扫描。",手势导航（默认）、屏幕内三键导航、悬浮导航,支持2D人脸识别,5000万像素广角摄像头（ƒ/2.0光圈） 备注：不同拍照模式的照片像素可能有差异，请以实际为准。,最大支持3840×2160像素 备注：不同拍摄模式的视频像素可能有差异，请以实际为准。,最大可支持8192×6144像素 备注：不同拍照模式的照片像素可能有差异，请以实际为准。,最大支持4K（3840×2160）视频录制,"5000万主摄（1/1.56英寸、ƒ/1.95光圈、100% Focus Pixels、支持OIS光学防抖、支持四合一2.0μm大像素输出）
5000万像素长焦摄像头（ƒ/2.4光圈，支持OIS光学防抖）
1200万像素超广角微距摄像头（ƒ/2.2光圈，最大112°超广视角），支持自动对焦 备注：1、各镜头等效焦距属器件规格，各模式下可能存有差异，请以实际为准。2、不同拍照模式的照片像素可能有差异，请以实际为准。最高像素需进入“高像素”拍照模式体验，请以实际为准。",最大100倍数字变焦。 备注：不同模式下可能有差异，请以实际为准。,最大可支持3840×2160像素 备注：不同拍摄模式的视频像素可能有差异，请以实际为准。,最大可支持8192×6144像素 备注：不同拍照模式的照片像素可能有差异，请以实际为准。,"4K 视频拍摄：30/60 FPS
1080P视频拍摄：30/60 FPS
720P视频拍摄：30/60 FPS
4K夜景录像模式：24FPS
1080P夜景录像模式：24FPS
1080P慢动作视频：120/240FPS
视频录制编码格式包括H.264和HEVC
主摄摄像头支持OIS视频防抖
长焦摄像头支持OIS视频防抖
超广角摄像头支持EIS视频防抖
支持视频美肤
支持立体声收音
支持蓝牙耳机收音
延时摄影模式最高可达4K",动态照片、人像模式、夜景模式、滤镜、笑脸抓拍、自拍镜像、声控拍照、定时拍摄、手势拍照、高像素模式、自拍环形补光、多镜录像等,电子防抖、光学防抖,,,,,,,,,,2×Prime 4.6GHz+6×Performance 3.62GHz 备注：实际运行频率因应用负载智能调整。,第五代骁龙®️8至尊版移动平台,八核,Adreno840,VoIP/CS通话AI降噪、蓝牙耳机远程录音 备注：VoIP通话AI降噪和蓝牙耳机远程录音功能需配合相应的应用使用，请以实际体验为准。,支持,3gp、mp4,HONOR Sound,mp3、mp4、3gp、ogg、amr、aac、flac、wav、midi,8.3mm,76.6mm,约229g（含电池） 备注：实际尺寸/重量依配置、制造工艺、测量方法的不同可能有所差异。,163.1mm,"最高峰值亮度：6000nits
全局峰值亮度：2000nits
最低亮度：1nit",,,FHD+  1272*2800 备注：该分辨率对应标准矩形，实际屏幕有效像素略少。,,,6.83英寸 备注：显示屏采用圆角设计，按照标准矩形测量屏幕的对角线长度（实际可视区域略小）。,护眼统计、护眼监测、个性化显示、助眠显示、干眼友好、离焦视力舒缓、自然色彩显示、护眼模式、圆偏振光护眼、5920Hz超高频PWM调光、AI舒适亮度调节、类自然光护眼 备注：本产品非医疗器械，不具有治疗功能。,HDR显示（图片和视频）、超动态显示、臻彩显示,OLED,真10.7亿色，DCI-P3广色域,多点触控，最多支持10点触控,支持80W荣耀无线超级快充，支持无线反向充电。 备注：最大支持80W无线超级快充，需单独购买充电规格不小于80W的荣耀超级快充无线充电器。实际充电功率会随不同场景智能变化，请以实际使用情况为准。,支持,"有线充电支持最大100W（20V/5A）超级快充，兼容11V/6A，10V/4A超级快充。
支持27W有线反向快充。 备注：实际充电功率会随不同场景智能变化，请以实际使用情况为准。需搭配原装有线超级快充充电器及原装充电线缆使用。
最大支持27W有线反向充电，支持对通过荣耀实验室测试的设备进行反向充电。",10000mAh（典型值） 备注：电池容量额定值为9755mAh。,锂离子聚合物电池,MagicOS 10（基于Android 16）,,,,"支持Wi-Fi 7（802.11 be），Wi-Fi 6（802.11 ax）和802.11 a/b/g/n/ac
支持2x2 MIMO，MLO，4096 QAM，160MHz，MU-MIMO，2.4G&5G双路并发
支持2.4GHz和5GHz WLAN
支持WLAN热点、WLAN直连 备注：Wi-Fi 7需要搭配相应的Wi-Fi 7路由器使用。","无线投屏
红外遥控
PC数据同步
视频通话（运营商和第三方软件）
OTG（反向供电时最大输出电流1A/5V）
数据线接口：USB Type-C，USB 2.0
耳机接口：USB Type-C 备注：
1. 红外遥控支持遥控发射，不支持自学习功能。
2. 运营商视频通话功能因不同国家或地区运营商的支持情况而异，详情请咨询网络运营商。
3. 标配数据线支持USB 2.0。
4. 仅支持 Type-C 数字耳机。","支持北斗（B1I+B1C+B2a+B2b四频）、GPS（L1+L5双频）、GLONASS（G1）、Galileo（E1+E5a+E5b三频）、QZSS（L1+L5双频）、NavIC（L1+L5双频）、A-GNSS
支持蜂窝网络定位、WLAN网络定位","蓝牙6.0
支持低功耗蓝牙(BLE)、LE Audio、Auracast 
支持SBC、AAC、LDAC、aptX、aptX HD、aptX Adaptive、aptX Lossless、LC3、LHDC5.0/4.0/3.0 
支持ASHA、LE Audio助听器协议"
荣耀Power2,Power系列,,honor-power2,https://www.honor.com/cn/phones/honor-power2/,49,"支持读/写模式、卡模拟模式（荣耀钱包，NFC-SIM，HCE） 备注：
1. NFC-SIM需放在SIM1卡槽使用。
2. NFC感应区在手机背部上方位置。",重力传感器、指纹传感器、陀螺仪、接近光传感器（非实体器件，使用超声代替）、加速度传感器、环境光传感器、红外传感器,,,,,,,,,,,,,,,,,,,,,,,,,,,,,,,,,,,,,,,,,,,,,,,,,,,,,,,,,,,,,,,,,,,,,,,,,,,,,,,,,,,,,,,,,,,,,,,,,,,,,,,,,,,,,,,,,,,,,,,,,,,,,,,,,,,,,,,,,,,,,,,,,,,,,,,,,,,,,,,,,,,荣耀自研射频增强芯片C1+,,,,,,,,,,,,AI换脸检测、密码保险箱、模糊位置、隐私助手、平行空间、反诈防火墙、应用锁、支付保护中心,YOYO智能体、AI换脸识别、魔方个性化、灵动胶囊、魔法锁屏、荣耀任意门、桌面大文件夹自定义、YOYO记忆、平行空间、个人事务中心、YOYO助理、个性化锁屏、反诈防火墙、YOYO建议、Magic 文本、OS Turbo X、GPU Turbo X、智慧互联、智慧运存、语音控制呼叫、多屏协同、电脑模式、YOYO看见、智慧识屏、全屏翻译、语音翻译、AI字幕、智慧多窗、深色模式、电子书模式、纯净文件管理、荣耀分享、快捷启动及手势、应用分身、换机克隆备份与恢复、服务维修模式,手势导航（默认）、屏幕内三键导航、悬浮导航,支持2D人脸识别,1600万像素摄像头（f/2.45光圈） 备注: 不同拍照模式的照片像素可能有差异，请以实际为准。,最大可支持 2520×1080像素 备注: 不同拍摄模式的视频像素可能有差异，请以实际为准。,最大可支持4608x3456 备注: 不同拍照模式的照片像素可能有差异，请以实际为准。,最大支持1080P（2520*1080）视频录制,"5000万像素摄像头（f/1.88 光圈，支持OIS光学防抖）
500万像素广角摄像头 备注: 不同拍照模式的照片像素可能有差异，请以实际为准。",最大支持10倍数字变焦,最大可支持 3840×2160像素 备注: 不同拍摄模式的视频像素可能有差异，请以实际为准。,最大可支持 8192*6144像素 备注: 不同拍照模式的照片像素可能有差异，请以实际为准。,最大支持4K（3840×2160）视频录制,人像模式、滤镜、笑脸抓拍、自拍镜像、声控拍照、定时拍摄、手势拍照、自拍环形补光等,电子防抖、光学防抖 备注: 仅后置支持光学防抖,,,,,,,,,,1x A725 @3.4GHz+3x A725 @3.2GHz+4x A725 @2.2GHz 备注: 实际运行频率因应用负载智能调整。,天玑8500 Elite,八核,Mali-G720 MC8,,支持,*.3gp、*.mp4、*.webm、*.mkv,HONOR SOUND,*.mp3、*.mid、*.amr、*.awb、*.3gp、*.mp4、*.m4a、*.aac、*.wav、*.ogg、*.flac、*.mkv,7.98mm,76.3mm,约216克（含电池） 备注：手机厚度不包含摄像头凸起部分，实际重量依配置、制造工艺、测量方法的不同可能有所差异。,162.1mm,"HDR峰值亮度：8000nits
全局峰值亮度：1800nits",铝硅玻璃,,2640*1200 像素 备注：该分辨率对应标准矩形，实际屏幕有效像素略少。,,,6.79英寸 备注：显示屏采用圆角设计，按照标准矩形测量时，屏幕的对角线长度是 6.79 英寸（实际可视区域略小）。,荣耀绿洲护眼屏、AI离焦视力舒缓、3840Hz超高频PWM调光、类自然光护眼、AI助眠显示、硬件级低蓝光、极暗模式、护眼模式 备注: 本产品非医疗器械，不具有治疗功能。,HDR显示（图片和视频）、臻彩显示,AMOLED,DCI-P3广色域，10.7亿色,多点触控，最多支持10点触控,,支持,"支持（最大20V/4A超级快充，兼容11V/6A，10V/4A超级快充）
支持27W有线反向快充 备注: 有线超级快充需搭配原装有线超级快充充电器与充电线使用。实际充电功率会随不同场景智能变化，请以实际使用情况为准。
最大支持27W有线反向充电，支持对通过荣耀实验室测试的设备进行反向充电。",10080mAh（典型值） 备注：电池额定容量为 9886mAh,锂离子聚合物电池（荣耀青海湖电池）,MagicOS 10（基于Android 16）,,环球行、Link Turbo X网络加速、智慧选网,,"支持Wi-Fi 6（802.11 ax）和802.11 a/b/g/n/ac
支持2x2 MIMO，1024 QAM，160MHz，MU-MIMO
支持2.4GHz和5GHz WLAN
支持WLAN热点、WLAN直连","无线投屏
红外遥控
PC数据同步
视频通话（运营商和第三方软件）
OTG（反向供电时最大输出电流1A/5V）
数据线接口：Type-C，USB 2.0
耳机接口：Type-C 备注：
1. 红外遥控支持遥控发射，不支持自学习功能。
2. 运营商视频通话功能因不同国家或地区运营商的支持情况而异，详情请咨询网络运营商。
3. 标配数据线支持USB 2.0
4. 支持Type-C数字耳机","支持北斗（B1I+B1C+B2a三频）、双频GPS（L1+L5）、Glonass（G1）、伽利略（E1 + E5a双频）、NavIC（L5）、QZSS（L1+L5双频）、A-GNSS
支持蜂窝网络定位、WLAN网络定位 备注：NavIC需要插入印度运营商SIM卡。","蓝牙6.0，
支持低功耗蓝牙(BLE)
支持LE Audio，Auracast
支持SBC、AAC、LDAC、aptX、aptX HD、LC3、LHDC5.0
支持适配LE Audio、ASHA助听器"
荣耀Power,Power系列,,honor-power,https://www.honor.com/cn/phones/honor-power/,48,,"重力传感器、指纹传感器、陀螺仪、指南针、环境光传感器、接近光传感器、加速度传感器

NFC
支持读/写模式、卡模拟模式（荣耀钱包，NFC-SIM，HCE） 备注：
1. NFC-SIM需放在SIM1卡槽使用。
2. NFC感应区在手机背部上方位置。",,,,,,,,,,,,,,,,,,,,,,,,,,,,,,,,,,,,,,,,,,,,,,,,,,,,,,,,,,,,,,,,,,,,,,,,,,,,,,,,,,,,,,,,,,,,,,,,,,,,,,,,,,,,,,,,,,,,,,,,,,,,,,,,,,,,,,,,,,,,,,,,,,,,,,,,,,"支持北斗卫星短信（仅12GB+512GB内存版支持）。 备注：
北斗卫星短信需开通运营商的相关业务，该功能与运营商业务部署相关，请以当地运营商实际业务为准。为保障飞行及通信安全，飞机关闭舱门期间请勿使用卫星通信功能。",,,,,,,,,自研射频增强芯片HONOR C1+,,,,,,,,,,,,AI换脸检测、密码保险箱、模糊位置、隐私助手、平行空间、反诈防火墙、应用锁、支付保护中心、工信部安全四级（提供了骚扰拦截、病毒查杀、权限管理等功能） 备注：仅支持视频通话场景AI换脸识别，不支持直播场景AI换脸识别。,"YOYO智能体、AI换脸识别、魔方个性化、灵动胶囊、魔法锁屏、荣耀任意门、全屏熄屏显示、桌面大文件夹自定义、收藏空间、平行空间、个人事务中心、YOYO助理、个性化锁屏、反诈防火墙、气息唤醒、YOYO建议、Magic 文本、OS Turbo X、GPU Turbo X、智慧互联、智慧运存、语音控制呼叫、多屏协同、电脑模式、智慧视觉、智慧识屏、全屏翻译、语音翻译、AI字幕、智慧多窗、深色模式、电子书模式、纯净文件管理、荣耀分享、快捷启动及手势、应用分身、换机克隆备份与恢复、服务维修模式 备注：1. 快捷启动及手势：含指关节截屏、双指关节录屏、拿起手机亮屏、双击亮屏、全局收藏、全局批注、翻转手机静音、拿起手机减弱音量。
2. 智慧视觉：含智能抠图、文字提取、扫码、智能识别、翻译、文档扫描、卡证扫描。",手势导航（默认）、屏幕内三键导航、悬浮导航,支持,1600万像素摄像头（f/2.45光圈） 备注：不同拍照模式的照片像素可能有差异，请以实际为准。,最大可支持2520×1080像素 备注：不同拍摄模式的视频像素可能有差异，请以实际为准。,最大可支持4608x3456 备注：不同拍照模式的照片像素可能有差异，请以实际为准。,最大支持1080P（2520*1080）视频录制 备注：不同拍摄模式的视频像素可能有差异，请以实际为准。,"5000万像素OIS摄像头(f/1.95光圈)
500万像素广角摄像头 备注：不同拍照模式的照片像素可能有差异，请以实际为准。",最大支持10倍数字变焦,最大可支持3840×2160像素 备注：不同拍摄模式的视频像素可能有差异，请以实际为准。,最大可支持6144×8192像素 备注：不同拍照模式的照片像素可能有差异，请以实际为准。,最大支持4K（3840×2160）视频录制,人像模式、滤镜、笑脸抓拍、自拍镜像、声控拍照、定时拍摄、手势拍照、水印模式、自拍环形补光,支持,,,,,,,,,,1×Cortex-A715 2.63GHz + 3×Cortex-A715 2.4GHz + 4×Cortex-A510 1.8GHz 备注：实际运行频率因应用负载智能调整。,第三代骁龙7移动平台,八核,Adreno 720,通话AI降噪、蓝牙耳机远程录音 备注：VoIP视频通话AI降噪和蓝牙耳机远程录音功能需配合相应的应用使用，请以实际体验为准。,支持,*.3gp、*.mp4、*.webm、*.mkv,HONOR SOUND,*.mp3、*.mid、*.amr、*.awb、*.3gp、*.mp4、*.m4a、*.aac、*.wav、*.ogg、*.flac、*.mkv,7.98mm,76.7mm,约209克（含电池） 备注：实际重量依配置、制造工艺、测量方法的不同可能有所差异。,163.7mm,,,,2700×1224像素 备注：该分辨率对应标准矩形，实际屏幕有效像素略少。,,,6.78英寸 备注：显示屏采用圆角设计，按照标准矩形测量时，屏幕的对角线长度是 6.78 英寸（实际可视区域略小）。,3840Hz超高频PWM调光、硬件级低蓝光、离焦视力舒缓、护眼模式、类自然光护眼、助眠显示 备注：本产品非医疗器械，不具有治疗功能。,"显示技术：
HDR显示（图片和视频）、超动态显示、臻彩显示 备注：该功能需要配合相应视频资源使用，请以实际体验为准。",AMOLED 等深微四曲屏,10.7亿色，DCI-P3广色域,多点触控，最多支持10点触控,,支持,荣耀66W超级快充,8000mAh（典型值） 备注：电池额定容量为 7850mAh。,锂离子聚合物电池（荣耀青海湖电池）,MagicOS 9.0 (基于Android 15),"支持移动 5G/4G+/4G/2G，电信 5G/4G+/4G，联通 5G/4G+/4G/3G/2G，广电 5G/4G+/4G
支持 4×4 MIMO天线技术 / 载波聚合技术 / HPUE / HO RxD
支持双卡双通。 备注：
1. 主卡指SIM卡管理中开通默认移动数据的卡。
2. 卡槽1、2可以任意切换为默认移动数据卡。
3. 如果两张都是电信卡，副卡（非默认移动数据卡）必须开通电信VoLTE业务，才能同时使用电信双卡。
4. 5G/4G网络使用，需要根据运营商网络和相关业务部署情况确定是否支持。
5. 双卡双通功能跟频段组合和网络覆盖相关。
6. 支持5G SA。",,,"支持Wi-Fi 6（802.11 ax）和 802.11 a/b/g/n/ac
支持2x2 MIMO，160MHz
支持2.4GHz和5GHz WLAN
支持WLAN热点、WLAN直连 备注：需要相应的路由器支持。","无线投屏
PC数据同步
视频通话
OTG（反向供电时最大输出电流1A/5V）
数据线接口：Type-C,USB 2.0
耳机接口：USB Type-C 备注：支持Type-C数字耳机。","支持北斗（B1I+B1C+B2a三频）、双频GPS（L1+L5）、Glonass（G1）、伽利略（E1 + E5a双频）、NavIC（L5）、A-GNSS
支持蜂窝网络定位、WLAN网络定位 备注：NavIC需要插入印度运营商SIM卡。","BT5.3
支持低功耗蓝牙(BLE)
支持SBC、AAC、LDAC、aptX、aptX HD"
荣耀X80 Pro Max,X系列,,honor-x80-pro-max,https://www.honor.com/cn/phones/honor-x80-pro-max/,49,"支持读/写模式、卡模拟模式（荣耀钱包，NFC-SIM，HCE） 备注：
1. NFC-SIM需放在SIM1卡槽使用。
2. NFC感应区在手机背部摄像头区域。",重力传感器、红外传感器、指纹传感器、陀螺仪、指南针、环境光传感器、接近光传感器（非实体器件，使用超声代替）、加速度传感器,,,,,,,,,,,,,,,,,,,,,,,,,,,,,,,,,,,,,,,,,,,,,,,,,,,,,,,,,,,,,,,,,,,,,,,,,,,,,,,,,,,,,,,,,,,,,,,,,,,,,,,,,,,,,,,,,,,,,,,,,,,,,,,,,,,,,,,,,,,,,,,,,,,,,,,,,,,,,,,,,,,,,,,,,,,,,,,AI换脸检测、密码保险箱、模糊位置、反诈防护、应用锁、支付保护中心、平行空间、诈骗话术检测、语音AI合成检测 备注：AI换脸检测仅支持视频通话场景，不支持直播场景；语音AI合成检测仅支持接打电话&微信/QQ音频通话场景。,AI随心握/AI侧边栏/AI字幕/AI翻译/AI通话/AI帮写/信任环/YOYO购物搭子/YOYO记忆/YOYO建议/YOYO智能体/AI换脸检测/诈骗话术检测/语音AI合成检测/AI笔记/AI会议/AI摘要/AI编辑/AI截图/全品牌换机/全品牌互传/iPhone双机双持体验（通知共享）/平行空间/隐私打码/气息唤醒/应用隐藏/魔法锁屏/荣耀任意门/灵动胶囊/智慧运存/熄屏显示AOD/YOYO助理/荣耀笔记/智慧互联/个人事务中心/纯净文件管理/多屏协同/无线投屏/荣耀分享/换机克隆/智慧多窗/智慧视觉/智慧识屏/情景感知/支付保护中心/应用锁/应用分身/密码保险箱/备份与恢复/服务维修模式/深色模式/电子书模式,手势导航（默认）、屏幕内三键导航、悬浮球,支持2D人脸识别,800万像素摄像头（f/2.0光圈） 备注：不同拍照模式的照片像素可能有差异，请以实际为准。,最大可支持 2520x1080像素 备注：不同拍摄模式的视频像素可能有差异，请以实际为准。,最大可支持  3264x2448 备注：不同拍照模式的照片像素可能有差异，请以实际为准。,最大可支持 2520x1080像素,5000万像素摄像头（f/1.88 光圈，支持OIS光学防抖） 备注：不同拍照模式的照片像素可能有差异，请以实际为准。,10倍数字变焦,最大可支持3840x2160像素 备注：不同拍摄模式的视频像素可能有差异，请以实际为准。,最大可支持 8192x6144像素 备注：不同拍照模式的照片像素可能有差异，请以实际为准。,最大支持4K视频录制，1080P 30FPS及以下规格支持EIS防抖。,动态照片、人像模式、水印、滤镜、笑脸抓拍、自拍镜像、声控拍照、定时拍摄、手势拍照等,电子防抖、光学防抖 备注：仅后置支持光学防抖。,,,,,,,,,,4× A78*2.6GHz + 4× A55*2.0GHz 备注：实际运行频率因应用负载智能调整。,第五代骁龙6移动平台,八核,Adreno 812,蓝牙耳机远程录音,支持,3gp/mp4,HONOR Sound,mp3/amr/awb/3gp/mp4/m4a/aac/wav/ogg/flac/mkv,8.08mm 备注：手机厚度不包含摄像头凸起部分，实际尺寸依配置、制造工艺、测量方法的不同可能有所差异。,77mm,约203克（含电池） 备注：实际重量依配置、制造工艺、测量方法的不同可能有所差异。,162.2mm,"HDR峰值亮度：10000nits
全局峰值亮度：2000nits",铝硅玻璃,,2788x1280 备注：该分辨率对应标准矩形，实际屏幕有效像素略少。,,,6.8英寸 备注：显示屏采用圆角设计，按照标准矩形测量时，屏幕的对角线长度是 6.8英寸（实际可视区域略小）。,AI动态离焦护眼、AI助眠显示、AI亮度调节、3840Hz超高频PWM调光、晕动视觉舒缓、DOT点散视力舒缓、个性化显示、类自然光护眼、硬件级低蓝光、极暗模式 备注：本产品非医疗器械，不具有治疗功能。,HDR显示（图片和视频）、超动态显示、臻彩显示,LTPS AMOLED,DCI-P3广色域，10.7亿色,多点触控，最多支持10点触控,,支持,"支持（最大20V/4.5A超级快充，兼容11V4.1A，5V/3A充电）
支持27W有线反向快充 备注：有线超级快充需搭配原装有线超级快充充电器与充电线使用。实际充电功率会随不同场景智能变化，请以实际使用情况为准。
最大支持27W有线反向充电，支持对通过荣耀实验室测试的设备进行反向充电。",11000mAh（典型值） 备注：电池额定容量为10690mAh。,锂离子聚合物电池（荣耀青海湖电池）,MagicOS 10.0（基于Android 16）,,环球行、Link Turbo X网络加速、智慧选网,,"支持Wi-Fi 6（802.11 ax）和802.11 a/b/g/n/ac
支持1024 QAM，80MHz
支持2.4GHz和5GHz WLAN
支持WLAN热点、WLAN直连","无线投屏
红外遥控
PC数据同步
视频通话（运营商和第三方软件）
OTG（反向供电时最大输出电流3A/9V）
数据线接口：Type-C，USB 2.0
耳机接口：Type-C 备注：
1. 红外遥控支持遥控发射，不支持自学习功能。
2. 运营商视频通话功能因不同国家或地区运营商的支持情况而异，详情请咨询网络运营商。
3. 标配数据线支持USB 2.0。
4. 支持Type-C数字耳机。","支持北斗（B1I+B1C+B2a三频）、GPS（L1+L5双频）、GLONASS L1c、Galileo（E1 + E5a双频）、QZSS(L1+L5双频)、NavIC（L5）、A-GNSS(A-GPS\A-GLONASS\A-BDS)
支持蜂窝网络定位、WLAN网络定位","蓝牙6.0，支持低功耗蓝牙(BLE)
支持LE Audio，Auracast
支持SBC、AAC、LDAC、aptX、aptX HD、aptX Adaptive、LC3、LHDC5.0
支持适配LE Audio、ASHA助听器"
荣耀X70 Pro Max,X系列,,honor-x70-pro-max,https://www.honor.com/cn/phones/honor-x70-pro-max/,48,"支持读/写模式、卡模拟模式（荣耀钱包，NFC-SIM，HCE） 备注：
1. NFC-SIM需放在SIM1卡槽使用。
2. NFC感应区在手机背部摄像头右侧。",重力传感器、红外传感器、指纹传感器、陀螺仪、指南针、环境光传感器、接近光传感器（非实体器件，使用超声代替）、加速度传感器,,,,,,,,,,,,,,,,,,,,,,,,,,,,,,,,,,,,,,,,,,,,,,,,,,,,,,,,,,,,,,,,,,,,,,,,,,,,,,,,,,,,,,,,,,,,,,,,,,,,,,,,,,,,,,,,,,,,,,,,,,,,,,,,,,,,,,,,,,,,,,,,,,,,,,,,,,,,,,,,,,,,,,,,,,,,,,,AI换脸检测、密码保险箱、模糊位置、反诈防护、应用锁、支付保护中心、平行空间,气息唤醒/应用隐藏/YOYO智能体/AI换脸识别/AI翻译/魔方个性化/AI文档/AI笔记/AI 字幕/平行空间/隐私打码/魔法锁屏/全任意门/灵动胶囊/智慧运存/熄屏显示AOD//YOYO助理/荣耀笔记/Magic 文本/智慧互联/个人事务中心/纯净文件管理/多屏协同/无线投屏/荣耀分享/换机克隆/智慧多窗/智慧视觉/智慧识屏/情景感知/支付保护中心/应用锁/应用分身/密码保险箱/备份与恢复/服务维修模式/深色模式/电子书模式,手势导航（默认）、屏幕内三键导航、悬浮球,支持2D人脸识别,800万像素摄像头（f/2.0光圈） 备注：不同拍照模式的照片像素可能有差异，请以实际为准。,最大可支持 2520x1080像素 备注：不同拍摄模式的视频像素可能有差异，请以实际为准。,最大可支持  3264x2448 备注：不同拍照模式的照片像素可能有差异，请以实际为准。,最大可支持 2520x1080像素,5000万像素摄像头（f/1.8 光圈） 备注：不同拍照模式的照片像素可能有差异，请以实际为准。,10倍数字变焦,最大可支持3840x2160像素 备注：不同拍摄模式的视频像素可能有差异，请以实际为准。,最大可支持 8192x6144像素 备注：不同拍照模式的照片像素可能有差异，请以实际为准。,最大支持4K视频录制，1080P 30FPS及以下规格支持EIS防抖。,动态照片、人像模式、水印、滤镜、笑脸抓拍、自拍镜像、声控拍照、定时拍照、手势拍照等,电子防抖,,,,,,,,,,1× A720*2.3GHz + 3× A720*2.2GHz+ 4× A520*1.8GHz 备注：实际运行频率因应用负载智能调整。,第四代骁龙6移动平台增强版,八核,Adreno 810,,支持,3gp/mp4,HONOR Sound,mp3/mid/amr/awb/3gp/mp4/m4a/aac/wav/ogg/flac/mkv,7.76mm,76.1mm,约196克（含电池） 备注：手机厚度不包含摄像头凸起部分，实际尺寸/重量依配置、制造工艺、测量方法的不同可能有所差异。,161.9mm,"峰值亮度：6000nits
全局最大亮度：1800nits
典型值：800nits 备注：6000nits指屏幕峰值亮度，仅在部分场景下生效，产品体验以实际为准。",铝硅玻璃,,2640×1200 像素 备注：该分辨率对应标准矩形，实际屏幕有效像素略少。,,,6.79英寸 备注：显示屏采用圆角设计，按照标准矩形测量时，屏幕的对角线长度是 6.79英寸（实际可视区域略小）。,AI离焦护眼、荣耀绿洲护眼屏、3840Hz超高频PWM调光、类自然光护眼、AI助眠显示、硬件级低蓝光、极暗模式 备注：本产品非医疗器械，不具有治疗功能。,HDR显示（图片和视频）、超动态显示、臻彩显示,AMOLED,DCI-P3广色域，10.7亿色,多点触控，最多支持10点触控,,支持,支持（最大20V/4.5A超级快充，兼容20V/3.3A，11V4.1A，5V/3A充电），支持有线反向充电 备注：有线超级快充需搭配原装有线超级快充充电器与充电线使用。实际充电功率会随不同场景智能变化，请以实际使用情况为准。,8560mAh（典型值） 备注：电池额定容量为 8100mAh。,锂离子聚合物电池（荣耀青海湖电池）,MagicOS 10.0（基于Android 16）,,环球行、Link Turbo X网络加速、智慧选网,,"支持Wi-Fi 6（802.11 ax）和802.11 a/b/g/n/ac
支持1024 QAM，80MHz
支持2.4GHz和5GHz WLAN
支持WLAN热点、WLAN直连","无线投屏
红外遥控
PC数据同步
视频通话（运营商和第三方软件）
OTG（反向供电时最大输出电流1A/5V）
数据线接口：Type-C，USB 2.0
耳机接口：Type-C 备注：
1. 红外遥控支持遥控发射，不支持自学习功能。
2. 运营商视频通话功能因不同国家或地区运营商的支持情况而异，详情请咨询网络运营商。
3. 标配数据线支持USB 2.0。
4. 支持Type-C数字耳机。","支持北斗（B1I+B1C+B2a三频）、GPS（L1+L5双频）、Glonass（G1）、Galileo（E1 + E5a双频）、QZSS（L1+L5双频)、NavIC（L5）、A-GNSS
支持蜂窝网络定位、WLAN网络定位","蓝牙5.2，支持低功耗蓝牙（BLE）
支持SBC、AAC、LDAC、aptX、aptX HD、aptX Adaptive
支持ASHA助听器协议"
荣耀X80i,X系列,,honor-x80i,https://www.honor.com/cn/phones/honor-x80i/,46,"支持读/写模式、卡模拟模式（荣耀钱包，NFC-SIM，HCE） 备注：
 1：NFC-SIM需放在SIM1卡槽使用
 2：NFC感应区在手机背部摄像头右侧",红外传感器、指纹传感器（屏下指纹）、指南针、环境光传感器、接近光传感器（非实体器件，使用超声代替）、加速度传感器,,,,,,,,,,,,,,,,,,,,,,,,,,,,,,,,,,,,,,,,,,,,,,,,,,,,,,,,,,,,,,,,,,,,,,,,,,,,,,,,,,,,,,,,,,,,,,,,,,,,,,,,,,,,,,,,,,,,,,,,,,,,,,,,,,,,,,,,,,,,,,,,,,,,,,,,,,,,,,,,,,,,,,,,,,,,,,,AI换脸/变声检测、密码保险箱、平行空间、反诈防护、应用锁、支付保护中心,YOYO智能体、AI换脸/变声检测、灵动胶囊、魔法锁屏、荣耀任意门、平行空间、隐藏应用、个人事务中心、YOYO建议、YOYO记忆、YOYO问屏、YOYO简报、AI笔记、AI字幕、AI翻译、OS Turbo X、GPU Turbo X、智慧运存、熄屏显示、智慧多窗、深色模式、电子书模式、纯净文件管理、荣耀分享、快捷启动及手势、无线投屏、应用锁、应用分身、密码保险箱、换机克隆、备份与恢复,手势导航（默认）、三键导航、悬浮球（原悬浮导航）,支持2D人脸识别,800万像素摄像头（f/2.0光圈） 备注: 不同拍照模式的照片像素可能有差异，请以实际为准。,最大可支持2520×1080像素 备注: 不同拍摄模式的视频像素可能有差异，请以实际为准。,最大可支持3264x2448像素 备注: 不同拍照模式的照片像素可能有差异，请以实际为准。,最大支持1080P（2520×1080）视频录制,5000万像素摄像头（f/1.8 光圈） 备注: 不同拍照模式的照片像素可能有差异，请以实际为准。,最大支持10倍数字变焦,最大可支持2520×1080像素 备注: 不同拍摄模式的视频像素可能有差异，请以实际为准。,最大可支持8192x6144像素 备注: 不同拍照模式的照片像素可能有差异，请以实际为准。,最大支持1080P（2520×1080）视频录制,普通拍照、人像、录像、多镜录像、水印、笑脸抓拍、自拍镜像、手势拍照、滤镜、动态照片等,,,,,,,,,,,2xA76 2.6GHz+6xA55 2.0GHz 备注: 实际运行频率因应用负载智能调整。,天玑6500 Elite,八核,G57 MC2,,支持,*.3gp、*.mp4、*.webm、*.mkv,HONOR Sound,*.mp3、*.amr、*.awb、*.3gp、*.mp4、*.m4a、*.aac、*.wav、*.ogg、*.flac、*.mkv,7.34mm,75.35mm,约185克（含电池） 备注:手机厚度不包含摄像头凸起部分，实际尺寸/重量依配置、制造工艺、测量方法的不同可能有所差异。,157.43mm,"峰值亮度：6500nits
全局最大亮度：2000nits
典型值：800nits 备注：6500nits指屏幕峰值亮度，仅在部分场景下生效，产品体验以实际为准。",铝硅玻璃,,2600×1200 像素 备注: 该分辨率对应标准矩形，实际屏幕有效像素略少,,,6.6英寸 备注: 显示屏采用圆角设计，按照标准矩形测量时，屏幕的对角线长度是 6.6英寸（实际可视区域略小）。,荣耀绿洲护眼，助眠显示，3840Hz高频PWM调光，类自然光护眼，硬件级低蓝光 备注: 本产品非医疗器械，不具有治疗功能。,,AMOLED,DCI-P3广色域，10.7亿色,多点触控，最多支持10点触控,,支持,支持（最大11V/4.1A超级快充），支持有线反向充电 备注: 有线超级快充需搭配原装有线超级快充充电器与充电线使用。实际充电功率会随不同场景智能变化，请以实际使用情况为准。,7000mAh（典型值） 备注: 电池额定容量为 6800mAh,锂离子聚合物电池,MagicOS 10（基于Android 16）,,Link Turbo X网络加速,,"支持802.11 a/b/g/n/ac
支持256QAM
支持2.4GHz和5GHz WLAN
支持WLAN热点、WLAN直连","无线投屏
红外遥控
PC数据同步
视频通话（运营商和第三方软件）
OTG（反向供电时最大输出电流1.2A/5V）
数据线接口：Type-C，USB 2.0
耳机接口：Type-C 备注：
 1. 红外遥控支持遥控发射，不支持自学习功能。
 2. 运营商视频通话功能因不同国家或地区运营商的支持情况而异，详情请咨询网络运营商。
 3. 标配数据线支持USB 2.0
 4. 支持Type-C数字耳机","支持北斗(B1C+B1I)、GPS(L1)、GLONASS(G1)、Galileo(E1)、QZSS(L1)、A-GNSS
支持蜂窝网络定位、WLAN网络定位","BT 6.0，
支持BLE,SBC,AAC,LDAC,aptX,aptX HD,LHDC5.0"
荣耀X70 焕新版,X系列,,honor-x70-new,https://www.honor.com/cn/phones/honor-x70-new/,49,"支持读/写模式、卡模拟模式（荣耀钱包，NFC-SIM，HCE） 备注：
1：NFC-SIM需放在SIM1卡槽使用
2：NFC感应区在手机背部摄像头左侧",重力传感器、红外传感器、指纹传感器、陀螺仪、指南针、环境光传感器、接近光传感器（非实体器件，使用超声代替）、加速度传感器,,,,,,,,,,,,,,,,,,,,,,,,,,,,,,,,,,,,,,,,,,,,,,,,,,,,,,,,,,,,,,,,,,,,,,,,,,,,,,,,,,,,,,,,,,,,,,,,,,,,,,,,,,,,,,,,,,,,,,,,,,,,,,,,,,,,,,,,,,,,,,,,,,,,,,,,,,,,,,,,,,,,,,,,,,,,,,,AI换脸检测、密码保险箱、模糊位置、反诈防护、应用锁、支付保护中心、平行空间,气息唤醒/应用隐藏/YOYO智能体/AI换脸识别/AI翻译/魔方个性化/AI文档/AI笔记/AI 字幕/平行空间/隐私打码/魔法锁屏/全任意门/灵动胶囊/智慧运存/熄屏显示AOD//YOYO助理/荣耀笔记/Magic 文本/智慧互联/个人事务中心/纯净文件管理/多屏协同/无线投屏/荣耀分享/换机克隆/智慧多窗/智慧视觉/智慧识屏/情景感知/支付保护中心/应用锁/应用分身/密码保险箱/备份与恢复/服务维修模式/深色模式/电子书模式,手势导航（默认）、屏幕内三键导航、悬浮导航,支持2D人脸识别,800万像素摄像头（f/2.0光圈） 备注：不同拍照模式的照片像素可能有差异，请以实际为准。,最大可支持 2520*1080 像素 备注：不同拍摄模式的视频像素可能有差异，请以实际为准。,最大可支持  3264*2448 像素 备注：不同拍照模式的照片像素可能有差异，请以实际为准。,最大可支持 2520*1080 像素,5000万像素摄像头（f/1.88 光圈，支持OIS光学防抖） 备注：不同拍照模式的照片像素可能有差异，请以实际为准。,10倍数字变焦,最大可支持 3840*2160 像素 备注：不同拍摄模式的视频像素可能有差异，请以实际为准。,最大可支持 8192*6144 像素 备注：不同拍照模式的照片像素可能有差异，请以实际为准。,最大支持4K视频录制，1080P 30FPS及以下规格支持EIS防抖。,动态照片、人像模式、水印、滤镜、笑脸抓拍、自拍镜像、声控拍照、定时拍照、手势拍照等,电子防抖、光学防抖 备注：仅后置支持光学防抖。,,,,,,,,,,1× A720*2.3GHz + 3× A720*2.2GHz+ 4× A520*1.8GHz 备注：实际运行频率因应用负载智能调整。,第四代骁龙6移动平台,八核,Adreno 810,,支持,3gp/mp4,HONOR Histen 7.3,mp3/mid/amr/awb/3gp/mp4/m4a/aac/wav/ogg/flac/mkv,"128/256GB版本：7.76mm
512GB版本：7.96mm",76.1mm,"128/256GB版本：约193克（含电池）
512GB版本：约199克（含电池） 备注：手机厚度不包含摄像头凸起部分，实际尺寸/重量依配置、制造工艺、测量方法的不同可能有所差异。",161.9mm,"峰值亮度：6000nits
全局最大亮度：1800nits
典型值：800nits 备注：6000nits指屏幕峰值亮度，仅在部分场景下生效，产品体验以实际为准。",铝硅玻璃,,2640×1200 像素 备注：该分辨率对应标准矩形，实际屏幕有效像素略少。,,,6.79英寸 备注：显示屏采用圆角设计，按照标准矩形测量时，屏幕的对角线长度是 6.79英寸（实际可视区域略小）。,AI离焦护眼、荣耀绿洲护眼屏、3840Hz超高频PWM调光、类自然光护眼、AI助眠显示、硬件级低蓝光、极暗模式 备注: 本产品非医疗器械，不具有治疗功能。,HDR显示（图片和视频）、超动态显示、臻彩显示,AMOLED,DCI-P3广色域，10.7亿色,多点触控，最多支持10点触控,仅512GB 版本最大支持80W荣耀无线超级快充，支持无线反向充电 备注：无线超级快充需单独购买规格不小于80W的荣耀无线超级快充底座以及100W荣耀超级快充充电器和对应数据线。实际充电功率会随不同场景智能变化，请以实际使用情况为准。,支持,支持（最大20V/4A超级快充，兼容20V/3.3A，11V6A，10V/4A充电），支持有线反向充电 备注：有线超级快充需搭配原装有线超级快充充电器与充电线使用。实际充电功率会随不同场景智能变化，请以实际使用情况为准。,8300mAh（典型值） 备注：电池额定容量为 8100mAh。,锂离子聚合物电池（荣耀青海湖电池）,MagicOS 10（基于Android 16）,,环球行、Link Turbo X网络加速、智慧选网,,"支持Wi-Fi 6（802.11 ax）和802.11 a/b/g/n/ac
支持1024 QAM，80MHz
支持2.4GHz和5GHz WLAN
支持WLAN热点、WLAN直连","无线投屏
红外遥控
PC数据同步
视频通话（运营商和第三方软件）
OTG（反向供电时最大输出电流1A/5V）
数据线接口：Type-C，USB 2.0
耳机接口：Type-C 备注：
1. 红外遥控支持遥控发射，不支持自学习功能。
2. 运营商视频通话功能因不同国家或地区运营商的支持情况而异，详情请咨询网络运营商。
3. 标配数据线支持USB 2.0。
4. 支持Type-C数字耳机。","支持北斗（B1I+B1C+B2a三频）、GPS（L1+L5双频）、Glonass（G1）、Galileo（E1 + E5a双频）、QZSS(L1+L5双频)、NavIC（L5）、A-GNSS
支持蜂窝网络定位、WLAN网络定位","蓝牙5.2，支持低功耗蓝牙(BLE)
支持SBC、AAC、LDAC、aptX、aptX HD、aptX Adaptive
支持ASHA助听器协议"
荣耀X60 GT,X系列,,honor-x60-gt,https://www.honor.com/cn/phones/honor-x60-gt/,49,"支持读/写模式、卡模拟模式（荣耀钱包，NFC-SIM，HCE） 备注：1.NFC-SIM需放在SIM1卡槽使用。
2.NFC感应区在手机背部摄像头旁边位置。",重力传感器、红外传感器、指纹传感器、陀螺仪、指南针、环境光传感器、接近光传感器（非实体器件，使用超声代替）、加速度传感器、线性马达 备注：红外传感器支持遥控发射，不支持自学习功能。,,,,,,,,,,,,,,,,,,,,,,,,,,,,,,,,,,,,,,,,,,,,,,,,,,,,,,,,,,,,,,,,,,,,,,,,,,,,,,,,,,,,,,,,,,,,,,,,,,,,,,,,,,,,,,,,,,,,,,,,,,,,,,,,,,,,,,,,,,,,,,,,,,,,,,,,,,,,,,,,,,,,,,,,,,,,,,,AI换脸检测、密码保险箱、模糊位置、隐私助手、平行空间、反诈防火墙、应用锁、支付保护中心、隐私时刻、工信部安全一级（提供了骚扰拦截、病毒查杀、权限管理等功能） 备注：仅支持视频通话场景AI换脸识别，不支持直播场景AI换脸识别。,"YOYO智能体、AI换脸识别、AI翻译、魔方个性化、魔法形象、AI文档、AI笔记、灵动胶囊、魔法锁屏、荣耀任意门、晕动舒缓显示、全屏熄屏显示、桌面大文件夹自定义、收藏空间、平行空间、个人事务中心、YOYO助理、个性化锁屏、反诈防火墙、气息唤醒、YOYO建议、Magic 文本、OS Turbo X、GPU Turbo X、智慧互联、智慧运存、语音控制呼叫、多屏协同、电脑模式、智慧视觉、智慧识屏、全屏翻译、语音翻译、AI字幕、智慧多窗、深色模式、电子书模式、纯净文件管理、荣耀分享、快捷启动及手势、应用分身、换机克隆、备份与恢复、服务维修模式 备注：1. 快捷启动及手势：含指关节截屏、双指关节录屏、拿起手机亮屏、双击亮屏、全局收藏、全局批注、翻转手机静音、拿起手机减弱音量。
2. 智慧视觉：含购物、识物、智能抠图、文字提取、扫码、智能识别、翻译、文档扫码、卡证扫描、试卷还原。",手势导航（默认）、屏幕内三键导航、悬浮导航,支持2D人脸识别,前置1600万像素摄像头（f/2.45光圈） 备注：不同拍照模式的照片像素可能有差异，请以实际为准。,最大可支持2520×1080像素 备注：不同拍摄模式的视频像素可能有差异，请以实际为准。,最大可支持4608×3456像素 备注：不同拍照模式的照片像素可能有差异，请以实际为准。,最大支持1080P（2520 × 1080）视频录制，支持EIS视频防抖,5000万像素摄像头（f/1.88光圈，支持OIS光学防抖）+ 200万像素景深摄像头（f/2.4光圈），支持自动对焦。 备注：不同拍照模式的照片像素可能有差异，请以实际为准。,最大10倍数字变焦 备注：不同模式下可能有差异，请以实际为准。,最大可支持3840 × 2160像素 备注：不同拍摄模式的视频像素可能有差异，请以实际为准。,最大可支持8192×6144像素 备注：不同拍照模式的照片像素可能有差异，请以实际为准。,最大支持4K（3840×2160）像素,动态照片、人像模式、滤镜、笑脸抓拍、自拍镜像、声控拍照、定时拍摄、手势拍照、水印模式、高像素模式、多镜录像、录像、微电影等。,电子防抖、光学防抖,,,,,,,,,,1×Cortex-X2 3.2GHz+3×Cortex-A710 2.75GHz+ 4×Cortex-A510 2.0GHz 备注：实际运行频率因应用负载智能调整。,第一代骁龙8+移动平台,八核,Adreno 730,VoIP视频通话AI降噪、蓝牙耳机远程录音 备注：VoIP语音和视频（非听筒设备）仅支持上行降噪，VoIP视频通话AI降噪和蓝牙耳机远程录音功能需配合相应的应用使用，请以实际体验为准。,支持,3gp、mp4,HONOR Histen 7.3,mp3、mp4、3gp、ogg、amr、aac、flac、wav、midi,7.7mm,74.2mm,约193g（含电池） 备注：实际尺寸/重量依配置、制造工艺、测量方法的不同可能有所差异。,161mm,峰值亮度：5000nits,铝硅玻璃,,FHD+ 2664*1200 像素 备注：该分辨率对应标准矩形，实际屏幕有效像素略少。,,,6.7英寸 备注：显示屏采用圆角设计，按照标准矩形测量时，屏幕的对角线长度是6.7英寸（实际可视区域略小）。,3840Hz PWM零风险调光、类自然光护眼、硬件级低蓝光、自然色彩显示、AI助眠显示、AI离焦护眼 备注：本产品非医疗器械，不具有治疗功能。,"显示技术：
HDR显示（图片和视频）、臻彩显示
显示认证：
支持德国莱茵TÜV无频闪认证
帧享超高清认证 备注：该功能需要配合相应视频资源使用，请以实际体验为准。",AMOLED,真10.7亿色，DCI-P3广色域,"多点触控，最多支持10点触控
瞬时触控采样率：2700Hz 数据来源于荣耀实验室，请以实际体验为准。",,支持,手机支持最大20V/4A超级快充，兼容11V/6A或10V/4A超级快充。 备注：最大支持80W有线超级快充，需搭配原装有线超级快充充电器及原装充电线缆使用。实际充电功率会随不同场景智能变化，请以实际使用情况为准。,6300mAh（典型值） 备注：电池额定容量为6120mAh（内置不可拆卸）。,锂离子聚合物电池（荣耀青海湖电池）,MagicOS 9.0（基于Android 15）,"支持移动 5GA/5G/4G+/4G/2G，电信 5GA/5G/4G+/4G，联通5GA/ 5G/4G+/4G/3G/2G，广电5GA/ 5G/4G+/4G

支持 4×4 MIMO天线技术 / 载波聚合技术 / HPUE / HO RxD 备注：
1. 主卡指SIM卡管理中开通默认移动数据的卡。
2. 卡槽1、2可以任意切换为默认移动数据卡。
3. 如果两张都是电信卡，副卡（非默认移动数据卡）必须开通电信VoLTE业务，才能同时使用电信双卡。
4. 5G/4G网络使用，需要根据运营商网络和相关业务部署情况确定是否支持。
5. 支持5G SA。",,,"支持 802.11 a/b/g/n/ac/ax
支持2x2 MIMO","无线投屏
红外遥控
PC数据同步
视频通话（运营商和第三方软件）
OTG（反向供电时最大输出电流1A/5V）
数据线接口：USB Type-C，USB 2.0
耳机接口：USB Type-C 备注：
*红外遥控支持遥控发射，不支持自学习功能。
*运营商视频通话功能因不同国家或地区运营商的支持情况而异，详情请咨询网络运营商。
*标配数据线支持USB 2.0。
*仅支持Type-C数字耳机","支持北斗、GPS、Glonass、伽利略、QZSS、A-GNSS，
支持蜂窝网络定位、WLAN网络定位","BT5.3，
支持低功耗蓝牙（BLE）
支持SBC、AAC、LDAC、APTX、APTX HD"
荣耀Play11 Plus,Play系列,,honor-play11-plus,https://www.honor.com/cn/phones/honor-play11-plus/,46,"支持读/写模式、卡模拟模式（荣耀钱包，NFC-SIM，HCE） 备注：
 1：NFC-SIM需放在SIM1卡槽使用
 2：NFC感应区在手机背部摄像头右侧",红外传感器、指纹传感器（屏下指纹）、指南针、环境光传感器、接近光传感器（非实体器件，使用超声代替）、加速度传感器,,,,,,,,,,,,,,,,,,,,,,,,,,,,,,,,,,,,,,,,,,,,,,,,,,,,,,,,,,,,,,,,,,,,,,,,,,,,,,,,,,,,,,,,,,,,,,,,,,,,,,,,,,,,,,,,,,,,,,,,,,,,,,,,,,,,,,,,,,,,,,,,,,,,,,,,,,,,,,,,,,,,,,,,,,,,,,,AI换脸/变声检测、密码保险箱、平行空间、反诈防护、应用锁、支付保护中心,YOYO智能体、AI换脸/变声检测、灵动胶囊、魔法锁屏、荣耀任意门、平行空间、隐藏应用、个人事务中心、YOYO建议、YOYO记忆、YOYO问屏、YOYO简报、AI笔记、AI字幕、AI翻译、OS Turbo X、GPU Turbo X、智慧运存、熄屏显示、智慧多窗、深色模式、电子书模式、纯净文件管理、荣耀分享、快捷启动及手势、无线投屏、应用锁、应用分身、密码保险箱、换机克隆、备份与恢复,手势导航（默认）、三键导航、悬浮球（原悬浮导航）,支持2D人脸识别,800万像素摄像头（f/2.0光圈） 备注: 不同拍照模式的照片像素可能有差异，请以实际为准。,最大可支持2520×1080像素 备注: 不同拍摄模式的视频像素可能有差异，请以实际为准。,最大可支持3264x2448像素 备注: 不同拍照模式的照片像素可能有差异，请以实际为准。,最大支持1080P（2520×1080）视频录制,5000万像素摄像头（f/1.8 光圈） 备注: 不同拍照模式的照片像素可能有差异，请以实际为准。,最大支持10倍数字变焦,最大可支持2520×1080像素 备注: 不同拍摄模式的视频像素可能有差异，请以实际为准。,最大可支持8192x6144像素 备注: 不同拍照模式的照片像素可能有差异，请以实际为准。,最大支持1080P（2520×1080）视频录制,普通拍照、人像、录像、多镜录像、水印、笑脸抓拍、自拍镜像、手势拍照、滤镜、动态照片等,,,,,,,,,,,2xA76 2.6GHz+6xA55 2.0GHz 备注: 实际运行频率因应用负载智能调整。,天玑6500 Elite,八核,G57 MC2,,支持,*.3gp、*.mp4、*.webm、*.mkv,HONOR Sound,*.mp3、*.amr、*.awb、*.3gp、*.mp4、*.m4a、*.aac、*.wav、*.ogg、*.flac、*.mkv,7.34mm,75.35mm,约185克（含电池） 备注:手机厚度不包含摄像头凸起部分，实际尺寸/重量依配置、制造工艺、测量方法的不同可能有所差异。,157.43mm,"峰值亮度：6500nits
全局最大亮度：2000nits
典型值：800nits 备注：6500nits指屏幕峰值亮度，仅在部分场景下生效，产品体验以实际为准。",铝硅玻璃,,2600×1200 像素 备注: 该分辨率对应标准矩形，实际屏幕有效像素略少。,,,6.6英寸 备注: 显示屏采用圆角设计，按照标准矩形测量时，屏幕的对角线长度是 6.6英寸（实际可视区域略小）。,荣耀绿洲护眼，助眠显示，3840Hz高频PWM调光，类自然光护眼，硬件级低蓝光 备注: 本产品非医疗器械，不具有治疗功能。,,AMOLED,DCI-P3广色域，10.7亿色,多点触控，最多支持10点触控,,支持,支持（最大11V/4.1A超级快充），支持有线反向充电 备注: 有线超级快充需搭配原装有线超级快充充电器与充电线使用。实际充电功率会随不同场景智能变化，请以实际使用情况为准。,7000mAh（典型值） 备注: 电池额定容量为 6800mAh。,锂离子聚合物电池,MagicOS 10（基于Android 16）,,Link Turbo X网络加速,,"支持802.11 a/b/g/n/ac
支持256QAM
支持2.4GHz和5GHz WLAN
支持WLAN热点、WLAN直连","无线投屏
红外遥控
PC数据同步
视频通话（运营商和第三方软件）
OTG（反向供电时最大输出电流1.2A/5V）
数据线接口：Type-C，USB 2.0
耳机接口：Type-C 备注：
 1. 红外遥控支持遥控发射，不支持自学习功能。
 2. 运营商视频通话功能因不同国家或地区运营商的支持情况而异，详情请咨询网络运营商。
 3. 标配数据线支持USB 2.0
 4. 支持Type-C数字耳机","支持北斗(B1C+B1I)、GPS(L1)、GLONASS(G1)、Galileo(E1)、QZSS(L1)、A-GNSS
支持蜂窝网络定位、WLAN网络定位","BT 6.0，
支持BLE,SBC,AAC,LDAC,aptX,aptX HD,LHDC5.0"
荣耀Play10,Play系列,,honor-play10,https://www.honor.com/cn/phones/honor-play10/,46,支持,重力传感器、指纹传感器、指南针、环境光传感器、接近光传感器、加速度传感器,,,,,,,,,,,,,,,,,,,,,,,,,,,,,,,,,,,,,,,,,,,,,,,,,,,,,,,,,,,,,,,,,,,,,,,,,,,,,,,,,,,,,,,,,,,,,,,,,,,,,,,,,,,,,,,,,,,,,,,,,,,,,,,,,,,,,,,,,,,,,,,,,,,,,,,,,,,,,,,,,,,,,,,,,,,,,,,1、工信部安全一级；,人脸解锁/应用锁/应用分身/备份与恢复/换机克隆/电子书模式/YOYO建议/指关节截屏/灵动胶囊/熄屏显示,手势导航（默认）、屏幕内三键导航、悬浮导航,支持,500万像素前置摄像头（F/2.2光圈） 备注：不同拍照模式的照片像素可能有差异，请以实际为准。,最大可支持 1920x1080像素 备注：不同拍摄模式的视频像素可能有差异，请以实际为准。,最大可支持2592X1944像素 备注：不同拍照模式的照片像素可能有差异，请以实际为准。,最高支持1080P 30fps视频录制,5000万像素后置主摄像头(f/1.8光圈) 备注：不同拍照模式的照片像素可能有差异，请以实际为准。,最大支持8倍数字变焦 备注：不同模式下可能有差异，请以实际为准。,最大可支持1920x1080像素 备注：不同拍摄模式的视频像素可能有差异，请以实际为准。,最大可支持8160*6120像素 备注：不同拍照模式的照片像素可能有差异，请以实际为准。,支持1080P视频录制,人像模式、滤镜、笑脸抓拍、自拍镜像、声控拍照、定时拍摄、手势拍照、动态照片,,,,,,,,,,,"2xA78@2.3GHz
6xA55@2.0GHz",第三代骁龙6s移动平台,八核,Adreno GPU A619,蓝牙耳机远程录音 备注：蓝牙耳机远程录音功能需配合相应的应用使用，请以实际体验为准。,支持,*.3gp、*.mp4、*.webm、*.mkv,HONOR Histen 7.3,*.mp3、*.amr、*.awb、*.3gp、*.mp4、*.m4a、*.aac、*.wav、*.ogg、*.flac、*.mkv,8.24mm,76.8mm,207g 备注：实际尺寸/重量依配置、制造工艺、测量方法的不同可能有所差异。,166.89mm,850nit(HBM)/700nit(Typical),铝硅玻璃,,2412*1080,,,6.8英寸 备注：显示屏采用圆角设计，按照标准矩形测量时，屏幕的对角线长度是 6.8英寸（实际可视区域略小）。,护眼模式、类自然光护眼 备注：本产品非医疗器械，不具有治疗功能。,,TFT LCD,1670万色，85%NTSC,多点触控，最多支持10点触控,,支持,支持 备注：实际充电功率会随不同场景智能变化，请以实际使用情况为准。,7000mAh（典型值） 备注：电池额定容量为 6850mAh。,锂离子聚合物电池,Android 15+Magic OS 9.0,,,,"802.11 a/b/g/n/ac，支持2.4GHz和5GHz WLAN
支持WLAN热点、WLAN直连","无线投屏
PC数据同步
视频通话（运营商和第三方软件）
OTG（反向供电时最大输出电流5V/1.5A）
数据线接口：Type-C，USB 2.0
耳机接口：Type C 备注：运营商视频通话功能因不同国家或地区运营商的支持情况而异，详情请咨询网络运营商。","支持北斗、GPS(L1)、GLONASS(G1)、Galileo、
支持蜂窝网络定位、WLAN网络定位",BT5.1
荣耀Play11C,Play系列,,honor-play11c,https://www.honor.com/cn/phones/honor-play11c/,41,,,,,,,,,"цФпцМБ802.11 a/b/g/n/ac
цФпцМБ2.4GHzхТМ5GHz WLAN
цФпцМБWLANчГнчВ╣уАБWLANчЫ┤ш┐Ю хдЗц│ия╝ЪщЬАшжБчЫ╕х║ФчЪДш╖пчФ▒хЩицФпцМБуАВ",,,,,,,,,,,,,,,,,,,,,,,,,,,,,,,,,,,,,,,,,,,,,,,,,,,,,,,,,,,,,,,,,,,,,,,,,,,,,,,,,,,цФпцМБ,щЗНхКЫф╝ацДЯхЩиуАБчОпхвГхЕЙф╝ацДЯхЩиуАБцОеш┐СхЕЙф╝ацДЯхЩи,"шзЖщвСщАЪшпЭя╝Иш┐РшРехХЖхТМчммф╕ЙцЦ╣ш╜пф╗╢я╝Й
OTGя╝ИхПНхРСф╛ЫчФ╡цЧ╢цЬАхдзш╛УхЗ║чФ╡ц╡Б0.5A/5Vя╝Й
цХ░цНоч║┐цОехПгя╝ЪUSB Type-Cя╝МUSB 2.0
шА│цЬ║цОехПгя╝Ъ3.5mm хдЗц│ия╝Ъш┐РшРехХЖшзЖщвСщАЪшпЭхКЯшГ╜хЫаф╕НхРМхЫ╜хо╢цИЦхЬ░хМ║ш┐РшРехХЖчЪДцФпцМБцГЕхЖ╡шАМх╝Вя╝МшпжцГЕшп╖хТишпвч╜Сч╗Ьш┐РшРехХЖуАВ",500ф╕ЗхГПч┤ацСДхГПхд┤я╝Иf/2.2хЕЙхЬИя╝Й хдЗц│ия╝Ъф╕НхРМцЛНчЕзцибх╝ПчЪДчЕзчЙЗхГПч┤ахПпшГ╜цЬЙх╖ох╝Вя╝Мшп╖ф╗ехоЮщЩЕф╕║хЗЖуАВ,цЬАхдзхПпцФпцМБ1080├Ч1920хГПч┤а хдЗц│ия╝Ъф╕НхРМцЛНцСДцибх╝ПчЪДшзЖщвСхГПч┤ахПпшГ╜цЬЙх╖ох╝Вя╝Мшп╖ф╗ехоЮщЩЕф╕║хЗЖуАВ,цЬАхдзхПпцФпцМБ2592├Ч1944хГПч┤а хдЗц│ия╝Ъф╕НхРМцЛНчЕзцибх╝ПчЪДчЕзчЙЗхГПч┤ахПпшГ╜цЬЙх╖ох╝Вя╝Мшп╖ф╗ехоЮщЩЕф╕║хЗЖуАВ,цЬАщлШцФпцМБ1080P шзЖщвСх╜ХхИ╢,7.89mm,1300ф╕ЗхГПч┤аф╕╗цСДя╝Иf/2.2хЕЙхЬИя╝Й хдЗц│ия╝Ъф╕НхРМцЛНчЕзцибх╝ПчЪДчЕзчЙЗхГПч┤ахПпшГ╜цЬЙх╖ох╝Вя╝Мшп╖ф╗ехоЮщЩЕф╕║хЗЖуАВ,10хАНцХ░хнЧхПШчДж,цЬАхдзхПпцФпцМБ1080├Ч1920хГПч┤а хдЗц│ия╝Ъф╕НхРМцЛНцСДцибх╝ПчЪДшзЖщвСхГПч┤ахПпшГ╜цЬЙх╖ох╝Вя╝Мшп╖ф╗ехоЮщЩЕф╕║хЗЖуАВ,цЬАхдзхПпцФпцМБ 4160├Ч3120хГПч┤а хдЗц│ия╝Ъф╕НхРМцЛНчЕзцибх╝ПчЪДчЕзчЙЗхГПч┤ахПпшГ╜цЬЙх╖ох╝Вя╝Мшп╖ф╗ехоЮщЩЕф╕║хЗЖуАВ,цЬАхдзхПпцФпцМБ1080PшзЖщвСх╜ХхИ╢ хдЗц│ия╝Ъф╕НхРМцЛНцСДцибх╝ПчЪДшзЖщвСхГПч┤ахПпшГ╜цЬЙх╖ох╝Вя╝Мшп╖ф╗ехоЮщЩЕф╕║хЗЖуАВ,хпЖчаБф┐ЭщЩйчо▒уАБщЪРчзБхКйцЙЛуАБхПНшпИщШ▓цКдуАБх║ФчФищФБуАБцФпф╗Шф┐ЭцКдф╕нх┐ГуАБцЦЗф╗╢ф┐ЭхпЖцЯЬ,цФпцМБGPSуАБAGPSуАБGlonassя╝МхМЧцЦЧуАБф╝╜хИйчХеуАБQZSS,77.00mm,,,1600 ├Ч 720  хГПч┤а хдЗц│ия╝ЪшпехИЖш╛ичОЗхп╣х║ФцаЗхЗЖчЯйх╜вя╝МхоЮщЩЕх▒Пх╣ХцЬЙцХИхГПч┤ачХех░СуАВ,6.75шЛ▒хп╕ хдЗц│ия╝ЪцШ╛чд║х▒ПщЗЗчФихЬЖшзТшо╛шобя╝МцМЙчЕзцаЗхЗЖчЯйх╜вц╡ЛщЗПцЧ╢я╝Мх▒Пх╣ХчЪДхп╣шзТч║┐щХ┐х║жцШп6.75шЛ▒хп╕я╝ИхоЮщЩЕхПпшзЖхМ║хЯЯчХех░Пя╝ЙуАВ,цКдчЬ╝цибх╝ПуАБч▒╗шЗкчД╢хЕЙцКдчЬ╝ хдЗц│ия╝ЪцЬмф║зхУБщЭЮхМ╗чЦЧхЩицв░я╝Мф╕НхЕ╖цЬЙц▓╗чЦЧхКЯшГ╜уАВ,,TFT LCD,1670ф╕ЗшЙ▓,хдЪчВ╣шзжцОзя╝МцЬАхдЪцФпцМБ10чВ╣шзжцОз,,ф║║хГПцибх╝ПуАБцЛНчЕзцибх╝ПуАБх╜ХхГПцибх╝ПуАБцЙЛхК┐цЛНчЕзуАБшЗкцЛНщХЬхГПуАБхоЪцЧ╢цЛНцСД,,,,,MagicOS 9.0я╝ИхЯ║ф║ОAndroid 15я╝Й,,,цФпцМБ,5V/3AхЕЕчФ╡хЩи,,ф║║шД╕шзгщФБ/х║ФчФищФБ/хдЗф╗╜ф╕ОцБвхдН/цНвцЬ║хЕЛщЪЖ/чФ╡хнРф╣жцибх╝П/YOYOх╗║шоо/цМЗхЕ│шКВцИкх▒П/чБ╡хКишГ╢хЫК,,,5300mAhя╝ИхЕ╕хЮЛхА╝я╝Й хдЗц│ия╝ЪчФ╡ц▒ащвЭхоЪхо╣щЗПф╕║ 5130mAhя╝ИхЖЕч╜оф╕НхПпцЛЖхН╕я╝ЙуАВ,щФВчж╗хнРшБЪхРИчЙйчФ╡ц▒а,,,,,,,"BT5.3я╝МцФпцМБBLEуАБSBCуАБAACуАБLDACя╝МAptX, AptX HD",,*.3gpуАБ*.mp4уАБ*.webmуАБ*.mkv,,,ч║ж186gя╝ИхРлчФ╡ц▒ая╝Й хдЗц│ия╝ЪхоЮщЩЕх░║хп╕/щЗНщЗПф╛ЭщЕНч╜оуАБхИ╢щАах╖ешЙ║уАБц╡ЛщЗПцЦ╣ц│ХчЪДф╕НхРМхПпшГ╜цЬЙцЙАх╖ох╝ВуАВ,цЙЛхК┐хп╝шИкуАБх▒Пх╣ХхЖЕф╕ЙщФохп╝шИкуАБцВмц╡охп╝шИк,167.00mm,,,HONOR Sound,*.mp3уАБ*.midуАБ*.amrуАБ*.awbуАБ*.3gpуАБ*.mp4уАБ*.m4aуАБ*.aacуАБ*.wavуАБ*.oggуАБ*.flacуАБ*.mkv,,,,,,,,,,,,,,,,,,,,,,,,,,,,,,,,,,,,,,,,,,,,,,,2 ├Ч A76  2.4GHz + 6 ├Ч A55  2.0GHz хдЗц│ия╝ЪхоЮщЩЕш┐РшбМщвСчОЗхЫах║ФчФиш┤Яш╜╜цЩ║шГ╜ш░ГцХ┤уАВ,хдйчОС6300,хЕлца╕,,,,ARM G57 MC2,,,,,,,,,,,,,,,,,,,,,,,,,,,,,,,,,,
荣耀Play10A,Play系列,,honor-play-10a,https://www.honor.com/cn/phones/honor-play-10a/,41,,,,,,,,,"цФпцМБ802.11 a/b/g/n/ac
цФпцМБ2.4GHzхТМ5GHz WLAN
цФпцМБWLANчГнчВ╣уАБWLANчЫ┤ш┐Ю хдЗц│ия╝ЪщЬАшжБчЫ╕х║ФчЪДш╖пчФ▒хЩицФпцМБуАВ",,,,,,,,,,,,,,,,,,,,,,,,,,,,,,,,,,,,,,,,,,,,,,,,,,,,,,,,,,,,,,,,,,,,,,,,,,,,,,,,,,,цФпцМБ,щЗНхКЫф╝ацДЯхЩиуАБчОпхвГхЕЙф╝ацДЯхЩиуАБцОеш┐СхЕЙф╝ацДЯхЩи,"шзЖщвСщАЪшпЭя╝Иш┐РшРехХЖхТМчммф╕ЙцЦ╣ш╜пф╗╢я╝Й
OTGя╝ИхПНхРСф╛ЫчФ╡цЧ╢цЬАхдзш╛УхЗ║чФ╡ц╡Б0.5A/5Vя╝Й
цХ░цНоч║┐цОехПгя╝ЪUSB Type-Cя╝МUSB 2.0
шА│цЬ║цОехПгя╝Ъ3.5mm хдЗц│ия╝Ъш┐РшРехХЖшзЖщвСщАЪшпЭхКЯшГ╜хЫаф╕НхРМхЫ╜хо╢цИЦхЬ░хМ║ш┐РшРехХЖчЪДцФпцМБцГЕхЖ╡шАМх╝Вя╝МшпжцГЕшп╖хТишпвч╜Сч╗Ьш┐РшРехХЖуАВ",500ф╕ЗхГПч┤ацСДхГПхд┤я╝Иf/2.2хЕЙхЬИя╝Й хдЗц│ия╝Ъф╕НхРМцЛНчЕзцибх╝ПчЪДчЕзчЙЗхГПч┤ахПпшГ╜цЬЙх╖ох╝Вя╝Мшп╖ф╗ехоЮщЩЕф╕║хЗЖуАВ,цЬАхдзхПпцФпцМБ1080├Ч1920хГПч┤а хдЗц│ия╝Ъф╕НхРМцЛНцСДцибх╝ПчЪДшзЖщвСхГПч┤ахПпшГ╜цЬЙх╖ох╝Вя╝Мшп╖ф╗ехоЮщЩЕф╕║хЗЖуАВ,цЬАхдзхПпцФпцМБ2592├Ч1944хГПч┤а хдЗц│ия╝Ъф╕НхРМцЛНчЕзцибх╝ПчЪДчЕзчЙЗхГПч┤ахПпшГ╜цЬЙх╖ох╝Вя╝Мшп╖ф╗ехоЮщЩЕф╕║хЗЖуАВ,цЬАщлШцФпцМБ1080P шзЖщвСх╜ХхИ╢,7.89mm,1300ф╕ЗхГПч┤аф╕╗цСДя╝Иf/2.2хЕЙхЬИя╝Й хдЗц│ия╝Ъф╕НхРМцЛНчЕзцибх╝ПчЪДчЕзчЙЗхГПч┤ахПпшГ╜цЬЙх╖ох╝Вя╝Мшп╖ф╗ехоЮщЩЕф╕║хЗЖуАВ,10хАНцХ░хнЧхПШчДж,цЬАхдзхПпцФпцМБ1080├Ч1920хГПч┤а хдЗц│ия╝Ъф╕НхРМцЛНцСДцибх╝ПчЪДшзЖщвСхГПч┤ахПпшГ╜цЬЙх╖ох╝Вя╝Мшп╖ф╗ехоЮщЩЕф╕║хЗЖуАВ,цЬАхдзхПпцФпцМБ 4160├Ч3120хГПч┤а хдЗц│ия╝Ъф╕НхРМцЛНчЕзцибх╝ПчЪДчЕзчЙЗхГПч┤ахПпшГ╜цЬЙх╖ох╝Вя╝Мшп╖ф╗ехоЮщЩЕф╕║хЗЖуАВ,цЬАхдзхПпцФпцМБ1080PшзЖщвСх╜ХхИ╢ хдЗц│ия╝Ъф╕НхРМцЛНцСДцибх╝ПчЪДшзЖщвСхГПч┤ахПпшГ╜цЬЙх╖ох╝Вя╝Мшп╖ф╗ехоЮщЩЕф╕║хЗЖуАВ,хпЖчаБф┐ЭщЩйчо▒уАБщЪРчзБхКйцЙЛуАБхПНшпИщШ▓цКдуАБх║ФчФищФБуАБцФпф╗Шф┐ЭцКдф╕нх┐ГуАБцЦЗф╗╢ф┐ЭхпЖцЯЬ,цФпцМБGPSуАБAGPSуАБGlonassя╝МхМЧцЦЧуАБф╝╜хИйчХеуАБQZSS,77.00mm,,,1600 ├Ч 720  хГПч┤а хдЗц│ия╝ЪшпехИЖш╛ичОЗхп╣х║ФцаЗхЗЖчЯйх╜вя╝МхоЮщЩЕх▒Пх╣ХцЬЙцХИхГПч┤ачХех░СуАВ,6.75шЛ▒хп╕ хдЗц│ия╝ЪцШ╛чд║х▒ПщЗЗчФихЬЖшзТшо╛шобя╝МцМЙчЕзцаЗхЗЖчЯйх╜вц╡ЛщЗПцЧ╢я╝Мх▒Пх╣ХчЪДхп╣шзТч║┐щХ┐х║жцШп6.75шЛ▒хп╕я╝ИхоЮщЩЕхПпшзЖхМ║хЯЯчХех░Пя╝ЙуАВ,цКдчЬ╝цибх╝ПуАБч▒╗шЗкчД╢хЕЙцКдчЬ╝ хдЗц│ия╝ЪцЬмф║зхУБщЭЮхМ╗чЦЧхЩицв░я╝Мф╕НхЕ╖цЬЙц▓╗чЦЧхКЯшГ╜уАВ,,TFT LCD,1670ф╕ЗшЙ▓,хдЪчВ╣шзжцОзя╝МцЬАхдЪцФпцМБ10чВ╣шзжцОз,,ф║║хГПцибх╝ПуАБцЛНчЕзцибх╝ПуАБх╜ХхГПцибх╝ПуАБцЙЛхК┐цЛНчЕзуАБшЗкцЛНщХЬхГПуАБхоЪцЧ╢цЛНцСД,,,,,MagicOS 9.0я╝ИхЯ║ф║ОAndroid 15я╝Й,,,цФпцМБ,5V/3AхЕЕчФ╡хЩи,,ф║║шД╕шзгщФБ/х║ФчФищФБ/хдЗф╗╜ф╕ОцБвхдН/цНвцЬ║хЕЛщЪЖ/чФ╡хнРф╣жцибх╝П/YOYOх╗║шоо/цМЗхЕ│шКВцИкх▒П/чБ╡хКишГ╢хЫК,,,5300mAhя╝ИхЕ╕хЮЛхА╝я╝Й хдЗц│ия╝ЪчФ╡ц▒ащвЭхоЪхо╣щЗПф╕║ 5130mAhя╝ИхЖЕч╜оф╕НхПпцЛЖхН╕я╝ЙуАВ,щФВчж╗хнРшБЪхРИчЙйчФ╡ц▒а,,,,,,,"BT5.3я╝МцФпцМБBLEуАБSBCуАБAACуАБLDACя╝МAptX, AptX HD",,*.3gpуАБ*.mp4уАБ*.webmуАБ*.mkv,,,ч║ж186gя╝ИхРлчФ╡ц▒ая╝Й хдЗц│ия╝ЪхоЮщЩЕх░║хп╕/щЗНщЗПф╛ЭщЕНч╜оуАБхИ╢щАах╖ешЙ║уАБц╡ЛщЗПцЦ╣ц│ХчЪДф╕НхРМхПпшГ╜цЬЙцЙАх╖ох╝ВуАВ,цЙЛхК┐хп╝шИкуАБх▒Пх╣ХхЖЕф╕ЙщФохп╝шИкуАБцВмц╡охп╝шИк,167.00mm,,,HONOR Sound,*.mp3уАБ*.midуАБ*.amrуАБ*.awbуАБ*.3gpуАБ*.mp4уАБ*.m4aуАБ*.aacуАБ*.wavуАБ*.oggуАБ*.flacуАБ*.mkv,,,,,,,,,,,,,,,,,,,,,,,,,,,,,,,,,,,,,,,,,,,,,,,2 ├Ч A76  2.4GHz + 6 ├Ч A55  2.0GHz хдЗц│ия╝ЪхоЮщЩЕш┐РшбМщвСчОЗхЫах║ФчФиш┤Яш╜╜цЩ║шГ╜ш░ГцХ┤уАВ,хдйчОС6300,хЕлца╕,,,,ARM G57 MC2,,,,,,,,,,,,,,,,,,,,,,,,,,,,,,,,,,
荣耀畅玩80m,畅玩系列,,honor-changwan-80m,https://www.honor.com/cn/phones/honor-changwan-80m/,41,,重力传感器、环境光传感器、接近光传感器,,,,,,,,,,,,,,,,,,,,,,,,,,,,,,,,,,,,,,,,,,,,,,,,,,,,,,,,,,,,,,,,,,,,,,,,,,,,,,,,,,,,,,,,,,,,,,,,,,,,,,,,,,,,,,,,,,,,,,,,,,,,,,,,,,,,,,,,,,,,,,,,,,,,,,,,,,,,,,,,,,5V/3A充电器,,,,,,,,,,,,,密码保险箱、隐私助手、反诈防护、应用锁、支付保护中心、文件保密柜,人脸解锁/应用锁/备份与恢复/换机克隆/电子书模式/YOYO建议/指关节截屏/灵动胶囊,手势导航、屏幕内三键导航、悬浮导航,支持,500万像素摄像头（f/2.2光圈） 备注：不同拍照模式的照片像素可能有差异，请以实际为准。,最大可支持1080×1920像素 备注：不同拍摄模式的视频像素可能有差异，请以实际为准。,最大可支持2592×1944像素 备注：不同拍照模式的照片像素可能有差异，请以实际为准。,最高支持1080P 视频录制,1300万像素主摄（f/2.2光圈） 备注：不同拍照模式的照片像素可能有差异，请以实际为准。,10倍数字变焦,最大可支持1080×1920像素 备注：不同拍摄模式的视频像素可能有差异，请以实际为准。,最大可支持  4160×3120像素 备注：不同拍照模式的照片像素可能有差异，请以实际为准。,最大可支持1080P视频录制 备注：不同拍摄模式的视频像素可能有差异，请以实际为准。,人像模式、拍照模式、录像模式、手势拍照、自拍镜像、定时拍摄,,,,,,,,,,,2×A76  2.4GHz + 6×A55  2.0GHz 备注：实际运行频率因应用负载智能调整。,天玑6300,八核,ARM G57 MC2,,,*.3gp、*.mp4、*.webm、*.mkv,HONOR Sound,*.mp3、*.mid、*.amr、*.awb、*.3gp、*.mp4、*.m4a、*.aac、*.wav、*.ogg、*.flac、*.mkv,7.89mm,77.00mm,约186g（含电池） 备注：实际尺寸/重量依配置、制造工艺、测量方法的不同可能有所差异。,167.00mm,,,,1600×720  像素 备注：该分辨率对应标准矩形，实际屏幕有效像素略少。,,,6.75英寸 备注：显示屏采用圆角设计，按照标准矩形测量时，屏幕的对角线长度是6.75英寸（实际可视区域略小）。,护眼模式、类自然光护眼 备注：本产品非医疗器械，不具有治疗功能。,,TFT LCD,1670万色,多点触控，最多支持10点触控,,支持,,5300mAh（典型值） 备注：电池额定容量为 5130mAh（内置不可拆卸）。,锂离子聚合物电池,MagicOS 9.0（基于Android 15）,,,,"支持802.11 a/b/g/n/ac
支持2.4GHz和5GHz WLAN
支持WLAN热点、WLAN直连 备注：需要相应的路由器支持。","视频通话（运营商和第三方软件）
OTG（反向供电时最大输出电流0.5A/5V）
数据线接口：USB Type-C，USB 2.0
耳机接口：3.5mm 备注：运营商视频通话功能因不同国家或地区运营商的支持情况而异，详情请咨询网络运营商。",支持GPS、AGPS、Glonass，北斗、伽利略、QZSS,"BT5.3，支持BLE、SBC、AAC、LDAC，AptX, AptX HD"
荣耀畅玩80 Plus,畅玩系列,,honor-changwan-80-plus,https://www.honor.com/cn/phones/honor-changwan-80-plus/,43,,,,,,,,,"цФпцМБ802.11 a/b/g/n/ac
цФпцМБ2.4GHzхТМ5GHz WLAN
цФпцМБWLANчГнчВ╣уАБWLANчЫ┤ш┐Ю хдЗц│ия╝ЪщЬАшжБчЫ╕х║ФчЪДш╖пчФ▒хЩицФпцМБуАВ",,,,,,,,,,,,,,,,,,,,,,,,,,,,,,,,,,,,,,,,,,,,,,,,,,,,,,,,,,,,,,,,,,,,,,,,,,,,,,,,,,,цФпцМБ,щЗНхКЫф╝ацДЯхЩиуАБцМЗч║╣ф╝ацДЯхЩия╝ИцФпцМБф╛зш╛╣цМЗч║╣)уАБцМЗхНЧщТИуАБчОпхвГхЕЙф╝ацДЯхЩиуАБцОеш┐СхЕЙф╝ацДЯхЩи,"цЧач║┐цКХх▒П
PCцХ░цНохРМцне
шзЖщвСщАЪшпЭя╝Иш┐РшРехХЖхТМчммф╕ЙцЦ╣ш╜пф╗╢я╝Й
OTGя╝ИхПНхРСф╛ЫчФ╡цЧ╢цЬАхдзш╛УхЗ║чФ╡ц╡Б1.5A/5Vя╝Й
цХ░цНоч║┐цОехПгя╝ЪUSB Type-Cя╝МUSB 2.0
шА│цЬ║цОехПгя╝ЪType-C хдЗц│ия╝Ъ
1уАБш┐РшРехХЖшзЖщвСщАЪшпЭхКЯшГ╜хЫаф╕НхРМхЫ╜хо╢цИЦхЬ░хМ║ш┐РшРехХЖчЪДцФпцМБцГЕхЖ╡шАМх╝Вя╝МшпжцГЕшп╖хТишпвч╜Сч╗Ьш┐РшРехХЖуАВ
2уАБ цаЗщЕНцХ░цНоч║┐цФпцМБUSB 2.0уАВ
3уАБцФпцМБType-CцХ░хнЧшА│цЬ║уАВ",500ф╕ЗхГПч┤ацСДхГПхд┤я╝Иf/2.2хЕЙхЬИя╝Й хдЗц│ия╝Ъф╕НхРМцЛНчЕзцибх╝ПчЪДчЕзчЙЗхГПч┤ахПпшГ╜цЬЙх╖ох╝Вя╝Мшп╖ф╗ехоЮщЩЕф╕║хЗЖуАВ,цЬАхдзхПпцФпцМБ1080├Ч1920хГПч┤а хдЗц│ия╝Ъф╕НхРМцЛНцСДцибх╝ПчЪДшзЖщвСхГПч┤ахПпшГ╜цЬЙх╖ох╝Вя╝Мшп╖ф╗ехоЮщЩЕф╕║хЗЖуАВ,цЬАхдзхПпцФпцМБ2592├Ч1944хГПч┤а хдЗц│ия╝Ъф╕НхРМцЛНчЕзцибх╝ПчЪДчЕзчЙЗхГПч┤ахПпшГ╜цЬЙх╖ох╝Вя╝Мшп╖ф╗ехоЮщЩЕф╕║хЗЖуАВ,цЬАщлШцФпцМБ1080P шзЖщвСх╜ХхИ╢,8.29mm,"1300ф╕ЗхГПч┤аф╕╗цСДя╝Иf/1.8хЕЙхЬИя╝Й хдЗц│ия╝Ъ
*ф╕НхРМцЛНчЕзцибх╝ПчЪДчЕзчЙЗхГПч┤ахПпшГ╜цЬЙх╖ох╝Вя╝Мшп╖ф╗ехоЮщЩЕф╕║хЗЖуАВ",10хАНцХ░хнЧхПШчДж,цЬАхдзхПпцФпцМБ1080├Ч1920хГПч┤а хдЗц│ия╝Ъф╕НхРМцЛНцСДцибх╝ПчЪДшзЖщвСхГПч┤ахПпшГ╜цЬЙх╖ох╝Вя╝Мшп╖ф╗ехоЮщЩЕф╕║хЗЖуАВ,цЬАхдзхПпцФпцМБ  4160├Ч3120хГПч┤а хдЗц│ия╝Ъф╕НхРМцЛНчЕзцибх╝ПчЪДчЕзчЙЗхГПч┤ахПпшГ╜цЬЙх╖ох╝Вя╝Мшп╖ф╗ехоЮщЩЕф╕║хЗЖуАВ,цЬАхдзхПпцФпцМБ1080PшзЖщвСх╜ХхИ╢ хдЗц│ия╝Ъф╕НхРМцЛНцСДцибх╝ПчЪДшзЖщвСхГПч┤ахПпшГ╜цЬЙх╖ох╝Вя╝Мшп╖ф╗ехоЮщЩЕф╕║хЗЖуАВ,AIцНвшД╕цгАц╡ЛуАБхпЖчаБф┐ЭщЩйчо▒уАБщЪРчзБхКйцЙЛуАБхПНшпИщШ▓цКдуАБх║ФчФищФБуАБцФпф╗Шф┐ЭцКдф╕нх┐ГуАБцЦЗф╗╢ф┐ЭхпЖцЯЬ,цФпцМБGPSуАБAGPSуАБGlonassуАБхМЧцЦЧуАБф╝╜хИйчХеуАБQZSS,75.9mm,,хЕих▒Ах│░хА╝ф║ох║жя╝Ъ1010nits,1604├Ч 720  хГПч┤а хдЗц│ия╝ЪшпехИЖш╛ичОЗхп╣х║ФцаЗхЗЖчЯйх╜вя╝МхоЮщЩЕх▒Пх╣ХцЬЙцХИхГПч┤ачХех░СуАВ,6.61шЛ▒хп╕ хдЗц│ия╝ЪцШ╛чд║х▒ПщЗЗчФихЬЖшзТшо╛шобя╝МцМЙчЕзцаЗхЗЖчЯйх╜вц╡ЛщЗПцЧ╢я╝Мх▒Пх╣ХчЪДхп╣шзТч║┐щХ┐х║жцШп6.61шЛ▒хп╕я╝ИхоЮщЩЕхПпшзЖхМ║хЯЯчХех░Пя╝ЙуАВ,цКдчЬ╝цибх╝ПуАБч▒╗шЗкчД╢хЕЙцКдчЬ╝ хдЗц│ия╝ЪцЬмф║зхУБщЭЮхМ╗чЦЧхЩицв░я╝Мф╕НхЕ╖цЬЙц▓╗чЦЧхКЯшГ╜уАВ,,TFT LCD,1670ф╕ЗшЙ▓,хдЪчВ╣шзжцОзя╝МцЬАхдЪцФпцМБ10чВ╣шзжцОз,,цЩощАЪцЛНчЕзуАБф║║хГПцибх╝ПуАБх╜ХхГПуАБц░┤хН░чнЙ,,,,,MagicOS 10.0я╝ИхЯ║ф║ОAndroid 16я╝Й,,,цФпцМБ,цФпцМБя╝ИцЬАхдз11V/4.1Aш╢Еч║зх┐лхЕЕя╝Йя╝МцФпцМБцЬЙч║┐хПНхРСхЕЕчФ╡ хдЗц│и: цЬЙч║┐ш╢Еч║зх┐лхЕЕщЬАцРнщЕНхОЯшгЕцЬЙч║┐ш╢Еч║зх┐лхЕЕхЕЕчФ╡хЩиф╕ОхЕЕчФ╡ч║┐ф╜┐чФиуАВхоЮщЩЕхЕЕчФ╡хКЯчОЗф╝ЪщЪПф╕НхРМхЬ║цЩпцЩ║шГ╜хПШхМЦя╝Мшп╖ф╗ехоЮщЩЕф╜┐чФицГЕхЖ╡ф╕║хЗЖуАВ,цФпцМБ,ф║║шД╕шзгщФБ/х║ФчФищФБ/х║ФчФихИЖш║л/хдЗф╗╜ф╕ОцБвхдН/цНвцЬ║хЕЛщЪЖ/чФ╡хнРф╣жцибх╝П/YOYOх╗║шоо/цМЗхЕ│шКВцИкх▒П/чБ╡хКишГ╢хЫК/чЖДх▒ПцШ╛чд║/AIхнЧх╣Х/YOYOшо░х┐Ж/AIч┐╗шпС,,,7500mAhя╝ИхЕ╕хЮЛхА╝я╝Й хдЗц│ия╝ЪчФ╡ц▒ащвЭхоЪхо╣щЗПф╕║ 7320mAhя╝ИхЖЕч╜оф╕НхПпцЛЖхН╕я╝ЙуАВ,щФВчж╗хнРшБЪхРИчЙйчФ╡ц▒а,,,,,,,"BT5.0я╝М
цФпцМБф╜ОхКЯшАЧшУЭчЙЩ(BLE)
цФпцМБSBCуАБAACуАБLDACя╝МAptXуАБAptX HDуАБLHDC5.0",,*.3gpуАБ*.mp4уАБ*.webmуАБ*.mkv,,,ч║ж205gя╝ИхРлчФ╡ц▒ая╝Й хдЗц│ия╝ЪхоЮщЩЕх░║хп╕/щЗНщЗПф╛ЭщЕНч╜оуАБхИ╢щАах╖ешЙ║уАБц╡ЛщЗПцЦ╣ц│ХчЪДф╕НхРМхПпшГ╜цЬЙцЙАх╖ох╝ВуАВ,цЙЛхК┐хп╝шИкуАБх▒Пх╣ХхЖЕф╕ЙщФохп╝шИкуАБцВмц╡охп╝шИк,163.9mm,,,HONOR Sound,*.mp3уАБ*.amrуАБ*.awbуАБ*.3gpуАБ*.mp4уАБ*.m4aуАБ*.aacуАБ*.wavуАБ*.oggуАБ*.flacуАБ*.mkv,,,,,,,,,,,,,,,,,,,,,,,,,,,,,,,,,,,,,,,,,,,,,,,2 ├Ч A78  2.3GHz + 6 ├Ч A55  1.95GHz хдЗц│ия╝ЪхоЮщЩЕш┐РшбМщвСчОЗхЫах║ФчФиш┤Яш╜╜цЩ║шГ╜ш░ГцХ┤уАВ,чммхЫЫф╗гщкБщ╛Щ4чз╗хКих╣│хП░,хЕлца╕,,,,Adreno 613,,,,,,,,,,,,,,,,,,,,,,,,,,,,,,,,,,
荣耀畅玩70C,畅玩系列,,honor-changwan-70c,https://www.honor.com/cn/phones/honor-changwan-70c/,41,,,,,,,,"ж”ҜжҢҒ802.11 a/b/g/n/ac
ж”ҜжҢҒ2.4GHzе’Ң5GHz WLAN
ж”ҜжҢҒWLANзғӯзӮ№гҖҒWLANзӣҙиҝһ еӨҮжіЁпјҡйңҖиҰҒзӣёеә”зҡ„и·Ҝз”ұеҷЁж”ҜжҢҒгҖӮ",,,,,,,,,,,,,,,,,,,,,,,,,,,,,,,,,,,,,,,,,,,,,,,,еҠ йҖҹеәҰдј ж„ҹеҷЁгҖҒйҮҚеҠӣдј ж„ҹеҷЁгҖҒзҺҜеўғе…үдј ж„ҹеҷЁгҖҒжҺҘиҝ‘е…үдј ж„ҹеҷЁ,ж”ҜжҢҒ,ж”ҜжҢҒGPSгҖҒAGPSгҖҒGlonassгҖҒGalileoгҖҒеҢ—ж–—е®ҡдҪҚгҖҒиңӮзӘқзҪ‘з»ңе®ҡдҪҚпјҢWLANзҪ‘з»ңе®ҡдҪҚ,77.00mm,еҸҚиҜҲйҳІжҠӨгҖҒж”Ҝд»ҳдҝқжҠӨдёӯеҝғгҖҒжҹҘжүҫи®ҫеӨҮгҖҒSOSзҙ§жҖҘжұӮеҠ©гҖҒеә”жҖҘйў„иӯҰйҖҡзҹҘгҖҒеҜҶз Ғдҝқйҷ©з®ұгҖҒеә”з”Ёй”ҒгҖҒж–Үд»¶дҝқеҜҶжҹңгҖҒйҳІдјӘеҹәз«ҷгҖҒйҡҗз§ҒеҠ©жүӢ,1300дёҮеғҸзҙ дё»ж‘„пјҲf/2.2е…үеңҲпјү еӨҮжіЁпјҡдёҚеҗҢжӢҚз…§жЁЎејҸзҡ„з…§зүҮеғҸзҙ еҸҜиғҪжңүе·®ејӮпјҢиҜ·д»Ҙе®һйҷ…дёәеҮҶгҖӮ,10еҖҚж•°еӯ—еҸҳз„Ұ,жңҖеӨ§еҸҜж”ҜжҢҒ1080Г—1920еғҸзҙ еӨҮжіЁпјҡдёҚеҗҢжӢҚж‘„жЁЎејҸзҡ„и§Ҷйў‘еғҸзҙ еҸҜиғҪжңүе·®ејӮпјҢиҜ·д»Ҙе®һйҷ…дёәеҮҶгҖӮ,жңҖеӨ§еҸҜж”ҜжҢҒ  4160Г—3120еғҸзҙ еӨҮжіЁпјҡдёҚеҗҢжӢҚз…§жЁЎејҸзҡ„з…§зүҮеғҸзҙ еҸҜиғҪжңүе·®ејӮпјҢиҜ·д»Ҙе®һйҷ…дёәеҮҶгҖӮ,жңҖеӨ§еҸҜж”ҜжҢҒ1080Pи§Ҷйў‘еҪ•еҲ¶ еӨҮжіЁпјҡдёҚеҗҢжӢҚж‘„жЁЎејҸзҡ„и§Ҷйў‘еғҸзҙ еҸҜиғҪжңүе·®ејӮпјҢиҜ·д»Ҙе®һйҷ…дёәеҮҶгҖӮ,500дёҮеғҸзҙ ж‘„еғҸеӨҙпјҲf/2.2е…үеңҲпјү еӨҮжіЁпјҡдёҚеҗҢжӢҚз…§жЁЎејҸзҡ„з…§зүҮеғҸзҙ еҸҜиғҪжңүе·®ејӮпјҢиҜ·д»Ҙе®һйҷ…дёәеҮҶгҖӮ,жңҖеӨ§еҸҜж”ҜжҢҒ1080Г—1920еғҸзҙ еӨҮжіЁпјҡдёҚеҗҢжӢҚж‘„жЁЎејҸзҡ„и§Ҷйў‘еғҸзҙ еҸҜиғҪжңүе·®ејӮпјҢиҜ·д»Ҙе®һйҷ…дёәеҮҶгҖӮ,жңҖеӨ§еҸҜж”ҜжҢҒ2592Г—1944еғҸзҙ еӨҮжіЁпјҡдёҚеҗҢжӢҚз…§жЁЎејҸзҡ„з…§зүҮеғҸзҙ еҸҜиғҪжңүе·®ејӮпјҢиҜ·д»Ҙе®һйҷ…дёәеҮҶгҖӮ,жңҖй«ҳж”ҜжҢҒ1080P и§Ҷйў‘еҪ•еҲ¶,6.75иӢұеҜё еӨҮжіЁпјҡжҳҫзӨәеұҸйҮҮз”ЁеңҶи§’и®ҫи®ЎпјҢжҢүз…§ж ҮеҮҶзҹ©еҪўжөӢйҮҸж—¶пјҢеұҸе№•зҡ„еҜ№и§’зәҝй•ҝеәҰжҳҜ6.75иӢұеҜёпјҲе®һйҷ…еҸҜи§ҶеҢәеҹҹз•Ҙе°ҸпјүгҖӮ,1600 Г— 720  еғҸзҙ еӨҮжіЁпјҡиҜҘеҲҶиҫЁзҺҮеҜ№еә”ж ҮеҮҶзҹ©еҪўпјҢе®һйҷ…еұҸе№•жңүж•ҲеғҸзҙ з•Ҙе°‘гҖӮ,жҠӨзңјжЁЎејҸгҖҒзұ»иҮӘз„¶е…үжҠӨзңј еӨҮжіЁпјҡжң¬дә§е“ҒйқһеҢ»з–—еҷЁжў°пјҢдёҚе…·жңүжІ»з–—еҠҹиғҪгҖӮ,TFT LCD,еӨҡзӮ№и§ҰжҺ§пјҢжңҖеӨҡж”ҜжҢҒ10зӮ№и§ҰжҺ§,1670дёҮиүІ,7.89mm,"и§Ҷйў‘йҖҡиҜқпјҲиҝҗиҗҘе•Ҷе’Ңз¬¬дёүж–№иҪҜд»¶пјү
OTGпјҲеҸҚеҗ‘дҫӣз”өж—¶жңҖеӨ§иҫ“еҮәз”өжөҒ0.5A/5Vпјү
ж•°жҚ®зәҝжҺҘеҸЈпјҡUSB Type-CпјҢUSB 2.0
иҖіжңәжҺҘеҸЈпјҡ3.5mm еӨҮжіЁпјҡиҝҗиҗҘе•Ҷи§Ҷйў‘йҖҡиҜқеҠҹиғҪеӣ дёҚеҗҢеӣҪе®¶жҲ–ең°еҢәиҝҗиҗҘе•Ҷзҡ„ж”ҜжҢҒжғ…еҶөиҖҢејӮпјҢиҜҰжғ…иҜ·е’ЁиҜўзҪ‘з»ңиҝҗиҗҘе•ҶгҖӮ",5V/3Aе……з”өеҷЁ еӨҮжіЁпјҡе®һйҷ…е……з”өеҠҹзҺҮдјҡйҡҸдёҚеҗҢеңәжҷҜжҷәиғҪеҸҳеҢ–пјҢиҜ·д»Ҙе®һйҷ…дҪҝз”Ёжғ…еҶөдёәеҮҶгҖӮ,ж”ҜжҢҒ,дәәеғҸгҖҒжӢҚз…§гҖҒеҪ•еғҸгҖҒе®ҡж—¶жӢҚж‘„,MagicOS 9.0пјҲеҹәдәҺAndroid 15пјү,дәәи„ёи§Јй”Ғ/еӨҮд»ҪдёҺжҒўеӨҚ/жҚўжңәе…ӢйҡҶ/з”өеӯҗд№ҰжЁЎејҸ/жҢҮе…іиҠӮжҲӘеұҸ/зҒөеҠЁиғ¶еӣҠ/з®Җжҳ“жЁЎејҸ/YOYOе»әи®®/YOYOеҠ©зҗҶ/жҷәж…§и§Ҷи§үпјҲиҙӯзү©гҖҒиҜҶзү©гҖҒж–Үеӯ—жҸҗеҸ–гҖҒжү«з ҒгҖҒзҝ»иҜ‘пјү/AIж¶ҲйҷӨ,5300mAhпјҲе…ёеһӢеҖјпјү еӨҮжіЁпјҡз”өжұ йўқе®ҡе®№йҮҸдёә 5130mAhгҖӮ,й”ӮзҰ»еӯҗиҒҡеҗҲзү©з”өжұ,*.3gpгҖҒ*.mp4гҖҒ*.webmгҖҒ*.mkv,BT5.1пјҢж”ҜжҢҒBLEгҖҒSBCгҖҒAACгҖҒLDACгҖҒAPTXгҖҒAPTX HD,зәҰ186gпјҲеҗ«з”өжұ пјү еӨҮжіЁпјҡе®һйҷ…е°әеҜё/йҮҚйҮҸдҫқй…ҚзҪ®гҖҒеҲ¶йҖ е·ҘиүәгҖҒжөӢйҮҸж–№жі•зҡ„дёҚеҗҢеҸҜиғҪжңүжүҖе·®ејӮгҖӮ,HONOR Sound,*.mp3гҖҒ*.midгҖҒ*.amrгҖҒ*.awbгҖҒ*.3gpгҖҒ*.mp4гҖҒ*.m4aгҖҒ*.aacгҖҒ*.wavгҖҒ*.oggгҖҒ*.flacгҖҒ*.mkv,жүӢеҠҝеҜјиҲӘгҖҒеұҸе№•еҶ…дёүй”®еҜјиҲӘгҖҒжӮ¬жө®еҜјиҲӘ,167.00mm,,,,,,,,,,,,,,,,,,,,,,,,,,,,,,,,,,,,,,,,,,,,,,,,,,,,,,,,,,,,,,,,,,,,,,,,,,,,,,,,,,,,,,,,,,,,,,,,,,,,,,,,2 Г— A75  2.0GHz + 6 Г— A55  1.7GHz еӨҮжіЁпјҡе®һйҷ…иҝҗиЎҢйў‘зҺҮеӣ еә”з”ЁиҙҹиҪҪжҷәиғҪи°ғж•ҙгҖӮ,MediaTek Helio G81 Ultra,е…«ж ё,,,,,,,Arm Mali-G52 MC2,,,,,,,,,,,,,,,,,,,,,,,,,,,,,,,,,,
荣耀畅玩80,畅玩系列,,honor-changwan-80,https://www.honor.com/cn/phones/honor-changwan-80/,41,,重力传感器、环境光传感器、接近光传感器,,,,,,,,,,,,,,,,,,,,,,,,,,,,,,,,,,,,,,,,,,,,,,,,,,,,,,,,,,,,,,,,,,,,,,,,,,,,,,,,,,,,,,,,,,,,,,,,,,,,,,,,,,,,,,,,,,,,,,,,,,,,,,,,,,,,,,,,,,,,,,,,,,,,,,,,,,,,,,,,,,5V/3A充电器,,,,,,,,,,,,,密码保险箱、隐私助手、反诈防护、应用锁、支付保护中心、文件保密柜,人脸解锁/应用锁/备份与恢复/换机克隆/电子书模式/YOYO建议/指关节截屏/灵动胶囊,手势导航、屏幕内三键导航、悬浮导航,支持,500万像素摄像头（f/2.2光圈） 备注：不同拍照模式的照片像素可能有差异，请以实际为准。,最大可支持1080×1920像素 备注：不同拍摄模式的视频像素可能有差异，请以实际为准。,最大可支持2592×1944像素 备注：不同拍照模式的照片像素可能有差异，请以实际为准。,最高支持1080P 视频录制,1300万像素主摄（f/2.2光圈） 备注：不同拍照模式的照片像素可能有差异，请以实际为准。,10倍数字变焦,最大可支持1080×1920像素 备注：不同拍摄模式的视频像素可能有差异，请以实际为准。,最大可支持  4160×3120像素 备注：不同拍照模式的照片像素可能有差异，请以实际为准。,最大可支持1080P视频录制 备注：不同拍摄模式的视频像素可能有差异，请以实际为准。,人像模式、拍照模式、录像模式、手势拍照、自拍镜像、定时拍摄,,,,,,,,,,,2×A76  2.4GHz + 6×A55  2.0GHz 备注：实际运行频率因应用负载智能调整。,天玑6300,八核,ARM G57 MC2,,,*.3gp、*.mp4、*.webm、*.mkv,HONOR Sound,*.mp3、*.mid、*.amr、*.awb、*.3gp、*.mp4、*.m4a、*.aac、*.wav、*.ogg、*.flac、*.mkv,7.89mm,77.00mm,约186g（含电池） 备注：实际尺寸/重量依配置、制造工艺、测量方法的不同可能有所差异。,167.00mm,,,,1600×720  像素 备注：该分辨率对应标准矩形，实际屏幕有效像素略少。,,,6.75英寸 备注：显示屏采用圆角设计，按照标准矩形测量时，屏幕的对角线长度是6.75英寸（实际可视区域略小）。,护眼模式、类自然光护眼 备注：本产品非医疗器械，不具有治疗功能。,,TFT LCD,1670万色,多点触控，最多支持10点触控,,支持,,5300mAh（典型值） 备注：电池额定容量为 5130mAh（内置不可拆卸）。,锂离子聚合物电池,MagicOS 9.0（基于Android 15）,,,,"支持802.11 a/b/g/n/ac
支持2.4GHz和5GHz WLAN
支持WLAN热点、WLAN直连 备注：需要相应的路由器支持。","视频通话（运营商和第三方软件）
OTG（反向供电时最大输出电流0.5A/5V）
数据线接口：USB Type-C，USB 2.0
耳机接口：3.5mm 备注：运营商视频通话功能因不同国家或地区运营商的支持情况而异，详情请咨询网络运营商。",支持GPS、AGPS、Glonass，北斗、伽利略、QZSS,"BT5.3，支持BLE、SBC、AAC、LDAC，AptX, AptX HD"
荣耀畅玩80 Pro,畅玩系列,,honor-changwan-80-pro,https://www.honor.com/cn/phones/honor-changwan-80-pro/,45,цФпцМБ,,,,,,,,"802.11 a/b/g/n/acя╝МцФпцМБ2.4GHzхТМ5GHz WLAN
цФпцМБWLANчГнчВ╣уАБWLANчЫ┤ш┐Ю",,,,,,,,,,,,,,,,,,,,,,,,,,,,,,,,,,,,,,,,,,,,,,,,,,,,,,,,,,,,,,,,,,,,,,,,,,,,,,,,,,,цФпцМБ,щЗНхКЫф╝ацДЯхЩиуАБцМЗч║╣ф╝ацДЯхЩиуАБцМЗхНЧщТИуАБчОпхвГхЕЙф╝ацДЯхЩиуАБцОеш┐СхЕЙф╝ацДЯхЩиуАБхКащАЯх║жф╝ацДЯхЩи,"цЧач║┐цКХх▒П
PCцХ░цНохРМцне
шзЖщвСщАЪшпЭя╝Иш┐РшРехХЖхТМчммф╕ЙцЦ╣ш╜пф╗╢я╝Й
OTGя╝ИхПНхРСф╛ЫчФ╡цЧ╢цЬАхдзш╛УхЗ║чФ╡ц╡Б5V/1.5Aя╝Й
цХ░цНоч║┐цОехПгя╝ЪType-Cя╝МUSB 2.0
шА│цЬ║цОехПгя╝ЪType C хдЗц│ия╝Ъш┐РшРехХЖшзЖщвСщАЪшпЭхКЯшГ╜хЫаф╕НхРМхЫ╜хо╢цИЦхЬ░хМ║ш┐РшРехХЖчЪДцФпцМБцГЕхЖ╡шАМх╝Вя╝МшпжцГЕшп╖хТишпвч╜Сч╗Ьш┐РшРехХЖуАВ",500ф╕ЗхГПч┤ахЙНч╜оцСДхГПхд┤я╝ИF/2.2хЕЙхЬИя╝Й хдЗц│ия╝Ъф╕НхРМцЛНчЕзцибх╝ПчЪДчЕзчЙЗхГПч┤ахПпшГ╜цЬЙх╖ох╝Вя╝Мшп╖ф╗ехоЮщЩЕф╕║хЗЖуАВ,цЬАхдзхПпцФпцМБ 1920x1080хГПч┤а хдЗц│ия╝Ъф╕НхРМцЛНцСДцибх╝ПчЪДшзЖщвСхГПч┤ахПпшГ╜цЬЙх╖ох╝Вя╝Мшп╖ф╗ехоЮщЩЕф╕║хЗЖуАВ,цЬАхдзхПпцФпцМБ2592X1944хГПч┤а хдЗц│ия╝Ъф╕НхРМцЛНчЕзцибх╝ПчЪДчЕзчЙЗхГПч┤ахПпшГ╜цЬЙх╖ох╝Вя╝Мшп╖ф╗ехоЮщЩЕф╕║хЗЖуАВ,цЬАщлШцФпцМБ1080P 30fpsшзЖщвСх╜ХхИ╢,8.24mm,5000ф╕ЗхГПч┤ахРОч╜оф╕╗цСДхГПхд┤(f/1.8хЕЙхЬИ) хдЗц│ия╝Ъф╕НхРМцЛНчЕзцибх╝ПчЪДчЕзчЙЗхГПч┤ахПпшГ╜цЬЙх╖ох╝Вя╝Мшп╖ф╗ехоЮщЩЕф╕║хЗЖуАВ,цЬАхдзцФпцМБ8хАНцХ░хнЧхПШчДж хдЗц│ия╝Ъф╕НхРМцибх╝Пф╕ЛхПпшГ╜цЬЙх╖ох╝Вя╝Мшп╖ф╗ехоЮщЩЕф╕║хЗЖуАВ,цЬАхдзхПпцФпцМБ1920x1080хГПч┤а хдЗц│ия╝Ъф╕НхРМцЛНцСДцибх╝ПчЪДшзЖщвСхГПч┤ахПпшГ╜цЬЙх╖ох╝Вя╝Мшп╖ф╗ехоЮщЩЕф╕║хЗЖуАВ,цЬАхдзхПпцФпцМБ8160*6120хГПч┤а хдЗц│ия╝Ъф╕НхРМцЛНчЕзцибх╝ПчЪДчЕзчЙЗхГПч┤ахПпшГ╜цЬЙх╖ох╝Вя╝Мшп╖ф╗ехоЮщЩЕф╕║хЗЖуАВ,цФпцМБ1080PшзЖщвСх╜ХхИ╢,,"цФпцМБхМЧцЦЧуАБGPS(L1)уАБGLONASS(G1)уАБGalileoуАБ
цФпцМБшЬВчкЭч╜Сч╗ЬхоЪф╜НуАБWLANч╜Сч╗ЬхоЪф╜Н",76.8mm,щУЭчбЕчО╗чТГ,хЕих▒Ах│░хА╝ф║ох║ж850nit,1610*720 хдЗц│ия╝ЪшпехИЖш╛ичОЗхп╣х║ФцаЗхЗЖчЯйх╜вя╝МхоЮщЩЕх▒Пх╣ХцЬЙцХИхГПч┤ачХех░СуАВ,6.8шЛ▒хп╕ хдЗц│ия╝ЪцШ╛чд║х▒ПщЗЗчФихЬЖшзТшо╛шобя╝МцМЙчЕзцаЗхЗЖчЯйх╜вц╡ЛщЗПцЧ╢я╝Мх▒Пх╣ХчЪДхп╣шзТч║┐щХ┐х║жцШп 6.8шЛ▒хп╕я╝ИхоЮщЩЕхПпшзЖхМ║хЯЯчХех░Пя╝ЙуАВ,цКдчЬ╝цибх╝ПуАБч▒╗шЗкчД╢хЕЙцКдчЬ╝ хдЗц│ия╝ЪцЬмф║зхУБщЭЮхМ╗чЦЧхЩицв░я╝Мф╕НхЕ╖цЬЙц▓╗чЦЧхКЯшГ╜уАВ,,TFT LCD,1670ф╕ЗшЙ▓я╝М85%NTSC,хдЪчВ╣шзжцОзя╝МцЬАхдЪцФпцМБ10чВ╣шзжцОз,,ф║║хГПцибх╝ПуАБц╗дщХЬуАБчмСшД╕цКУцЛНуАБшЗкцЛНщХЬхГПуАБхг░цОзцЛНчЕзуАБхоЪцЧ╢цЛНцСДуАБцЙЛхК┐цЛНчЕзуАБхКицАБчЕзчЙЗ,шУЭчЙЩшА│цЬ║ш┐ЬчиЛх╜ХщЯ│ хдЗц│ия╝ЪшУЭчЙЩшА│цЬ║ш┐ЬчиЛх╜ХщЯ│хКЯшГ╜щЬАщЕНхРИчЫ╕х║ФчЪДх║ФчФиф╜┐чФия╝Мшп╖ф╗ехоЮщЩЕф╜УщкМф╕║хЗЖуАВ,,,,Android 15+MagicOS 9.0,,,цФпцМБ,,цФпцМБ хдЗц│ия╝ЪхоЮщЩЕхЕЕчФ╡хКЯчОЗф╝ЪщЪПф╕НхРМхЬ║цЩпцЩ║шГ╜хПШхМЦя╝Мшп╖ф╗ехоЮщЩЕф╜┐чФицГЕхЖ╡ф╕║хЗЖуАВ,ф║║шД╕шзгщФБ/х║ФчФищФБ/х║ФчФихИЖш║л/хдЗф╗╜ф╕ОцБвхдН/цНвцЬ║хЕЛщЪЖ/чФ╡хнРф╣жцибх╝П/YOYOх╗║шоо/цМЗхЕ│шКВцИкх▒П/чБ╡хКишГ╢хЫК/чЖДх▒ПцШ╛чд║,,,7000mAhя╝ИхЕ╕хЮЛхА╝я╝Й хдЗц│ия╝ЪчФ╡ц▒ащвЭхоЪхо╣щЗПф╕║ 6850mAhуАВ,щФВчж╗хнРшБЪхРИчЙйчФ╡ц▒а,цФпцМБ,,,,,,BT5.1,,*.3gpуАБ*.mp4уАБ*.webmуАБ*.mkv,,,207g хдЗц│ия╝ЪхоЮщЩЕх░║хп╕/щЗНщЗПф╛ЭщЕНч╜оуАБхИ╢щАах╖ешЙ║уАБц╡ЛщЗПцЦ╣ц│ХчЪДф╕НхРМхПпшГ╜цЬЙцЙАх╖ох╝ВуАВ,цЙЛхК┐хп╝шИкя╝Ищ╗Шшодя╝ЙуАБх▒Пх╣ХхЖЕф╕ЙщФохп╝шИкуАБцВмц╡охп╝шИк,166.89mm,,,HONOR Histen 7.3,*.mp3уАБ*.amrуАБ*.awbуАБ*.3gpуАБ*.mp4уАБ*.m4aуАБ*.aacуАБ*.wavуАБ*.oggуАБ*.flacуАБ*.mkv,,,,,,,,,,,,,,,,,,,,,,,,,,,,,,,,,,,,,,,,,,,,,,,"2xA78@2.3GHz
6xA55@2.0GHz",чммф╕Йф╗гщкБщ╛Щ6sчз╗хКих╣│хП░,хЕлца╕,,,,Adreno GPU A619,,,,,,,,,,,,,,,,,,,,,,,,,,,,,,,,,,
荣耀Magic8,Magic系列,,honor-magic8,https://www.honor.com/cn/phones/honor-magic8/,51,"支持读/写模式、卡模拟模式（荣耀钱包，NFC-SIM，HCE） 备注：
1. NFC-SIM需放在SIM1卡槽使用。
2. NFC感应区在手机顶部位置。",重力传感器、红外传感器、指纹传感器、陀螺仪、指南针、环境光传感器、接近光传感器、霍尔传感器、加速度传感器,,,,,,,,,,,,,,,,,,,,,,,,,,,,,,,,,,,,,,,,,,,,,,,,,,,,,,,,,,,,,,,,,,,,,,,,,,,,,,,,,,,,,,,,,,,,,,,,,,,,,,,,,,,,,,,,,,,,,,,,,,,,,,,,,,,,,,,,,,,,,,,,,,,,,,,AI 键,,,,,,,,,,,,自研射频增强芯片 HONOR C1+,,,,,,,,,,,,AI换脸检测、双TEE安全系统、手机盾、密码保险箱、模糊位置、隐私助手、平行空间、反诈防火墙、应用锁、支付保护中心、隐私时刻、应用跳转弹窗提醒，通话反诈,"YOYO智能体、AI换脸识别、AI翻译、魔方个性化、魔法形象、互动主题、AI文档、AI笔记、灵动胶囊、魔法锁屏、荣耀任意门、全屏熄屏显示、智慧摆台、桌面大文件夹自定义、收藏空间、平行空间、个人事务中心、YOYO助理、个性化锁屏、反诈防火墙、智慧识码、隔空滑动屏幕、隔空截屏、智能旋转屏幕和辅助拍照、气息唤醒、YOYO建议、Magic 文本、OS Turbo X、GPU Turbo X、智慧互联、智慧运存、语音控制呼叫、多屏协同、电脑模式、智慧视觉、智慧识屏、全屏翻译、语音翻译、AI字幕、智慧多窗、深色模式、电子书模式、状态互动AOD、纯净文件管理、注视不熄屏、注视来电音量减弱、荣耀分享、快捷启动及手势、应用分身、换机克隆、名片扫描、备份与恢复、服务维修模式 备注：
1. 快捷启动及手势：含指关节截屏、双指关节录屏、拿起手机亮屏、双击亮屏、全局收藏、全局批注、翻转手机静音、拿起手机减弱音量、快速通话、电源键唤醒YOYO助理。

2. 智慧视觉：含智能抠图、文字提取、扫码、智能识别、翻译、文档扫描、卡证扫描。
3、互动主题需OTA升级支持。",手势导航（默认）、屏幕内三键导航、悬浮导航,支持2D人脸识别,5000万广角前摄：ƒ/2.0光圈、最大90°视角 备注：不同拍照模式的照片像素可能有差异，请以实际为准。,最大可支持3840x2160像素 备注：不同拍摄模式的视频像素可能有差异，请以实际为准。,最大可支持8192x6144像素 备注：不同拍照模式的照片像素可能有差异，请以实际为准。,"4K视频拍摄：30/60 FPS
1080P视频拍摄：30/60 FPS
720P视频拍摄：30/60 FPS
视频录制编码格式包括H.264
支持两焦段变焦（0.8x/1x）
支持EIS视频防抖
支持视频美肤
支持多镜录像
支持立体声收音
支持蓝牙耳机收音","5000万主摄：1/1.56英寸超感光元件、ƒ/1.9光圈、100% Focus Pixels、支持OIS光学防抖、支持四合一2.0μm大像素输出

5000万超广角：ƒ/2.0光圈、最大122°超广视角、100% Focus Pixels，2.5cm高清微距摄影

6400万超夜神长焦：潜望式长焦、ƒ/2.5光圈、支持OIS光学防抖、3x光学变焦、最高可达120倍数字变焦

色温传感器
Flicker传感器 备注：
1、各镜头等效焦距属器件规格，各模式下可能存有差异，请以实际为准。
2、不同拍照模式的照片像素可能有差异，请以实际为准。最高像素需进入“高像素”拍照模式体验，请以实际为准。",最大120倍数字变焦、3X光学变焦 备注：不同模式下可能有差异，请以实际为准。,最大可支持3840x2160像素 备注：不同拍摄模式的视频像素可能有差异，请以实际为准。,最大可支持9216x 6912像素 备注：不同拍照模式的照片像素可能有差异，请以实际为准。,"4K 视频拍摄：30/60 FPS
1080P视频拍摄：30/60 FPS
720P视频拍摄：30/60 FPS
4K夜景录像模式：24FPS
1080P夜景录像模式：24FPS
1080P慢动作视频：120/240FPS
视频录制编码格式包括H.264和HEVC
变焦范围最高可达0.5x-15x
广角主摄像头支持OIS视频防抖
长焦摄像头支持OIS视频防抖
超广角摄像头支持EIS视频防抖
支持视频美肤
支持立体声收音
支持蓝牙耳机收音
延时摄影模式最高可达4K",人像模式、滤镜、笑脸抓拍、自拍镜像、声控拍照、定时拍摄、手势拍照、夜景模式、自拍环形补光、高像素模式、多镜录像,电子防抖、光学防抖,,,,,,,,,,2×Prime 4.6GHz+6×Performance 3.62GHz 备注：实际运行频率因应用负载智能调整。,第五代骁龙®️8至尊版移动平台,八核,Adreno™840,VoIP/CS通话AI降噪、蓝牙耳机远程录音。 备注：VoIP通话AI降噪和蓝牙耳机远程录音功能需配合相应的应用使用，请以实际体验为准。,支持,3gp、mp4,HONOR Sound 备注：荣耀AI环绕低音炮。,mp3、mp4、3gp、ogg、amr、aac、flac、wav、midi,7.95mm,74.03mm,约205g（含电池） 备注：实际尺寸/重量依配置、制造工艺、测量方法的不同可能有所差异。,157.12mm,"HDR峰值亮度：6000nits
全局峰值亮度：1800nits",巨犀玻璃,,FHD+ 1256×2760  像素 备注：该分辨率对应标准矩形，实际屏幕有效像素略少。,,,6.58英寸 备注：显示屏采用圆角设计，按照标准矩形测量屏幕的对角线长度为6.58英寸（实际可视区域略小）。,圆偏振光护眼2.0、4320Hz超高频PWM调光、干眼友好、离焦视力舒缓、护眼模式、类自然光护眼、助眠显示、自然色彩显示 备注：本产品非医疗器械，不具有治疗功能。,"显示技术：
HDR显示（图片和视频）、超动态显示、臻彩显示、120Hz LTPO自适应动态刷新率",OLED,真10.7亿色，DCI-P3广色域,多点触控，最多支持10点触控,80W荣耀无线超级快充，支持无线反向充电。 备注：最大支持80W无线超级快充，需单独购买充电规格不小于80W的荣耀超级快充无线充电器。实际充电功率会随不同场景智能变化，请以实际使用情况为准。,支持,90W荣耀超级快充 备注：最大支持90W有线超级快充，需搭配原装有线超级快充充电器及原装充电线缆使用。充电套装是否需要单独购买请以实际包装清单为准。实际充电功率会随不同场景智能变化，请以实际使用情况为准。,7000mAh（典型值） 备注：电池额定容量为 6820mAh（内置不可拆卸）。,锂离子聚合物电池,MagicOS 10（基于Android 16）,,,,"支持Wi-Fi 7（802.11 be），Wi-Fi 6（802.11 ax）和802.11 a/b/g/n/ac
支持2x2 MIMO，MLO，4096 QAM，160MHz，MU-MIMO，2.4G&5G双路并发
支持2.4GHz和5GHz WLAN
支持WLAN热点、WLAN直连 备注：Wi-Fi 7需要搭配相应的Wi-Fi 7路由器使用。","无线投屏
红外遥控
PC数据同步
视频通话（运营商和第三方软件）
OTG（反向供电时最大输出电流1A/5V）
数据线接口：支持USB Type-C，USB 2.0
耳机接口：USB Type-C 备注：
1. 红外遥控支持遥控发射，不支持自学习功能。
2. 运营商视频通话功能因不同国家或地区运营商的支持情况而异，详情请咨询网络运营商。
3. 标配数据线支持USB 2.0。","支持北斗（B1I+B1C+B2a+B2b四频）、GPS（L1+L5双频）、GLONASS（G1）、Galileo（E1+E5a+E5b三频）、QZSS（L1+L5双频）、NavIC（L1+L5双频）、A-GNSS
支持蜂窝网络定位、WLAN网络定位","蓝牙6.0，支持低功耗蓝牙(BLE)、LE Audio、Auracast
支持SBC、AAC、LDAC、aptX、aptX HD、aptX Adaptive、aptX Lossless、LC3、LHDC5.0
支持ASHA、LE Audio助听器协议"
荣耀Magic V5,Magic系列,,honor-magic-v5,https://www.honor.com/cn/phones/honor-magic-v5/,51,"支持读/写模式、卡模拟模式（荣耀卡包，NFC-SIM，HCE） 备注：
1. NFC-SIM需放在SIM1卡槽使用。
2. NFC感应区在手机背部中上位置。",重力传感器、红外传感器、指纹传感器、霍尔传感器、加速度传感器、陀螺仪、指南针、气压计、环境光传感器、接近光传感器,,,,,,,,,,,,,,,,,,,,,,,,,,,,,,,,,,,,,,,,,,,,,,,,,,,,,,,,,,,,,,,,,,,,,,,,,,,,,,,,,,,,,,,,,,,,,,,,,,,,,,,,,,,,,,,,,,,,,,,,,,,,,,,,,,,,,,,,,,,,,,,,,,,,,,,,,,,,,,,,,,,荣耀自研射频增强芯片C1+,,,,,,,,,,,,AI换脸检测、安全存储、手机盾、密码保险箱、模糊位置、隐私助手、平行空间、反诈防火墙、应用锁、支付保护中心、隐私时刻、应用跳转弹窗提醒,荣耀YOYO智能体、AI打车、AI制作PPT、AI编程、AI识屏、AI意图搜索（语义搜索、内容搜索）、AI魔法修图（一语消除物体、AI识别路人消除、反光消除、褶皱去除、人脸表情修复、人脸闭眼修复、AI超清、智能抠图、AI扩图）、AI字幕、AI翻译、AI通话助理、AI帮写、YOYO记忆(帮记日程、帮记账号、帮记屏幕内容）、AI图生视频、荣耀全品牌分享、荣耀换机克隆、AI晕动舒缓显示、AI声纹降噪、智慧隐私通话、振动增强 备注：部分特性OTA升级支持，请以实际体验为准。,手势导航（默认）、屏幕内三键导航、悬浮导航,支持2D人脸识别,"2000万像素广角摄像头（f/2.2光圈，内屏）
2000万像素广角摄像头（f/2.2光圈，外屏） 备注：不同拍照模式的照片像素可能有差异，请以实际为准。",最大可支持3840×2160像素 备注：不同拍摄模式的视频像素可能有差异，请以实际为准。,最大可支持5120x3840像素 备注：不同拍照模式的照片像素可能有差异，请以实际为准。,最大可支持3840x2160视频录制,"5000万像素广角摄像头(f/1.6光圈)
5000万像素超广角摄像头(f/2.0光圈)
6400万像素潜望式长焦摄像头(f/2.5 光圈) 支持激光对焦，支持后置色温传感器 备注：不同拍照模式的照片像素可能有差异，请以实际为准。","支持 3 倍光学变焦（3 倍变焦为近似值，镜头焦段分别为 23 mm，13 mm，70 mm）
支持100 倍数字变焦 备注：不同模式下可能有差异，请以实际为准。",最大可支持3840x2160像素 备注：不同拍摄模式的视频像素可能有差异，请以实际为准。,最大可支持9216x6912像素 备注：不同拍照模式的照片像素可能有差异，请以实际为准。,最大支持3840x2160视频录制，支持防抖,人像模式、滤镜、笑脸抓拍、自拍镜像、声控拍照、定时拍摄、手势拍照、夜景模式、水印模式、自拍环形补光、双景录像,电子防抖、光学防抖,,,,,,,,,,2×Prime 4.32GHz+6×Performance 3.53GHz 备注：实际运行频率因应用负载智能调整。,骁龙8至尊版移动平台,八核,Adreno™830,通话降噪模式（环境声降噪/AI声纹降噪）、蓝牙耳机远程录音、后摄3MIC录像音频变焦、前摄3MIC录像音频聚焦 备注：环境音降噪、AI声纹降噪和蓝牙耳机远程录音功能需配合相应的应用使用，请以实际体验为准。,支持,3gp/mp4,HONOR Sound,mp3/mp4/3gp/ogg/amr/aac/flac/wav/midi,"暖白色版本：
折叠态：8.8 mm
展开态：4.1 mm

其他颜色版本：
折叠态：9.0 mm
展开态：4.2 mm","折叠态：74.3 mm
展开态：145.9 mm","暖白色版本：约217克（含电池）
其他颜色版本：约222克（含电池） 备注：实际尺寸/重量依配置、制造工艺、测量方法的不同可能有所差异。",156.8 mm,"HDR峰值亮度：5000nits
全局峰值亮度：外屏1800nits/内屏1300nits","内屏：荣耀金刚柔性装甲
外屏：荣耀金刚巨犀玻璃",,"内屏：2352x2172像素
外屏：2376x1060像素 备注：该分辨率对应标准矩形，实际屏幕有效像素略少。",,,"内屏：7.95英寸
外屏：6.43英寸 备注：显示屏采用圆角设计，按照标准矩形测量时，内屏屏幕的对角线长度是7.95英寸（实际可视区域略小），外屏屏幕的对角线长度是6.43英寸（实际可视区域略小）。",4320Hz超高频PWM调光、干眼友好、离焦视力舒缓、自然色彩显示、类自然光护眼、晕动舒缓、助眠显示、护眼模式 备注：本产品非医疗器械，不具有治疗功能。,"显示技术：
全域低功耗LTPO护眼屏","内屏：可折叠柔性OLED屏
外屏：OLED",10.7亿色，DCI-P3广色域,多点触控，最多支持10点触控,50W荣耀无线超级快充，支持无线反向充电。 备注：最大支持50W荣耀无线超级快充，无线超级快充需单独购买相应的荣耀超级快充无线充电器使用。实际充电功率会随不同场景智能变化，请以实际使用情况为准。,支持,66W荣耀超级快充 备注：最大支持66W有线超级快充，需搭配66W荣耀超级快充充电套装使用。实际充电功率会随不同场景智能变化，请以实际使用情况为准。,"16GB+1TB 版本：6100mAh（典型值）
其他版本：5820mAh（典型值） 备注：荣耀Magic V5 16GB+1TB 版本使用青海湖电池 Ultra 方案（青海湖刀片电池），电池容量典型值为 6100mAh，额定容量为 5950mAh；其他存储版本使用青海湖电池方案，电池容量典型值为 5820mAh，额定容量为 5690mAh。",锂离子聚合物电池（青海湖电池）,MagicOS 9.0.1 （基于Android 15）,,环球行、智慧选网、Link Turbo X网络加速、独立Wi-Fi蓝牙架构,,"支持Wi-Fi 7（802.11 be），Wi-Fi 6（802.11 ax）和802.11 a/b/g/n/ac； 
支持2x2 MIMO，MLO，4096 QAM，160MHz，MU-MIMO，2.4G&5G双路并发；
支持2.4GHz和5GHz WLAN 
支持WLAN热点、WLAN直连。 备注：Wi-Fi 7需要搭配相应的Wi-Fi 7路由器使用。","无线投屏
红外遥控
PC数据同步
视频通话（运营商和第三方软件）
OTG（反向供电时最大输出电流1A/5V）
数据线接口：USB Type-C，USB 3.2 GEN1，支持DP1.2
耳机接口：USB Type-C 备注：
1. 红外遥控支持遥控发射，不支持自学习功能
2. 运营商视频通话功能因不同国家或地区运营商的支持情况而异，详情请咨询网络运营商。
3. USB 3.2 GEN1 功能需搭配支持 USB 3.2 GEN1 的数据线（非标配，需另行购买）使用。
4. 标配数据线支持 USB 2.0。","支持北斗(B1I+B1C+B2a+B2b四频)、GPS(L1+L5双频)、GLONASS(G1)、Galileo(E1+E5a+E5b三频)、QZSS(L1+L5双频)、NavIC(L1+L5双频)、A-GNSS；
支持蜂窝网络定位、WLAN网络定位。","蓝牙6.0，支持低功耗蓝牙(BLE)、LE Audio
支持SBC、AAC、LDAC、aptX、aptX HD、aptX Adaptive、LC3
支持ASHA助听器协议"
荣耀Magic7 RSR | 保时捷设计,Magic系列,,honor-magic7-rsr-porsche-design,https://www.honor.com/cn/phones/honor-magic7-rsr-porsche-design/,51,,"重力传感器、红外传感器、指纹传感器、陀螺仪、指南针、环境光传感器、接近光传感器、加速度传感器、气压计

NFC
支持读/写模式、卡模拟模式（荣耀钱包，NFC-SIM，HCE） 备注：
1. NFC-SIM需放在SIM1卡槽使用。
2. NFC感应区在手机背部中上位置。",,,,,,,,,,,,,,,,,,,,,,,,,,,,,,,,,,,,,,,,,,,,,,,,,,,,,,,,,,,,,,,,,,,,,,,,,,,,,,,,,,,,,,,,,,,,,,,,,,,,,,,,,,,,,,,,,,,,,,,,,,,,,,,,,,,,,,,,,,,,,,,,,,,,,,,,,,,,,,,,,,,荣耀通信芯片HONOR C2,,,,,,,,,,,,AI换脸检测、智慧隐私通话、独立安全存储芯片、双TEE安全系统、手机盾、密码保险箱、模糊位置、隐私助手、平行空间、反诈防火墙、应用锁、支付保护中心、隐私时刻、应用跳转弹窗提醒,"YOYO智能体、AI换脸识别、AI翻译、魔方个性化、魔法形象、互动主题、AI文档、AI笔记、灵动胶囊、魔法锁屏、荣耀任意门、全屏熄屏显示、智慧摆台、桌面大文件夹自定义、收藏空间、平行空间、个人事务中心、YOYO助理、个性化锁屏、反诈防火墙、智慧识码、隔空滑动屏幕、隔空截屏、智能旋转屏幕和辅助拍照、气息唤醒、YOYO建议、Magic 文本、OS Turbo X、GPU Turbo X、智慧互联、智慧运存、语音控制呼叫、多屏协同、电脑模式、智慧视觉、智慧识屏、全屏翻译、语音翻译、AI字幕、智慧多窗、深色模式、电子书模式、状态互动AOD、纯净文件管理、注视不熄屏、注视来电音量减弱、荣耀分享、快捷启动及手势、应用分身、换机克隆、名片扫描、备份与恢复、服务维修模式 备注：
1. 快捷启动及手势：含指关节截屏、双指关节录屏、拿起手机亮屏、双击亮屏、全局收藏、全局批注、翻转手机静音、拿起手机减弱音量、快速通话、电源键唤醒YOYO助理。

2. 智慧视觉：含智能抠图、文字提取、扫码、智能识别、翻译、文档扫描、卡证扫描。
3. YOYO智能体部分新功能通过OTA升级支持，请以实际体验为准。",手势导航（默认）、屏幕内三键导航、悬浮导航,支持3D人脸识别,"5000万像素广角摄像头（f/2.0光圈）
3D深感摄像头 备注：相机参数来源于荣耀实验室，不同模式及场景下可能存有差异，请以实际为准。最高像素需进入“高像素”拍照模式体验，请以实际体验为准。",最大可支持3840x2160像素 备注：不同拍摄模式的视频像素可能有差异，请以实际为准。,最大可支持8192x6144像素 备注：不同拍照模式的照片像素可能有差异，请以实际为准。,"4K视频拍摄：30/60 FPS
1080P视频拍摄：30/60 FPS
720P视频拍摄：30/60 FPS
视频录制编码格式包括H.264
支持两焦段变焦（0.8x/1x）
支持EIS视频防抖
支持视频美肤
支持多镜录像
支持音频聚焦
支持立体声收音
支持蓝牙耳机收音","5000万像素广角摄像头：1/1.3英寸超大底感光元件、ƒ/1.4-ƒ/2.0超大智能可变光圈、支持LOFIC技术、超低反镀膜、100% Focus Pixels、支持OIS光学防抖、支持四合一2.4μm大像素输出
5000万像素超广角摄像头：ƒ/2.0光圈、最大122°视角、100% Focus Pixels、2.5cm高清微距摄影
2亿像素超清潜望式长焦摄像头：ƒ/1.88 超大光圈、1/1.4英寸超大底感光元件、3x光学变焦、支持OIS光学防抖、最高可达100倍数字变焦 备注：相机参数来源于荣耀实验室，不同模式及场景下可能存有差异，请以实际为准。最高像素需进入“高像素”拍照模式体验，请以实际体验为准。",最大100倍数字变焦 备注：不同模式下可能有差异，请以实际为准。,最大可支持3840x2160像素 备注：不同拍摄模式的视频像素可能有差异，请以实际为准。,最大可支持16384x12288像素 备注：不同拍照模式的照片像素可能有差异，请以实际为准。,"4K 视频拍摄：30/60 FPS
1080P视频拍摄：30/60 FPS
720P视频拍摄：30/60 FPS
4K夜景录像模式：24FPS
1080P夜景录像模式：24FPS
1080P慢动作视频：120/240FPS
视频录制编码格式包括H.264和HEVC
变焦范围最高可达0.5x-10x
广角主摄像头支持OIS视频防抖
长焦摄像头支持OIS视频防抖
超广角摄像头支持EIS视频防抖
支持视频美肤
支持音频变焦
支持立体声收音
支持蓝牙耳机收音
电影模式： HDR Vivid最高可达4K 30FPS，10bit Magic-Log最高可达4K 60FPS
延时摄影模式最高可达4K","人像模式、滤镜、笑脸抓拍、自拍镜像、声控拍照、定时拍摄、手势拍照、夜景模式、水印模式、自拍环形补光、高像素模式、多镜录像

图库功能：AI消除、AI风格、AI扩图、人脸修复、智能美颜、智慧成片、图库语义搜索、精彩时刻、一键大片、荣耀剪辑",电子防抖、光学防抖,,,,,,,,,,2×Prime 4.32GHz+6×Performance 3.53GHz 备注：实际运行频率因应用负载智能调整。,骁龙®️8至尊版移动平台,八核,Adreno™830,"智慧隐私通话、VoIP/CS通话AI双向降噪、蓝牙耳机远程录音、后摄3MIC录像音频变焦、前摄3MIC录像音频聚焦 备注：
1. VoIP通话AI双向降噪和蓝牙耳机远程录音功能需配合相应的应用使用，请以实际体验为准。
2. 智慧隐私通话模式在13格音量及以下生效。该功能可一定程度上减少听筒漏音，非完全隔音，漏音听感与环境嘈杂程度有关，请以实际体验为准。",支持,3gp、mp4,荣耀环绕低音炮、DTS:X® Ultra音效,mp3、mp4、3gp、ogg、amr、aac、flac、wav、midi,8.8 mm,77.1 mm,约228g（含电池） 备注：实际尺寸/重量依配置、制造工艺、测量方法的不同可能有所差异。,162.7 mm,"HDR峰值亮度：5000nits
全局峰值亮度：1600nits",荣耀金刚巨犀玻璃,,FHD+ 1280x2800像素 备注：该分辨率对应标准矩形，实际屏幕有效像素略少。,,,6.8英寸 备注：显示屏采用圆角设计，按照标准矩形测量时，屏幕的对角线长度是6.8英寸（实际可视区域略小）。,"圆偏振光护眼、4320Hz PWM零风险调光、类自然光护眼、硬件级低蓝光、自然色彩显示、AI助眠显示、AI离焦护眼、AI干眼友好、护眼模式 备注：
1. 本产品非医疗器械，不具有治疗功能。
2. 屏幕最高支持4320Hz超高频PWM调光，在低亮度场景下生效，通过德国莱茵TÜV无频闪认证，达到零风险调光级别。德国莱茵TÜV无频闪认证的测试标准参考IEEE（电气电子工程师学会）Std 1789-2015标准中频闪风险等级与闪烁频率相关性定义：当调光频率高于3125Hz时，达到无频闪危害等级。本产品非医疗器械，不具有治疗功能。","显示技术：
HDR显示（图片和视频）、超动态显示、臻彩显示、屏幕聚光技术
屏幕刷新率：
1~120Hz LTPO自适应动态刷新率 备注：屏幕支持1/10/30/60/90/120Hz，不同应用界面及游戏画面下，屏幕刷新率可能略有不同，请以实际体验为准。",OLED,真10.7亿色，DCI-P3广色域,多点触控，最多支持10点触控,80W荣耀无线超级快充，支持无线反向充电。 备注：此功率为支持的最大充电功率，无线超级快充需单独购买相应的荣耀超级快充无线充电器使用。实际充电功率会随不同场景智能变化，请以实际使用情况为准。,支持,100W荣耀超级快充 备注：此功率为支持的最大充电功率，有线超级快充需搭配原装有线超级快充充电器与充电线使用。实际充电功率会随不同场景智能变化，请以实际使用情况为准。,5850mAh（典型值） 备注：电池额定容量为5750mAh（内置不可拆卸）。,"锂离子聚合物电池（第三代青海湖电池）
支持自研能效增强芯片HONOR E2",MagicOS 9.0（基于Android 15）,"支持移动 5G/4G+/4G/2G，电信 5G/4G+/4G，联通5G/4G+/4G/3G/2G，广电5G/4G+/4G 备注：
1. 主卡指SIM卡管理中开通默认移动数据的卡。
2. 卡槽1、2可以任意切换为默认移动数据卡。
3. 如果两张都是电信卡，副卡（非默认移动数据卡）必须开通电信VoLTE业务，才能同时使用电信双卡。
4. 5G/4G网络使用，需要根据运营商网络和相关业务部署情况确定是否支持。","荣耀优速通、双Wi-Fi芯片聚合下载、北斗卫星短信、天通卫星通信、环球行、智慧选网、Link Turbo X网络加速 备注：
1. 荣耀优速通功能在网络拥塞下根据使用场景智能生效，且限期免费使用，该功能实现与运营商业务部署相关，请以实际体验为准。
2. 双Wi-Fi芯片聚合下载功能通过OTA升级支持，在Wi-Fi限速场景下，会根据实际连接网络状态和使用业务智能启动，根据现场网络条件等差异，实际体验可能有所不同，请以实际使用情况为准。
3. 北斗卫星短信和天通卫星通信需开通卫星业务运营商的相关业务使用，该功能实现与运营商业务部署相关，请以当地运营商实际业务为准。为保障飞行及通信安全，飞机关闭舱门期间请勿使用卫星通信功能。",,"支持802.11 a/b/g/n/ac/ax/be，2x2 MIMO
支持2.4GHz和5GHz WLAN
支持WLAN热点、WLAN直连 备注：需要搭配相应的Wi-Fi7路由器使用。","有线投屏、无线投屏
红外遥控
PC数据同步
视频通话（运营商和第三方软件）
OTG（反向供电时最大输出电流1A/5V）
数据线接口：USB Type-C，USB 3.2 GEN1，支持DP1.2
耳机接口：USB Type-C 备注：
1. 红外遥控支持遥控发射，不支持自学习功能。
2. 运营商视频通话功能因不同国家或地区运营商的支持情况而异，详情请咨询网络运营商。
3. USB 3.2 GEN1功能需搭配支持USB 3.2 GEN1的数据线（非标配，需另行购买）使用。
4. 标配数据线支持USB 2.0。","支持北斗（B1I+B1C+B2a三频）、双频GPS（L1+L5）、AGPS、Glonass、伽利略（E1 + E5a双频）、QZSS（L1+L5双频）
支持蜂窝网络定位、WLAN网络定位",BT5.4，支持BLE、SBC、AAC、LDAC、APTX、APTX HD
荣耀Magic7 Pro,Magic系列,,honor-magic7-pro,https://www.honor.com/cn/phones/honor-magic7-pro/,51,,"重力传感器、红外传感器、超声波指纹传感器、陀螺仪、指南针、环境光传感器、接近光传感器、加速度传感器、X轴超线性马达

NFC
支持读/写模式、卡模拟模式（荣耀钱包，NFC-SIM，HCE） 备注：
1. NFC-SIM需放在SIM1卡槽使用。
2. NFC感应区在手机背部中上位置。",,,,,,,,,,,,,,,,,,,,,,,,,,,,,,,,,,,,,,,,,,,,,,,,,,,,,,,,,,,,,,,,,,,,,,,,,,,,,,,,,,,,,,,,,,,,,,,,,,,,,,,,,,,,,,,,,,,,,,,,,,,,,,,,,,,,,,,,,,,,,,,,,,,,,,,,,,,,,,,,,,,荣耀通信芯片HONOR C2,,,,,,,,,,,,AI换脸检测、智慧隐私通话、独立安全存储芯片、双TEE安全系统、手机盾、密码保险箱、模糊位置、隐私助手、平行空间、反诈防火墙、应用锁、支付保护中心、隐私时刻、应用跳转弹窗提醒,"YOYO智能体、AI换脸检测、AI翻译、魔方个性化、魔法形象、互动主题、AI文档、AI笔记、灵动胶囊、魔法锁屏、荣耀任意门、全屏熄屏显示、智慧摆台、桌面大文件夹自定义、收藏空间、平行空间、个人事务中心、YOYO助理、个性化锁屏、反诈防火墙、智慧识码、隔空滑动屏幕、隔空截屏、智能旋转屏幕和辅助拍照、气息唤醒、YOYO建议、Magic 文本、OS Turbo X、GPU Turbo X、智慧互联、智慧运存、语音控制呼叫、多屏协同、电脑模式、智慧视觉、智慧识屏、全屏翻译、语音翻译、AI字幕、智慧多窗、深色模式、电子书模式、状态互动AOD、纯净文件管理、注视不熄屏、注视来电音量减弱、荣耀分享、快捷启动及手势、应用分身、换机克隆、名片扫描、备份与恢复、服务维修模式 备注：
1. 快捷启动及手势：含指关节截屏、双指关节录屏、拿起手机亮屏、双击亮屏、全局收藏、全局批注、翻转手机静音、拿起手机减弱音量、快速通话、电源键唤醒YOYO助理。

2. 智慧视觉：含智能抠图、文字提取、扫码、智能识别、翻译、文档扫描、卡证扫描。
3. YOYO智能体该部分新功能、AI翻译中的同声传译、互动主题通过OTA升级支持。",手势导航（默认）、屏幕内三键导航、悬浮导航,支持3D人脸识别,"5000万像素摄像头：ƒ/2.0光圈、最大90°视角
3D深感摄像头 备注：相机参数来源于荣耀实验室，不同模式及场景下可能存有差异，请以实际为准。最高像素需进入“高像素”拍照模式体验，请以实际体验为准。",最大可支持3840x2160像素 备注：不同拍摄模式的视频像素可能有差异，请以实际为准。,最大可支持8192x6144像素 备注：不同拍照模式的照片像素可能有差异，请以实际为准。,"4K视频拍摄：30/60 FPS
1080P视频拍摄：30/60 FPS
720P视频拍摄：30/60 FPS
视频录制编码格式包括H.264
支持两焦段变焦（0.8x/1x）
支持EIS视频防抖
支持视频美肤
支持多镜录像
支持音频聚焦
支持立体声收音
支持蓝牙耳机收音","5000万像素广角摄像头：1/1.3英寸超大底感光元件、F1.4-F2.0超大智能可变光圈、超低反镀膜、100% Focus Pixels、支持OIS光学防抖、支持四合一2.4μm大像素输出
5000万像素超广角摄像头：ƒ/2.0光圈、最大122°视角、100% Focus Pixels、2.5cm高清微距摄影
2亿像素超清潜望式长焦摄像头：1/1.4英寸超大底感光元件、3x光学变焦、ƒ/2.6 光圈、支持OIS光学防抖、最高可达100倍数字变焦
色温传感器
Flicker传感器
激光对焦传感器 备注：相机参数来源于荣耀实验室，不同模式及场景下可能存有差异，请以实际为准。最高像素需进入“高像素”拍照模式体验，请以实际体验为准。",最大100倍数字变焦 备注：不同模式下可能有差异，请以实际为准。,最大可支持3840x2160像素 备注：不同拍摄模式的视频像素可能有差异，请以实际为准。,最大可支持16384x12288像素 备注：不同拍照模式的照片像素可能有差异，请以实际为准。,"4K 视频拍摄：30/60 FPS
1080P视频拍摄：30/60 FPS
720P视频拍摄：30/60 FPS
4K夜景录像模式：24FPS
1080P夜景录像模式：24FPS
1080P慢动作视频：120/240FPS
视频录制编码格式包括H.264和HEVC
变焦范围最高可达0.5x-10x
广角主摄像头支持OIS视频防抖
长焦摄像头支持OIS视频防抖
超广角摄像头支持EIS视频防抖
支持视频美肤
支持音频变焦
支持立体声收音
支持蓝牙耳机收音
电影模式： HDR Vivid最高可达4K 30FPS，10bit Magic-Log最高可达4K 60FPS
延时摄影模式最高可达4K","人像模式、滤镜、笑脸抓拍、自拍镜像、声控拍照、定时拍摄、手势拍照、夜景模式、水印模式、自拍环形补光、高像素模式、多镜录像

图库功能：AI消除、AI风格、AI扩图、人脸修复、智能美颜、智慧成片、图库语义搜索、精彩时刻、一键大片、荣耀剪辑 备注：AI风格、AI扩图、人脸修复功能通过OTA升级支持。",电子防抖、光学防抖,,,,,,,,,,2×Prime 4.32GHz+6×Performance 3.53GHz 备注：实际运行频率因应用负载智能调整。,骁龙®️8至尊版移动平台,八核,Adreno™830,"智慧隐私通话、VoIP/CS通话AI双向降噪、蓝牙耳机远程录音、后摄3MIC录像音频变焦、前摄3MIC录像音频聚焦 备注：
1. VoIP通话AI双向降噪和蓝牙耳机远程录音功能需配合相应的应用使用，请以实际体验为准。
2. 智慧隐私通话模式在13格音量及以下生效。该功能可一定程度上减少听筒漏音，非完全隔音，漏音听感与环境嘈杂程度有关，请以实际体验为准。",支持,3gp、mp4,荣耀环绕低音炮、DTS:X® Ultra音效,mp3、mp4、3gp、ogg、amr、aac、flac、wav、midi,8.8 mm,77.1 mm,约223克（含电池） 备注：实际尺寸/重量依配置、制造工艺、测量方法的不同可能有所差异。,162.7 mm,"HDR峰值亮度：5000nits
全局峰值亮度：1600nits",巨犀玻璃,,FHD+ 1280x2800像素 备注：该分辨率对应标准矩形，实际屏幕有效像素略少。,,,6.8英寸 备注：显示屏采用圆角设计，按照标准矩形测量时，屏幕的对角线长度是6.8英寸（实际可视区域略小）。,"圆偏振光护眼、4320Hz PWM零风险调光、类自然光护眼、硬件级低蓝光、自然色彩显示、AI助眠显示、AI离焦护眼、AI干眼友好 备注：
1. 本产品非医疗器械，不具有治疗功能。
2. 屏幕最高支持4320Hz超高频PWM调光，在低亮度场景下生效，通过德国莱茵TÜV无频闪认证，达到零风险调光级别。德国莱茵TÜV无频闪认证的测试标准参考IEEE（电气电子工程师学会）Std 1789-2015标准中频闪风险等级与闪烁频率相关性定义：当调光频率高于3125Hz时，达到无频闪危害等级。本产品非医疗器械，不具有治疗功能。","显示技术：
HDR显示（图片和视频）、超动态显示、臻彩显示、1~120Hz LTPO自适应动态刷新率、屏幕聚光技术

显示认证：
德国莱茵TÜV圆偏振显示认证
德国莱茵TÜV全局护眼4.0认证
德国莱茵TÜV无频闪认证
Dolby VISION认证
HDR Vivid认证
帧享超高清认证 备注：屏幕支持1/10/30/60/90/120Hz，不同应用界面及游戏画面下，屏幕刷新率可能略有不同，请以实际体验为准。",OLED,真10.7亿色，DCI-P3广色域,多点触控，最多支持10点触控,80W荣耀无线超级快充，支持无线反向充电。 备注：此功率为支持的最大充电功率，无线超级快充需单独购买相应的荣耀超级快充无线充电器使用。实际充电功率会随不同场景智能变化，请以实际使用情况为准。,支持,100W荣耀超级快充 备注：此功率为支持的最大充电功率，有线超级快充需搭配原装有线超级快充充电器与充电线使用。实际充电功率会随不同场景智能变化，请以实际使用情况为准。,5850mAh（典型值） 备注：电池额定容量为5750mAh（内置不可拆卸）。,"锂离子聚合物电池（第三代青海湖电池）
支持自研能效增强芯片HONOR E2",MagicOS 9.0（基于Android 15）,"支持移动 5G/4G+/4G/2G，电信 5G/4G+/4G，联通5G/4G+/4G/3G/2G，广电5G/4G+/4G 备注：
1. 主卡指SIM卡管理中开通默认移动数据的卡。
2. 卡槽1、2可以任意切换为默认移动数据卡。
3. 如果两张都是电信卡，副卡（非默认移动数据卡）必须开通电信VoLTE业务，才能同时使用电信双卡。
4. 5G/4G网络使用，需要根据运营商网络和相关业务部署情况确定是否支持。","荣耀优速通、双Wi-Fi芯片聚合下载、环球行、智慧选网、Link Turbo X网络加速 备注：
1. 荣耀优速通功能通过OTA升级支持，在网络拥塞下根据使用场景智能生效，且限期免费使用，该功能实现与运营商业务部署相关，请以实际体验为准。
2. 双Wi-Fi芯片聚合下载功能通过OTA升级支持，在Wi-Fi限速场景下，会根据实际连接网络状态和使用业务智能启动，根据现场网络条件等差异，实际体验可能有所不同，请以实际使用情况为准。",,"802.11 a/b/g/n/ac/ax/be，2x2 MIMO
2.4GHz和5GHz WLAN
WLAN热点、WLAN直连 备注：需要搭配相应的Wi-Fi7路由器使用。","有线投屏、无线投屏
红外遥控
PC数据同步
视频通话（运营商和第三方软件）
OTG（反向供电时最大输出电流1A/5V）
数据线接口：USB Type-C，USB 3.2 GEN1，支持DP1.2
耳机接口：USB Type-C 备注：
1. 红外遥控支持遥控发射，不支持自学习功能。
2. 运营商视频通话功能因不同国家或地区运营商的支持情况而异，详情请咨询网络运营商。
3. USB 3.2 GEN1功能需搭配支持USB 3.2 GEN1的数据线（非标配，需另行购买）使用。
4. 标配数据线支持USB 2.0。","北斗（B1I+B1C+B2a三频）、双频GPS（L1+L5）、AGPS、Glonass、伽利略（E1 + E5a双频）、QZSS（L1+L5双频）
蜂窝网络定位、WLAN网络定位",BT5.4，支持BLE、SBC、AAC、LDAC、APTX、APTX HD
荣耀Magic7,Magic系列,,honor-magic7,https://www.honor.com/cn/phones/honor-magic7/,51,,"重力传感器、红外传感器、超声波指纹传感器、陀螺仪、指南针、环境光传感器、接近光传感器、加速度传感器、X轴线性马达

NFC
支持读/写模式、卡模拟模式（荣耀钱包，NFC-SIM，HCE） 备注：
1. NFC-SIM需放在SIM1卡槽使用。
2. NFC感应区在手机背部中上位置。",,,,,,,,,,,,,,,,,,,,,,,,,,,,,,,,,,,,,,,,,,,,,,,,,,,,,,,,,,,,,,,,,,,,,,,,,,,,,,,,,,,,,,,,,,,,,,,,,,,,,,,,,,,,,,,,,,,,,,,,,,,,,,,,,,,,,,,,,,,,,,,,,,,,,,,,,,,,,,,,,,,自研射频增强芯片HONOR C1+,,,,,,,,,,,,AI换脸检测、双TEE安全系统、手机盾、密码保险箱、模糊位置、隐私助手、平行空间、反诈防火墙、应用锁、支付保护中心、隐私时刻、应用跳转弹窗提醒,"YOYO智能体、AI换脸检测、AI翻译、魔方个性化、魔法形象、互动主题、AI文档、AI笔记、灵动胶囊、魔法锁屏、荣耀任意门、全屏熄屏显示、智慧摆台、桌面大文件夹自定义、收藏空间、平行空间、个人事务中心、YOYO助理、个性化锁屏、反诈防火墙、智慧识码、隔空滑动屏幕、隔空截屏、智能旋转屏幕和辅助拍照、气息唤醒、YOYO建议、Magic 文本、OS Turbo X、GPU Turbo X、智慧互联、智慧运存、语音控制呼叫、多屏协同、电脑模式、智慧视觉、智慧识屏、全屏翻译、语音翻译、AI字幕、智慧多窗、深色模式、电子书模式、状态互动AOD、纯净文件管理、注视不熄屏、注视来电音量减弱、荣耀分享、快捷启动及手势、应用分身、换机克隆、名片扫描、备份与恢复、服务维修模式 备注：
1. 快捷启动及手势：含指关节截屏、双指关节录屏、拿起手机亮屏、双击亮屏、全局收藏、全局批注、翻转手机静音、拿起手机减弱音量、快速通话、电源键唤醒YOYO助理。

2. 智慧视觉：含智能抠图、文字提取、扫码、智能识别、翻译、文档扫描、卡证扫描。
3. YOYO智能体该部分新功能、AI翻译中的同声传译、互动主题通过OTA升级支持。",手势导航（默认）、屏幕内三键导航、悬浮导航,支持2D人脸识别,5000万像素摄像头：ƒ/2.0光圈、最大90°视角 备注：相机参数来源于荣耀实验室，不同模式及场景下可能存有差异，请以实际为准。最高像素需进入“高像素”拍照模式体验，请以实际体验为准。,最大可支持3840x2160像素 备注：不同拍摄模式的视频像素可能有差异，请以实际为准。,最大可支持8192x6144像素 备注：不同拍照模式的照片像素可能有差异，请以实际为准。,"4K视频拍摄：30/60 FPS
1080P视频拍摄：30/60 FPS
720P视频拍摄：30/60 FPS
视频录制编码格式包括H.264
支持两焦段变焦（0.8x/1x）
支持EIS视频防抖
支持视频美肤
支持多镜录像
支持立体声收音
支持蓝牙耳机收音","5000万像素广角摄像头：1/1.3英寸超大底感光元件、ƒ/1.9光圈、支持OIS光学防抖、100% Focus Pixels、支持四合一2.4μm大像素输出
5000万像素超广角摄像头：ƒ/2.0光圈、最大122°超广视角、100% Focus Pixels、2.5cm高清微距摄影
5000万像素长焦摄像头：3x光学变焦、ƒ/2.4光圈、支持OIS光学防抖、最高可达50倍数字变焦
色温传感器
激光对焦传感器 备注：相机参数来源于荣耀实验室，不同模式及场景下可能存有差异，请以实际为准。最高像素需进入“高像素”拍照模式体验，请以实际体验为准。",最大50倍数字变焦 备注：不同模式下可能有差异，请以实际为准。,最大可支持3840x2160像素 备注：不同拍摄模式的视频像素可能有差异，请以实际为准。,最大可支持8192x6144像素 备注：不同拍照模式的照片像素可能有差异，请以实际为准。,"4K 视频拍摄：30/60 FPS
1080P视频拍摄：30/60 FPS
720P视频拍摄：30/60 FPS
4K夜景录像模式：24FPS
1080P夜景录像模式：24FPS
1080P慢动作视频：120/240FPS
视频录制编码格式包括H.264和HEVC
变焦范围最高可达0.5x-10x
广角主摄像头支持OIS视频防抖
长焦摄像头支持OIS视频防抖
超广角摄像头支持EIS视频防抖
支持视频美肤
支持立体声收音
支持蓝牙耳机收音
电影模式： HDR Vivid最高可达4K 30FPS，10bit Magic-Log最高可达4K 60FPS
延时摄影模式最高可达4K","人像模式、滤镜、笑脸抓拍、自拍镜像、声控拍照、定时拍摄、手势拍照、夜景模式、水印模式、自拍环形补光、高像素模式、多镜录像

图库功能：AI消除、AI风格、AI扩图、人脸修复、智能美颜、智慧成片、图库语义搜索、精彩时刻、一键大片、荣耀剪辑 备注：AI风格、AI扩图、人脸修复功能通过OTA升级支持。",电子防抖、光学防抖,,,,,,,,,,2×Prime 4.32GHz+6×Performance 3.53GHz 备注：实际运行频率因应用负载智能调整。,骁龙®️8至尊版移动平台,八核,Adreno™830,VoIP/CS通话AI双向降噪、蓝牙耳机远程录音 备注：VoIP通话AI双向降噪和蓝牙耳机远程录音功能需配合相应的应用使用，请以实际体验为准。,支持,3gp、mp4,荣耀环绕低音炮、DTS:X® Ultra音效,mp3、mp4、3gp、ogg、amr、aac、flac、wav,7.95 mm,75.8 mm,约199克（含电池） 备注：实际尺寸/重量依配置、制造工艺、测量方法的不同可能有所差异。,162.1 mm,"HDR峰值亮度：5000nits
全局峰值亮度：1600nits",巨犀玻璃,,FHD+ 1264x2800像素 备注：该分辨率对应标准矩形，实际屏幕有效像素略少。,,,6.78英寸 备注：显示屏采用圆角设计，按照标准矩形测量时，屏幕的对角线长度是6.78英寸（实际可视区域略小）。,"圆偏振光护眼、4320Hz PWM零风险调光、类自然光护眼、硬件级低蓝光、自然色彩显示、AI助眠显示、AI离焦护眼、AI干眼友好 备注：
1. 本产品非医疗器械，不具有治疗功能。
2. 屏幕最高支持4320Hz超高频PWM调光，在低亮度场景下生效，通过德国莱茵TÜV无频闪认证，达到零风险调光级别。德国莱茵TÜV无频闪认证的测试标准参考IEEE（电气电子工程师学会）Std 1789-2015标准中频闪风险等级与闪烁频率相关性定义：当调光频率高于3125Hz时，达到无频闪危害等级。本产品非医疗器械，不具有治疗功能。","显示技术：
HDR显示（图片和视频）、超动态显示、臻彩显示、1~120Hz LTPO自适应动态刷新率、屏幕聚光技术

显示认证：
德国莱茵TÜV圆偏振显示认证
德国莱茵TÜV全局护眼4.0认证
德国莱茵TÜV无频闪认证
Dolby VISION认证
HDR Vivid认证
帧享超高清认证 备注：屏幕支持1/10/30/60/90/120Hz，不同应用界面及游戏画面下，屏幕刷新率可能略有不同，请以实际体验为准。",OLED,真10.7亿色，DCI-P3广色域,多点触控，最多支持10点触控,80W荣耀无线超级快充，支持无线反向充电。 备注：此功率为支持的最大充电功率，无线超级快充需单独购买相应的荣耀超级快充无线充电器使用。实际充电功率会随不同场景智能变化，请以实际使用情况为准。,支持,100W荣耀超级快充 备注：此功率为支持的最大充电功率，有线超级快充需搭配原装有线超级快充充电器与充电线使用。实际充电功率会随不同场景智能变化，请以实际使用情况为准。,5650mAh（典型值） 备注：电池额定容量为5550mAh（内置不可拆卸）。,"锂离子聚合物电池（第三代青海湖电池）
支持自研能效增强芯片HONOR E2",MagicOS 9.0（基于Android 15）,"支持移动 5G/4G+/4G/2G，电信 5G/4G+/4G，联通5G/4G+/4G/3G/2G，广电5G/4G+/4G 备注：
1. 主卡指SIM卡管理中开通默认移动数据的卡。
2. 卡槽1、2可以任意切换为默认移动数据卡。
3. 如果两张都是电信卡，副卡（非默认移动数据卡）必须开通电信VoLTE业务，才能同时使用电信双卡。
4. 5G/4G网络使用，需要根据运营商网络和相关业务部署情况确定是否支持。",荣耀优速通、环球行、智慧选网、Link Turbo X网络加速 备注：荣耀优速通功能通过OTA升级支持，在网络拥塞下根据使用场景智能生效，且限期免费使用，该功能实现与运营商业务部署相关，请以实际体验为准。,,"802.11 a/b/g/n/ac/ax/be，2x2 MIMO
2.4GHz和5GHz WLAN
WLAN热点、WLAN直连 备注：需要搭配相应的Wi-Fi7路由器使用。","无线投屏
红外遥控
PC数据同步
视频通话（运营商和第三方软件）
OTG（反向供电时最大输出电流1A/5V）
数据线接口：USB Type-C
耳机接口：USB Type-C 备注：
1. 红外遥控支持遥控发射，不支持自学习功能。
2. 运营商视频通话功能因不同国家或地区运营商的支持情况而异，详情请咨询网络运营商。","北斗（B1I+B1C+B2a三频）、双频GPS（L1+L5）、AGPS、Glonass、伽利略（E1 + E5a双频）、QZSS（L1+L5双频）
蜂窝网络定位、WLAN网络定位",BT5.4，支持BLE、SBC、AAC、LDAC、APTX、APTX HD
荣耀Magic V3,Magic系列,,honor-magic-v3,https://www.honor.com/cn/phones/honor-magic-v3/,50,,"重力传感器、红外传感器、指纹传感器、霍尔传感器、陀螺仪、指南针、环境光传感器、接近光传感器、气压计

NFC
支持读/写模式、卡模拟模式（荣耀钱包，NFC-SIM，HCE） 备注： NFC-SIM需放在SIM1卡槽使用。",,,,,,,,,,,,,,,,,,,,,,,,,,,,,,,,,,,,,,,,,,,,,,,,,,,,,,,,,,,,,,,,,,,,,,,,,,,,,,,,,,,,,,,,,,,,,,,,,,,,,,,,,,,,,,,,,,,,,,,,,,,,,,,,,,,,,,,,,,,,,,,,,,,,,,,,,,,,,,,,,,,自研射频增强芯片HONOR C1+,,,,,,,,,,,,独立安全存储芯片、双TEE安全系统、手机盾、密码保险箱、模糊位置、隐私助手、平行空间、反诈防火墙、应用锁、支付保护中心、隐私时刻、应用跳转弹窗提醒,"换机克隆/名片扫描/智慧多窗/YOYO助理/智慧视觉/智慧识屏/AI 字幕/支付保护中心/应用锁/应用分身/隐私空间/密码保险箱/备份与恢复/服务维修模式/深色模式/电子书模式/YOYO建议/智慧分屏/智慧互联/Magic 文本/助眠显示/类自然光护眼/气息唤醒/隐私月报/智慧隐私通话/AI离焦护眼 备注：部分特性OTA升级支持，请以实际体验为准。
请在折叠态下使用此功能，当智慧隐私通话开关开启时，若本次通话起始音量为12格或13格，系统会根据环境安静程度智能调节一次。智慧隐私通话模式在12格音量以下生效，该功能可一定程度上减少听筒漏音，非完全隔音，漏音听感与环境嘈杂程度有关，请以实际为准。",手势导航（默认）、屏幕内三键导航、悬浮导航,支持2D人脸识别,"2000万像素广角摄像头（f/2.2光圈，内屏）
2000万像素广角摄像头（f/2.2光圈，外屏） 备注：不同拍照模式的照片像素可能有差异，请以实际为准。",最大可支持3840x2160像素 备注：不同拍摄模式的视频像素可能有差异，请以实际为准。,最大可支持5120x3840像素 备注：不同拍照模式的照片像素可能有差异，请以实际为准。,最大支持3840×2160视频录制,"5000万像素广角摄像头(f/1.6光圈) 
4000万像素超广角摄像头(f/2.2光圈)
5000万像素潜望式长焦摄像头(f/3.0 光圈) ，支持激光对焦，支持后置色温传感器 备注：不同拍照模式的照片像素可能有差异，最高像素需进入“高像素”拍照模式体验，请以实际为准。",最大100倍数字变焦 备注：不同模式下可能有差异，请以实际为准。,最大可支持3840×2160像素 备注：不同拍摄模式的视频像素可能有差异，请以实际为准。,最大可支持8192x6144像素 备注：不同拍照模式的照片像素可能有差异，请以实际为准。,最大支持3840×2160视频录制，支持视频防抖,人像模式、滤镜、笑脸抓拍、自拍镜像、声控拍照、定时拍摄、手势拍照、夜景模式、水印模式,电子防抖、光学防抖,,,,,,,,,,1×Cortex-X4 3.3GHz+3×Cortex-A720 3.2GHz+2×Cortex-A720 3.0GHz+2×Cortex-A520 2.3GHz 备注：实际运行频率因应用负载智能调整。,第三代骁龙8移动平台,八核,Adreno 750,"通话AI降噪、蓝牙耳机远程录音、
后摄3MIC录像音频变焦、前摄3MIC录像音频聚焦 备注：通话AI降噪和蓝牙耳机远程录音功能需配合相应的应用使用，请以实际体验为准。",支持,3gp/mp4,DTS:X® Ultra音效,mp3/mp4/3gp/ogg/amr/aac/flac/wav/midi,"绒黑色版本：
折叠态：9.2 mm
展开态：4.35 mm
其他颜色版本：
折叠态：9.3 mm
展开态：4.4 mm","折叠态：74.0 mm
展开态：145.3 mm","绒黑色版本：约226克（含电池）
其他颜色版本：约230克（含电池） 备注：实际尺寸/重量依配置、制造工艺、测量方法的不同可能有所差异。展开态厚度，不包含屏幕边框。重量及整机尺寸不包含内外屏保护膜。",156.6 mm,,"内屏：荣耀金刚柔性装甲
外屏：荣耀金刚巨犀玻璃",,"内屏：2344x2156像素
外屏：2376x1060像素 备注：该分辨率对应标准矩形，实际屏幕有效像素略少。",,,"内屏：7.92英寸
外屏：6.43英寸 备注：显示屏采用圆角设计，按照标准矩形测量时，内屏屏幕的对角线长度是7.92英寸（实际可视区域略小），外屏屏幕的对角线长度是6.43英寸（实际可视区域略小）。","4320Hz PWM调光、护眼模式、类自然光护眼、助眠显示、自然色彩显示、AI离焦护眼、干眼友好 备注：干眼友好、AI离焦护眼功能后续OTA升级支持，干眼友好仅荣耀Magic V3支持。AI离焦护眼功能仅部分应用支持，请以官方信息为准。本产品非医疗器械，不具有治疗功能。
荣耀Magic V3外屏支持4320Hz PWM零风险调光技术，荣耀Magic V3内屏支持3840Hz PWM零风险调光技术。","显示技术：
全域低功耗LTPO护眼屏","内屏：可折叠柔性OLED屏
外屏：OLED",10.7亿色，DCI-P3广色域,多点触控，最多支持10点触控,50W荣耀无线超级快充，支持无线反向充电。 备注：此功率为支持的最大充电功率，无线超级快充需单独购买相应的荣耀超级快充无线充电器使用。实际充电功率会随不同场景智能变化，请以实际使用情况为准。,支持,"荣耀66W超级快充
手机支持最大11V/6A超级快充，兼容10V/4A，5V/2A快充。 备注：此功率为支持的最大充电功率，有线超级快充需搭配原装有线超级快充充电器与充电线使用。实际充电功率会随不同场景智能变化，请以实际使用情况为准。",5150mAh（典型值） 备注：电池额定容量为 5050mAh（内置不可拆卸）。,锂离子聚合物电池（第三代荣耀青海湖电池）,MagicOS 8.0.1 （基于Android 14）,"支持移动/电信 5G/4G+/4G/2G，联通5G/4G+/4G/3G/2G，广电5G/4G+/4G 备注：
*主卡指SIM卡管理中开通默认移动数据的卡。
*卡槽1、2可以任意切换为默认移动数据卡。
*如果两张都是电信卡，副卡（非默认移动数据卡）必须开通电信VoLTE业务，才能同时使用电信双卡。
*5G/4G网络使用，需要根据运营商网络和相关业务部署情况确定是否支持。",环球行、智慧选网、Link Turbo X网络加速、独立Wi-Fi蓝牙架构,,"支持802.11 a/b/g/n/ac/ax/be
支持2.4GHz和5GHz WLAN
支持WLAN热点、WLAN直连","无线投屏
红外遥控
PC数据同步
视频通话（运营商和第三方软件）
OTG（反向供电时最大输出电流1A/5V）
数据线接口：USB Type-C，USB 3.1 GEN1，支持DP1.2
耳机接口：USB Type-C 备注：
1. 红外遥控支持遥控发射，不支持自学习功能。
2. 运营商视频通话功能因不同国家或地区运营商的支持情况而异，详情请咨询网络运营商。
3. USB 3.1 GEN1功能需搭配支持USB 3.1 GEN1的数据线（非标配，需另行购买）使用。
4. 标配数据线支持USB 2.0。","支持北斗（B1I+B1C+B2a三频）、双频GPS（L1+L5）、AGPS、Glonass、伽利略（E1 + E5a双频）
支持蜂窝网络定位、WLAN网络定位",Bluetooth 5.3，支持低功耗蓝牙、SBC、AAC、LDAC、APTX、APTX HD
荣耀Magic Vs3,Magic系列,,honor-magic-vs-3,https://www.honor.com/cn/phones/honor-magic-vs-3/,50,,"重力传感器、红外传感器、指纹传感器、陀螺仪、指南针、环境光传感器、接近光传感器

NFC
支持读/写模式、卡模拟模式（荣耀钱包，NFC-SIM，HCE） 备注： NFC-SIM需放在SIM1卡槽使用。",,,,,,,,,,,,,,,,,,,,,,,,,,,,,,,,,,,,,,,,,,,,,,,,,,,,,,,,,,,,,,,,,,,,,,,,,,,,,,,,,,,,,,,,,,,,,,,,,,,,,,,,,,,,,,,,,,,,,,,,,,,,,,,,,,,,,,,,,,,,,,,,,,,,,,,,,,,,,,,,,,,自研射频增强芯片HONOR C1+,,,,,,,,,,,,独立安全存储芯片、双TEE安全系统、手机盾、密码保险箱、模糊位置、隐私助手、平行空间、反诈防火墙、应用锁、支付保护中心、隐私时刻、应用跳转弹窗提醒,换机克隆/名片扫描/智慧多窗/YOYO助理/智慧视觉/智慧识屏/AI 字幕/支付保护中心/应用锁/应用分身/隐私空间/密码保险箱/备份与恢复/服务维修模式/深色模式/电子书模式/YOYO建议/智慧分屏/智慧互联/Magic 文本/助眠显示/类自然光护眼/气息唤醒/隐私月报/AI离焦护眼 备注：部分特性OTA升级支持，请以实际体验为准。,手势导航（默认）、屏幕内三键导航、悬浮导航,支持2D人脸识别,"1600万像素广角摄像头（f/2.2光圈，内屏）
1600万像素广角摄像头（f/2.2光圈，外屏） 备注：不同拍照模式的照片像素可能有差异，请以实际为准。",最大可支持3840x2160像素 备注：不同拍摄模式的视频像素可能有差异，请以实际为准。,最大可支持4608×3456像素 备注：不同拍照模式的照片像素可能有差异，请以实际为准。,最大支持3840×2160视频录制,"5000万像素广角摄像头(f/1.9光圈) 
 4000万像素超广角摄像头(f/2.2光圈)
800万像素潜望式长焦摄像头(f/3.4 光圈 ，5X光学变焦) ，支持激光对焦，支持后置Flicker传感器 备注：不同拍照模式的照片像素可能有差异，最高像素需进入“高像素”拍照模式体验，请以实际为准。",最大50倍数字变焦 备注：不同模式下可能有差异，请以实际为准。,最大可支持3840×2160像素 备注：不同拍摄模式的视频像素可能有差异，请以实际为准。,最大可支持8192x6144像素 备注：不同拍照模式的照片像素可能有差异，请以实际为准。,最大支持3840×2160视频录制，支持视频防抖,人像模式、滤镜、笑脸抓拍、自拍镜像、声控拍照、定时拍摄、手势拍照、夜景模式、水印模式,电子防抖、光学防抖,,,,,,,,,,1×Cortex-X3 3.19GHz+2×Cortex-A715 2.8GHz+2×Cortex-A710 2.8GHz+3×Cortex-A510 2.0GHz 备注：实际运行频率因应用负载智能调整。,第二代骁龙8移动平台,八核,Adreno 740,"通话AI降噪、蓝牙耳机远程录音、
后摄3MIC录像音频变焦、前摄3MIC录像音频聚焦 备注：通话AI降噪和蓝牙耳机远程录音功能需配合相应的应用使用，请以实际体验为准。",支持,3gp/mp4,DTS:X® Ultra音效,mp3/mp4/3gp/ogg/amr/aac/flac/wav/midi,"绒黑色版本：
折叠态：9.8 mm
展开态：4.65 mm
其他颜色版本：
折叠态：10.1 mm
展开态：4.8 mm","折叠态：74.0 mm
展开态：145.2 mm","绒黑色版本：约229克（含电池）
其他颜色版本：约231克（含电池） 备注：实际尺寸/重量依配置、制造工艺、测量方法的不同可能有所差异。展开态厚度，不包含屏幕边框。重量及整机尺寸不包含内外屏保护膜。",156.8 mm,,内屏：荣耀金刚柔性装甲,,"内屏：2344x2156像素
外屏：2376x1060像素 备注：该分辨率对应标准矩形，实际屏幕有效像素略少。",,,"内屏：7.92英寸
外屏：6.43英寸 备注：显示屏采用圆角设计，按照标准矩形测量时，内屏屏幕的对角线长度是7.92英寸（实际可视区域略小），外屏屏幕的对角线长度是6.43英寸（实际可视区域略小）。",3840Hz PWM调光、护眼模式、类自然光护眼、助眠显示、AI离焦护眼 备注：AI离焦护眼功能后续OTA升级支持，此功能仅部分应用支持，请以官方信息为准。本产品非医疗器械，不具有治疗功能。,"显示技术：
全域低功耗LTPO护眼屏","内屏：可折叠柔性OLED屏
外屏：OLED",10.7亿色，DCI-P3广色域,多点触控，最多支持10点触控,50W荣耀无线超级快充，支持无线反向充电。 备注：此功率为支持的最大充电功率，无线超级快充需单独购买相应的荣耀超级快充无线充电器使用。实际充电功率会随不同场景智能变化，请以实际使用情况为准。,支持,"荣耀66W超级快充
手机支持最大11V/6A超级快充，兼容10V/4A，5V/2A快充。 备注：此功率为支持的最大充电功率，有线超级快充需搭配原装有线超级快充充电器与充电线使用。实际充电功率会随不同场景智能变化，请以实际使用情况为准。",5000mAh（典型值） 备注：电池额定容量为 4900mAh（内置不可拆卸）。,锂离子聚合物电池（荣耀青海湖电池）,MagicOS 8.0.1 （基于Android 14）,"支持移动/电信 5G/4G+/4G/2G，联通5G/4G+/4G/3G/2G，广电5G/4G+/4G 备注：
*主卡指SIM卡管理中开通默认移动数据的卡。
*卡槽1、2可以任意切换为默认移动数据卡。
*如果两张都是电信卡，副卡（非默认移动数据卡）必须开通电信VoLTE业务，才能同时使用电信双卡。
*5G/4G网络使用，需要根据运营商网络和相关业务部署情况确定是否支持。",环球行、智慧选网、Link Turbo X网络加速、独立Wi-Fi蓝牙架构,,"支持802.11 a/b/g/n/ac/ax/be
支持2.4GHz和5GHz WLAN
支持WLAN热点、WLAN直连","无线投屏
红外遥控
PC数据同步
视频通话（运营商和第三方软件）
OTG（反向供电时最大输出电流1A/5V）
数据线接口：USB Type-C，USB 3.1 GEN1，支持DP1.2
耳机接口：USB Type-C 备注：
1. 红外遥控支持遥控发射，不支持自学习功能。
2. 运营商视频通话功能因不同国家或地区运营商的支持情况而异，详情请咨询网络运营商。
3. USB 3.1 GEN1功能需搭配支持USB 3.1 GEN1的数据线（非标配，需另行购买）使用。
4. 标配数据线支持USB 2.0。","支持北斗（B1I+B1C+B2a三频）、双频GPS（L1+L5）、AGPS、Glonass、伽利略（E1 + E5a双频）
支持蜂窝网络定位、WLAN网络定位",Bluetooth 5.3，支持低功耗蓝牙、SBC、AAC、LDAC、APTX、APTX HD
荣耀Magic V Flip,Magic系列,,honor-magic-v-flip,https://www.honor.com/cn/phones/honor-magic-v-flip/,42,,"重力传感器、指纹传感器、陀螺仪、指南针、环境光传感器、接近光传感器

NFC
支持读/写模式、卡模拟模式（荣耀钱包，NFC-SIM，HCE） 备注： 
1. NFC-SIM所使用的SIM 卡只能放在SIM1卡槽
2. 读/写模式仅展开态支持
3. NFC感应区在手机屏幕左上角的背面",,,,,,,,,,,,,,,,,,,,,,,,,,,,,,,,,,,,,,,,,,,,,,,,,,,,,,,,,,,,,,,,,,,,,,,,,,,,,,,,,,,,,,,,,,,,,,,,,,,,,,,,,,,,,,,,,,,,,,,,,,,,,,,,,,,,,,,,,,,,,,,,,,,,,,,,,,,,,,,,,,,,,,,,,,,,,,,,一键大片、图库语义搜索、灵动胶囊、魔法锁屏、任意门、全屏熄屏显示、桌面大文件夹自定义、收藏空间、平行空间、个人事务中心、YOYO助理、个性化锁屏、反诈防火墙、智慧识码、气息唤醒、YOYO建议、Magic 文本、OS Turbo X、GPU Turbo X、智慧互联、智慧运存、语音控制呼叫、多屏协同、电脑模式、智慧视觉、智慧识屏、全屏翻译、语音翻译、AI字幕、智慧多窗、深色模式、电子书模式、状态互动AOD、纯净文件管理、荣耀分享、快捷启动及手势、应用分身、换机克隆、名片扫描、备份与恢复、服务维修模式,手势导航（默认）、屏幕内三键导航、悬浮导航,支持2D人脸识别,索尼IMX816单反级写真镜头(5000万像素，f/2.0光圈，支持自动对焦) 备注：不同拍照模式的照片像素可能有差异，请以实际为准。,最大可支持3840×2160像素 备注：不同拍摄模式的视频像素可能有差异，请以实际为准。,最大可支持8128×6096像素 备注：不同拍照模式的照片像素可能有差异，请以实际为准。,最大支持3840×2160视频录制,"5000万像素主摄像头(f/1.9光圈，支持OIS光学防抖) 
1200万像素超广角微距摄像头(f/2.2光圈) ，支持自动对焦 备注：不同模式的照片和视频的像素可能有差异，请以实际为准。",最大10倍数字变焦 备注：不同模式下可能有差异，请以实际为准。,最大可支持 3840×2160像素 备注：不同拍摄模式的视频像素可能有差异，请以实际为准。,最大可支持8192x6144像素 备注：不同拍照模式的照片像素可能有差异，请以实际为准。,最大支持3840×2160视频录制，支持视频防抖,动态照片、人像模式、延时摄影、滤镜、笑脸抓拍、自拍镜像、声控拍照、定时拍摄、手势拍照、夜景模式、水印模式、高像素模式、多镜录像,电子防抖、光学防抖,,,,,,,,,,1×Cortex-X2 3.0GHz+3×Cortex-A710 2.5GHz+4×Cortex-A510 1.8GHz 备注：实际运行频率因应用负载智能调整。,第一代骁龙8+移动平台,八核,Adreno™ 730,,支持,3gp/mp4,HONOR Histen 7.1,mp3、mp4、3gp、ogg、amr、aac、flac、wav、midi,"展开态：7.15 mm
折叠态：14.89 mm",75.6mm,约193克（含电池） 备注：实际尺寸/重量依配置、制造工艺、测量方法的不同可能有所差异。,"展开态：167.3 mm
折叠态：86.5 mm",,,,"内屏：2520x1080像素
外屏：1200x1092 像素 备注：该分辨率对应标准矩形，实际屏幕有效像素略少。",,,"外屏：4.0英寸
内屏：6.8英寸 备注：显示屏采用圆角设计，按照标准矩形测量内屏屏幕的对角线长度为6.8英寸（实际可视区域略小），外屏屏幕的对角线长度是4.0英寸（实际可视区域略小）。","内屏：3840Hz超高频PWM调光、护眼模式、类自然光护眼、助眠显示
外屏：2160Hz高频PWM调光、护眼模式、类自然光护眼、助眠显示 备注：本产品非医疗器械，不具有治疗功能。",,OLED,DCI-P3广色域,多点触控，最多支持10点触控,,,"荣耀66W超级快充
手机支持最大11V/6A超级快充，兼容10V/4A超级快充 备注：66W超级快充指充电器最高输出功率为66W。需搭配原装有线超级快充充电器与充电线使用，实际充电功率会随不同场景智能变化，请以实际使用情况为准。",4800mAh（典型值） 备注：电池额定容量为4700mAh。（内置不可拆卸）,锂离子聚合物电池（荣耀青海湖电池）,MagicOS 8.0（基于Android 14）,"支持移动/电信 5G/4G+/4G/2G，联通5G/4G+/4G/3G/2G，广电5G/4G+/4G 备注：
*主卡指SIM卡管理中开通默认移动数据的卡。
*卡槽1、2可以任意切换为默认移动数据卡。
*如果两张都是电信卡，副卡（非默认移动数据卡）必须开通电信VoLTE业务，才能同时使用电信双卡。
*5G/4G网络使用，需要根据运营商网络和相关业务部署情况确定是否支持。",,,"支持802.11 a/b/g/n/ac/ax，2x2 MIMO
支持2.4GHz和5GHz WLAN
支持WLAN热点、WLAN直连","无线投屏
PC数据同步
视频通话（运营商和第三方软件）
OTG（反向供电时最大输出电流1A/5V）
数据线接口：USB Type-C，USB 2.0
耳机接口：USB Type-C 备注：

1. 运营商视频通话功能因不同国家或地区运营商的支持情况而异，详情请咨询网络运营商。
2. 标配数据线支持USB 2.0。","支持 GPS/AGPS/GLONASS/北斗/ 伽利略
支持蜂窝网络定位、WLAN网络定位",BT5.3，支持BLE、SBC、AAC、LDAC、APTX、APTX HD
荣耀Magic6 至臻版,Magic系列,,honor-magic6-ultimate,https://www.honor.com/cn/phones/honor-magic6-ultimate/,50,,"重力传感器、红外传感器、指纹传感器、霍尔传感器、陀螺仪、指南针、环境光传感器、接近光传感器、气压计

NFC
支持读/写模式、卡模拟模式（荣耀卡包，NFC-SIM，HCE） 备注：
 1. NFC-SIM需放在SIM1卡槽使用。
 2. NFC感应区在手机背部中间位置。",,,,,,,,,,,,,,,,,,,,,,,,,,,,,,,,,,,,,,,,,,,,,,,,,,,,,,,,,,,,,,,,,,,,,,,,,,,,,,,,,,,,,,,,,,,,,,,,,,,,,,,,,,,,,,,,,,,,,,,,,,,,,,,,,,,,,,,,,,,,,,,,,,,,,,,,,,,,,,,,,,,荣耀自研射频增强芯片HONOR C1+,,,,,,,,,,,,独立安全存储芯片、双TEE安全系统、手机盾、密码保险箱、模糊位置、隐私助手、平行空间、反诈防火墙、应用锁、支付保护中心、隐私时刻、应用跳转弹窗提醒,"智慧成片、图库语义搜索、灵动胶囊、魔法锁屏、任意门、全屏熄屏显示、智慧摆台、桌面大文件夹自定义、收藏空间、平行空间、个人事务中心、YOYO助理、个性化锁屏、反诈防火墙、智慧识码、隔空滑动屏幕、隔空截屏、智能旋转屏幕和辅助拍照、气息唤醒、YOYO建议、Magic 文本、OS Turbo X、GPU Turbo X、智慧互联、智慧运存、语音控制呼叫、多屏协同、电脑模式、智慧视觉、智慧识屏、全屏翻译、语音翻译、AI字幕、智慧多窗、深色模式、电子书模式、状态互动AOD、纯净文件管理、注视不熄屏、注视来电音量减弱、荣耀分享、快捷启动及手势、应用分身、换机克隆、名片扫描、备份与恢复、服务维修模式 备注：
1. 快捷启动及手势：含指关节截屏、双指关节录屏、拿起手机亮屏、双击亮屏、全局收藏、全局批注、翻转手机静音、拿起手机减弱音量、快速通话、电源键唤醒YOYO助理。
2. 智慧视觉：含智能抠图、文字提取、扫码、智能识别、翻译、文档扫描、卡证扫描。

部分特性OTA升级支持，请以实际体验为准",手势导航（默认）、屏幕内三键导航、悬浮导航,支持3D人脸识别,5000万像素广角摄像头（f/2.0光圈） + 3D深感摄像头 备注：不同拍照模式的照片像素可能有差异，请以实际为准。,最大可支持3840×2160像素 备注：不同拍摄模式的视频像素可能有差异，请以实际为准。,最大可支持8128×6096像素 备注：不同拍照模式的照片像素可能有差异，请以实际为准。,"4K视频拍摄：30FPS
1080P视频拍摄：30/60 FPS
720P视频拍摄：30FPS
视频录制格式包括H.264和HEVC
支持两焦段变焦（0.8x/1x）
支持EIS视频防抖
支持视频美肤
支持多镜录像
支持音频聚焦
支持立体声收音
支持蓝牙耳机收音","5000万像素广角摄像头(f/1.4-f/2.0光圈，支持OIS光学防抖) 
1.8亿像素潜望式长焦摄像头(f/2.6光圈，支持OIS光学防抖) 
5000万像素超广角摄像头(f/2.0光圈) ，支持自动对焦
激光雷达阵列对焦系统 备注：
*不同拍照模式的照片像素可能有差异，请以实际为准。",最大100倍数字变焦 备注：不同模式下可能有差异，请以实际为准。,最大可支持3840×2160像素 备注：不同拍摄模式的视频像素可能有差异，请以实际为准。,最大可支持16384×12288像素 备注：不同拍照模式的照片像素可能有差异，请以实际为准。,"4K 视频拍摄：30/60 FPS
1080P视频拍摄：30/60 FPS
720P视频拍摄：30/60 FPS
4K夜景录像模式：24FPS
1080P夜景录像模式：24FPS
1080P慢动作视频：120/240FPS
视频录制格式包括H.264和HEVC
变焦范围最高可达0.5x-10x
广角主摄像头支持OIS视频防抖
长焦摄像头支持OIS视频防抖
超广角摄像头支持EIS视频防抖
支持视频美肤
支持音频变焦
支持立体声收音
支持蓝牙耳机收音
电影模式： HDR Vivid最高可达4K 30FPS，10bit Magic-Log最高可达4K 60FPS
延时摄影模式最高可达4K","人像模式、滤镜、笑脸抓拍、自拍镜像、声控拍照、定时拍摄、手势拍照、夜景模式、水印模式、自拍环形补光、高像素模式、多镜录像

图库功能：智慧成片、图库语义搜索、精彩时刻、一键大片、荣耀剪辑",电子防抖、光学防抖,,,,,,,,,,1×Cortex-X4 3.3GHz+3×Cortex-A720 3.2GHz+2×Cortex-A720 3.0GHz+2×Cortex-A520 2.3GHz 备注：实际运行频率因应用负载智能调整。,第三代骁龙8移动平台,八核,Adreno 750,VoIP通话AI降噪、蓝牙耳机远程录音、后摄3MIC录像音频变焦、前摄3MIC录像音频聚焦 备注：VoIP通话AI降噪和蓝牙耳机远程录音功能需配合相应的应用使用，请以实际体验为准。,支持,3gp/mp4,DTS:X® Ultra音效,mp3/mp4/3gp/ogg/amr/aac/flac/wav,8.9 mm,75.8 mm,约227克（含电池） 备注：实际尺寸/重量依配置、制造工艺、测量方法的不同可能有所差异。,162.5 mm,"HDR峰值亮度：5000nits
全局峰值亮度：1600nits",荣耀金刚巨犀玻璃,,FHD+ 1280×2800  像素 备注：该分辨率对应标准矩形，实际屏幕有效像素略少。,,,6.80英寸 备注：显示屏采用圆角设计，按照标准矩形测量时，屏幕的对角线长度是6.80英寸（实际可视区域略小）。,4320Hz PWM调光、护眼模式、类自然光护眼、助眠显示、自然色彩显示 备注：本产品非医疗器械，不具有治疗功能。,"显示技术：
HDR显示（图片和视频）、LTPO 1~120Hz自适应刷新率、视频画质增强",OLED,真10.7亿色，DCI-P3广色域,多点触控，最多支持10点触控,66W荣耀无线超级快充，支持无线反向充电。 备注：此功率为支持的最大充电功率，无线超级快充需单独购买相应的荣耀超级快充无线充电器使用。实际充电功率会随不同场景智能变化，请以实际使用情况为准。,支持,80W荣耀超级快充 备注：此功率为支持的最大充电功率，需搭配原装有线超级快充充电器与充电线使用。实际充电功率会随不同场景智能变化，请以实际使用情况为准。,5600mAh（典型值） 备注：电池额定容量为 5500mAh（内置不可拆卸）。,锂离子聚合物电池（荣耀青海湖电池）,MagicOS 8.0（基于Android 14）,"支持移动/电信 5G/4G+/4G/2G，联通5G/4G+/4G/3G/2G，广电5G/4G+/4G 备注：
*主卡指SIM卡管理中开通默认移动数据的卡。
*卡槽1、2可以任意切换为默认移动数据卡。
*如果两张都是电信卡，副卡（非默认移动数据卡）必须开通电信VoLTE业务，才能同时使用电信双卡。
*5G/4G网络使用，需要根据运营商网络和相关业务部署情况确定是否支持。",荣耀鸿燕通信、环球行、智慧选网、Link Turbo X网络加速,,"支持802.11 a/b/g/n/ac/ax/be，2x2 MIMO
支持2.4GHz和5GHz WLAN
支持WLAN热点、WLAN直连 备注：需要相应的路由器支持",,"支持北斗（B1I+B1C+B2a三频）、双频GPS（L1+L5）、AGPS、Glonass、伽利略（E1 + E5a双频）
支持蜂窝网络定位、WLAN网络定位","BT5.3，支持BLE,支持SBC、AAC、LDAC，AptX, AptX HD"
荣耀Magic6 RSR | 保时捷设计,Magic系列,,honor-magic6-rsr-porsche-design,https://www.honor.com/cn/phones/honor-magic6-rsr-porsche-design/,51,,"重力传感器、红外传感器、指纹传感器、霍尔传感器、陀螺仪、指南针、环境光传感器、接近光传感器、气压计

NFC
支持读/写模式、卡模拟模式（荣耀卡包，NFC-SIM，HCE） 备注：
 1. NFC-SIM需放在SIM1卡槽使用。
 2. NFC感应区在手机背部中间位置。",,,,,,,,,,,,,,,,,,,,,,,,,,,,,,,,,,,,,,,,,,,,,,,,,,,,,,,,,,,,,,,,,,,,,,,,,,,,,,,,,,,,,,,,,,,,,,,,,,,,,,,,,,,,,,,,,,,,,,,,,,,,,,,,,,,,,,,,,,,,,,,,,,,,,,,,,,,,,,,,,,,荣耀自研射频增强芯片HONOR C1+,,,,,,,,,,,,独立安全存储芯片、双TEE安全系统、手机盾、密码保险箱、模糊位置、隐私助手、平行空间、反诈防火墙、应用锁、支付保护中心、隐私时刻、应用跳转弹窗提醒,"智慧成片、图库语义搜索、灵动胶囊、魔法锁屏、任意门、全屏熄屏显示、智慧摆台、桌面大文件夹自定义、收藏空间、平行空间、个人事务中心、YOYO助理、个性化锁屏、反诈防火墙、智慧识码、隔空滑动屏幕、隔空截屏、智能旋转屏幕和辅助拍照、气息唤醒、YOYO建议、Magic 文本、OS Turbo X、GPU Turbo X、智慧互联、智慧运存、语音控制呼叫、多屏协同、电脑模式、智慧视觉、智慧识屏、全屏翻译、语音翻译、AI字幕、智慧多窗、深色模式、电子书模式、状态互动AOD、纯净文件管理、注视不熄屏、注视来电音量减弱、荣耀分享、快捷启动及手势、应用分身、换机克隆、名片扫描、备份与恢复、服务维修模式 备注：
1. 快捷启动及手势：含指关节截屏、双指关节录屏、拿起手机亮屏、双击亮屏、全局收藏、全局批注、翻转手机静音、拿起手机减弱音量、快速通话、电源键唤醒YOYO助理。
2. 智慧视觉：含智能抠图、文字提取、扫码、智能识别、翻译、文档扫描、卡证扫描。

部分特性OTA升级支持，请以实际体验为准",手势导航（默认）、屏幕内三键导航、悬浮导航,支持3D人脸识别,5000万像素广角摄像头（f/2.0光圈） + 3D深感摄像头 备注：不同拍照模式的照片像素可能有差异，请以实际为准。,最大可支持3840x2160像素 备注：不同拍摄模式的视频像素可能有差异，请以实际为准。,最大可支持8128x6096像素 备注：不同拍照模式的照片像素可能有差异，请以实际为准。,"4K视频拍摄：30FPS
1080P视频拍摄：30/60 FPS
720P视频拍摄：30FPS
视频录制格式包括H.264和HEVC
支持两焦段变焦（0.8x/1x）
支持EIS视频防抖
支持视频美肤
支持多镜录像
支持音频聚焦
支持立体声收音
支持蓝牙耳机收音","5000万像素广角摄像头(f/1.4-f/2.0光圈，支持OIS光学防抖)
1.8亿像素潜望式长焦摄像头(f/2.6光圈，支持OIS光学防抖)
5000万像素超广角摄像头(f/2.0光圈) ，支持自动对焦
激光雷达阵列对焦系统 备注：
*不同拍照模式的照片像素可能有差异，请以实际为准。",最大100倍数字变焦 备注：不同模式下可能有差异，请以实际为准。,最大可支持3840x2160像素 备注：不同拍摄模式的视频像素可能有差异，请以实际为准。,最大可支持16384x12288像素 备注：不同拍照模式的照片像素可能有差异，请以实际为准。,"4K 视频拍摄：30/60 FPS
1080P视频拍摄：30/60 FPS
720P视频拍摄：30/60 FPS
4K夜景录像模式：24FPS
1080P夜景录像模式：24FPS
1080P慢动作视频：120/240FPS
视频录制格式包括H.264和HEVC
变焦范围最高可达0.5x-10x
广角主摄像头支持OIS视频防抖
长焦摄像头支持OIS视频防抖
超广角摄像头支持EIS视频防抖
支持视频美肤
支持音频变焦
支持立体声收音
支持蓝牙耳机收音
电影模式： HDR Vivid最高可达4K 30FPS，10bit Magic-Log最高可达4K 60FPS
延时摄影模式最高可达4K","人像模式、滤镜、笑脸抓拍、自拍镜像、声控拍照、定时拍摄、手势拍照、夜景模式、水印模式、自拍环形补光、高像素模式、多镜录像

图库功能：智慧成片、图库语义搜索、精彩时刻、一键大片、荣耀剪辑",电子防抖、光学防抖,,,,,,,,,,1×Cortex-X4 3.3GHz+3×Cortex-A720 3.2GHz+2×Cortex-A720 3.0GHz+2×Cortex-A520 2.3GHz 备注：实际运行频率因应用负载智能调整。,第三代骁龙8移动平台,八核,Adreno 750,VoIP通话AI降噪、蓝牙耳机远程录音、后摄3MIC录像音频变焦、前摄3MIC录像音频聚焦 备注：VoIP通话AI降噪和蓝牙耳机远程录音功能需配合相应的应用使用，请以实际体验为准。,支持,3gp/mp4,DTS:X® Ultra音效,mp3/mp4/3gp/ogg/amr/aac/flac/wav,8.9 mm,75.8 mm,约237克（含电池）,162.5 mm,"HDR峰值亮度：5000nits
全局峰值亮度：1800nits",荣耀金刚巨犀玻璃,,FHD+ 1280x2800  像素 备注：该分辨率对应标准矩形，实际屏幕有效像素略少。,,,6.80 英寸 备注：显示屏采用圆角设计，按照标准矩形测量时，屏幕的对角线长度是6.80英寸（实际可视区域略小）。,4320Hz PWM调光、护眼模式、类自然光护眼、助眠显示、自然色彩显示 备注：本产品非医疗器械，不具有治疗功能。,"显示技术：
荣耀叠光绿洲护眼屏、HDR显示（图片和视频）、LTPO 1~120Hz自适应刷新率、视频画质增强",OLED,真10.7亿色，DCI-P3广色域,多点触控，最多支持10点触控,66W荣耀无线超级快充，支持无线反向充电。 备注：此功率为支持的最大充电功率，无线超级快充需单独购买相应的荣耀超级快充无线充电器使用。实际充电功率会随不同场景智能变化，请以实际使用情况为准。,支持,80W荣耀超级快充 备注：此功率为支持的最大充电功率，需搭配原装有线超级快充充电器与充电线使用。实际充电功率会随不同场景智能变化，请以实际使用情况为准。,5600mAh（典型值） 备注：电池额定容量为 5500mAh（内置不可拆卸）。,锂离子聚合物电池（荣耀青海湖电池）,MagicOS 8.0（基于Android 14）,"支持移动/电信 5G/4G+/4G/2G，联通5G/4G+/4G/3G/2G，广电5G/4G+/4G 备注：
*主卡指SIM卡管理中开通默认移动数据的卡。
*卡槽1、2可以任意切换为默认移动数据卡。
*如果两张都是电信卡，副卡（非默认移动数据卡）必须开通电信VoLTE业务，才能同时使用电信双卡。
*5G/4G网络使用，需要根据运营商网络和相关业务部署情况确定是否支持。",荣耀鸿燕通信、环球行、智慧选网、Link Turbo X网络加速,,"支持802.11 a/b/g/n/ac/ax/be，2x2 MIMO
支持2.4GHz和5GHz WLAN
支持WLAN热点、WLAN直连 备注：需要相应的路由器支持","有线投屏、无线投屏
红外遥控
PC数据同步
视频通话（运营商和第三方软件）
OTG（反向供电时最大输出电流1A/5V）
数据线接口：USB Type-C，USB 3.2 GEN1，支持DP1.2
耳机接口：USB Type-C 备注：
1. 红外遥控支持遥控发射，不支持自学习功能
2. 运营商视频通话功能因不同国家或地区运营商的支持情况而异，详情请咨询网络运营商。
3. USB 3.2 GEN1功能需搭配支持USB 3.2 GEN1的数据线（非标配，需另行购买）使用。
4. 标配数据线支持USB 2.0。","支持北斗（B1I+B1C+B2a三频）、双频GPS（L1+L5）、AGPS、Glonass、伽利略（E1 + E5a双频）
支持蜂窝网络定位、WLAN网络定位","BT5.3，支持BLE,支持SBC、AAC、LDAC，AptX, AptX HD"
荣耀Magic V2 RSR | 保时捷设计,Magic系列,,honor-magic-v2-rsr-porsche-design,https://www.honor.com/cn/phones/honor-magic-v2-rsr-porsche-design/,46,,,,,,,,,"цФпцМБ802.11 a/b/g/n/ac/ax/be
цФпцМБ2.4GHzхТМ5GHz WLAN
цФпцМБWLANчГнчВ╣уАБWLANчЫ┤ш┐Ю хдЗц│ия╝ЪщЬАшжБцРнщЕНчЫ╕х║ФчЪДWi-Fi 7ш╖пчФ▒хЩиф╜┐чФиуАВ",,,,,,,,,,,,,,,,,,,,,,,,,,,,,,,,,,,,,,,,,,,,,,,,,,,,,,,,,,,,,,,,,,,,,,,,,,,,,,,,,,,цФпцМБ2Dф║║шД╕шпЖхИл,"щЗНхКЫф╝ацДЯхЩиуАБч║вхдЦф╝ацДЯхЩиуАБцМЗч║╣ф╝ацДЯхЩиуАБщЬНх░Фф╝ацДЯхЩиуАБщЩАшЮ║ф╗куАБцМЗхНЧщТИуАБчОпхвГхЕЙф╝ацДЯхЩиуАБцОеш┐СхЕЙф╝ацДЯхЩи

NFC
цФпцМБшп╗/хЖЩцибх╝ПуАБхНбцибцЛЯцибх╝Пя╝ИшНгшААщТ▒хМЕя╝МNFC-SIMя╝МHCEя╝Й хдЗц│ия╝Ъ NFC-SIMщЬАцФ╛хЬиSIM1хНбцз╜ф╜┐чФиуАВ","ч║вхдЦщБецОз
PCцХ░цНохРМцне
шзЖщвСщАЪшпЭя╝Иш┐РшРехХЖхТМчммф╕ЙцЦ╣ш╜пф╗╢я╝Й
OTGя╝ИхПНхРСф╛ЫчФ╡цЧ╢цЬАхдзш╛УхЗ║чФ╡ц╡Б1A/5Vя╝Й
цХ░цНоч║┐цОехПгя╝ЪUSB Type-Cя╝МUSB 3.1 GEN1я╝МцФпцМБDP1.2
шА│цЬ║цОехПгя╝ЪUSB Type-C хдЗц│ия╝Ъ
1. ч║вхдЦщБецОзцФпцМБщБецОзхПСх░Дя╝Мф╕НцФпцМБшЗкхнжф╣ахКЯшГ╜уАВ
2. ш┐РшРехХЖшзЖщвСщАЪшпЭхКЯшГ╜хЫаф╕НхРМхЫ╜хо╢цИЦхЬ░хМ║ш┐РшРехХЖчЪДцФпцМБцГЕхЖ╡шАМх╝Вя╝МшпжцГЕшп╖хТишпвч╜Сч╗Ьш┐РшРехХЖуАВ
3. USB 3.1 GEN1хКЯшГ╜щЬАцРнщЕНцФпцМБUSB 3.1 GEN1чЪДцХ░цНоч║┐я╝ИщЭЮцаЗщЕНя╝МщЬАхПжшбМш┤нф╣░я╝Йф╜┐чФиуАВ
4. цаЗщЕНцХ░цНоч║┐цФпцМБUSB 2.0уАВ",1600ф╕ЗхГПч┤ах╣┐шзТцСДхГПхд┤я╝Иf/2.2хЕЙхЬИя╝Й хдЗц│ия╝Ъф╕НхРМцЛНчЕзцибх╝ПчЪДчЕзчЙЗхГПч┤ахПпшГ╜цЬЙх╖ох╝Вя╝Мшп╖ф╗ехоЮщЩЕф╕║хЗЖуАВ,цЬАхдзцФпцМБ3840├Ч2160шзЖщвСх╜ХхИ╢ хдЗц│ия╝Ъф╕НхРМцЛНцСДцибх╝ПчЪДшзЖщвСхГПч┤ахПпшГ╜цЬЙх╖ох╝Вя╝Мшп╖ф╗ехоЮщЩЕф╕║хЗЖуАВ,цЬАхдзхПпцФпцМБ4608├Ч3456хГПч┤а хдЗц│ия╝Ъф╕НхРМцЛНчЕзцибх╝ПчЪДчЕзчЙЗхГПч┤ахПпшГ╜цЬЙх╖ох╝Вя╝Мшп╖ф╗ехоЮщЩЕф╕║хЗЖуАВ,цЬАхдзцФпцМБ4Kя╝И3840├Ч2160я╝ЙшзЖщвСх╜ХхИ╢,цКШхПацАБя╝Ъ9.9 mmя╝Ых▒Хх╝АцАБя╝Ъ4.7 mm,"5000ф╕ЗхГПч┤ах╣┐шзТцСДхГПхд┤(f/1.9хЕЙхЬИя╝МOISхЕЙхнжщШ▓цКЦ) 
5000ф╕ЗхГПч┤аш╢Ех╣┐шзТцСДхГПхд┤(f/2.0хЕЙхЬИ)
2000ф╕ЗхГПч┤ащХ┐чДжцСДхГПхд┤(f/2.4хЕЙхЬИя╝МOISхЕЙхнжщШ▓цКЦ) хдЗц│ия╝Ъф╕НхРМцЛНчЕзцибх╝ПчЪДчЕзчЙЗхГПч┤ахПпшГ╜цЬЙх╖ох╝Вя╝Мшп╖ф╗ехоЮщЩЕф╕║хЗЖуАВ",цЬАхдз40хАНцХ░хнЧхПШчДж хдЗц│ия╝Ъф╕НхРМцибх╝Пф╕ЛхПпшГ╜цЬЙх╖ох╝Вя╝Мшп╖ф╗ехоЮщЩЕф╕║хЗЖуАВ,цЬАхдзхПпцФпцМБ3840├Ч2160хГПч┤а хдЗц│ия╝Ъф╕НхРМцЛНцСДцибх╝ПчЪДшзЖщвСхГПч┤ахПпшГ╜цЬЙх╖ох╝Вя╝Мшп╖ф╗ехоЮщЩЕф╕║хЗЖуАВ,цЬАхдзхПпцФпцМБ8192├Ч6144хГПч┤а хдЗц│ия╝Ъф╕НхРМцЛНчЕзцибх╝ПчЪДчЕзчЙЗхГПч┤ахПпшГ╜цЬЙх╖ох╝Вя╝Мшп╖ф╗ехоЮщЩЕф╕║хЗЖуАВ,цЬАхдзцФпцМБ3840├Ч2160шзЖщвСх╜ХхИ╢я╝МцФпцМБшзЖщвСщШ▓цКЦ,,"цФпцМБхМЧцЦЧя╝ИB1I+B1C+B2aф╕ЙщвСя╝ЙуАБхПМщвСGPSя╝ИL1+L5я╝ЙуАБAGPSуАБGlonassуАБф╝╜хИйчХея╝ИE1 + E5aхПМщвСя╝Й
цФпцМБшЬВчкЭч╜Сч╗ЬхоЪф╜НуАБWLANч╜Сч╗ЬхоЪф╜Н",цКШхПацАБя╝Ъ74.0 mmя╝Ых▒Хх╝АцАБя╝Ъ145.4 mm,хдЦх▒Пя╝ЪшНгшААщЗСхИЪх╖ичКАчО╗чТГ,"хЖЕх▒Пя╝Ъх│░хА╝1600nits
хдЦх▒Пя╝Ъх│░хА╝2500nits","хЖЕх▒Пя╝Ъ2344x2156хГПч┤а
хдЦх▒Пя╝Ъ2376x1060хГПч┤а хдЗц│ия╝ЪшпехИЖш╛ичОЗхп╣х║ФцаЗхЗЖчЯйх╜вя╝МхоЮщЩЕх▒Пх╣ХцЬЙцХИхГПч┤ачХех░СуАВ","хЖЕх▒Пя╝Ъ7.92шЛ▒хп╕
хдЦх▒Пя╝Ъ6.43шЛ▒хп╕ хдЗц│ия╝ЪцШ╛чд║х▒ПщЗЗчФихЬЖшзТшо╛шобя╝МцМЙчЕзцаЗхЗЖчЯйх╜вц╡ЛщЗПцЧ╢я╝МхЖЕх▒Пх╣ХчЪДхп╣шзТч║┐щХ┐х║жцШп 7.92 шЛ▒хп╕я╝ИхоЮщЩЕхПпшзЖхМ║хЯЯчХех░Пя╝Йя╝МхдЦх▒Пх╣ХчЪДхп╣шзТч║┐щХ┐х║жцШп 6.43 шЛ▒хп╕я╝ИхоЮщЩЕхПпшзЖхМ║хЯЯчХех░Пя╝ЙуАВ",3840Hz PWMш░ГхЕЙуАБцКдчЬ╝цибх╝ПуАБч▒╗шЗкчД╢хЕЙцКдчЬ╝уАБхКйчЬацШ╛чд║ хдЗц│ия╝ЪцЬмф║зхУБщЭЮхМ╗чЦЧхЩицв░я╝Мф╕НхЕ╖цЬЙц▓╗чЦЧхКЯшГ╜уАВ,,"хЖЕх▒Пя╝ЪхПпцКШхПацЯФцАзOLEDх▒П

хдЦх▒Пя╝ЪOLED",10.7ф║┐шЙ▓я╝МDCI-P3х╣┐шЙ▓хЯЯ,хдЪчВ╣шзжцОзя╝МцЬАхдЪцФпцМБ10чВ╣шзжцОз,,ф║║хГПцибх╝ПуАБц╗дщХЬуАБчмСшД╕цКУцЛНуАБшЗкцЛНщХЬхГПуАБхг░цОзцЛНчЕзуАБхоЪцЧ╢цЛНцСДуАБцЙЛхК┐цЛНчЕзуАБхдЬцЩпцибх╝ПуАБц░┤хН░цибх╝П,,,,,MagicOS 7.2 я╝ИхЯ║ф║ОAndroid 13я╝Й,,,,шНгшАА66Wш╢Еч║зх┐лхЕЕхЕЕчФ╡хЩи,"66WцЬЙч║┐ш╢Еч║зх┐лхЕЕ
цФпцМБцЬАхдз11V/6Aш╢Еч║зх┐лхЕЕя╝МхЕ╝хо╣10V/4Aя╝М5V/2AхЕЕчФ╡уАВ хдЗц│ия╝ЪцЬАхдзцФпцМБ66WцЬЙч║┐ш╢Еч║зх┐лхЕЕя╝МщЬАцРнщЕНхОЯшгЕхЕЕчФ╡хЩихПКхЕЕчФ╡ч║┐ф╜┐чФиуАВхоЮщЩЕхЕЕчФ╡хКЯчОЗф╝ЪщЪПф╕НхРМхЬ║цЩпцЩ║шГ╜хПШхМЦя╝Мшп╖ф╗ехоЮщЩЕф╜┐чФицГЕхЖ╡ф╕║хЗЖуАВ",х╣│шбМчй║щЧ┤/шНгшААцЦЗцбг/хЕих▒АцЙ╣ц│и/ц░ФцБпхФдщЖТш╛УхЕецЦЗхнЧ/цНвцЬ║хЕЛщЪЖ/хРНчЙЗцЙлцПП/цЩ║цЕзхдЪчкЧ/YOYOцЩ║цЕзшпнщЯ│/цЩ║цЕзшзЖшзЙ/цЩ║цЕзшпЖх▒П/AI хнЧх╣Х/цФпф╗Шф┐ЭцКдф╕нх┐Г/х║ФчФищФБ/х║ФчФихИЖш║л/хпЖчаБф┐ЭщЩйчо▒/хдЗф╗╜ф╕ОцБвхдН/цЬНхКбч╗┤ф┐оцибх╝П/ц╖▒шЙ▓цибх╝П/чФ╡хнРф╣жцибх╝П/YOYOх╗║шоо/цЩ║цЕзхИЖх▒П/цЩ║цЕзф║ТшБФ/Magic цЦЗцЬм/хКйчЬацШ╛чд║/ч▒╗шЗкчД╢хЕЙцКдчЬ╝/ц░ФцБпхФдщЖТ/щЪРчзБцЬИцКе/ф╕АщФохдзчЙЗ/шНгшААхЙкш╛С/шНгшААчмФшо░/хЕих▒АцФ╢шЧП,шНгшААшЗкчаФх░ДщвСхвЮх╝║шКпчЙЗ,,5000mAhя╝ИхЕ╕хЮЛхА╝я╝Й хдЗц│ия╝ЪчФ╡ц▒ащвЭхоЪхо╣щЗПф╕║4900mAhя╝ИхЖЕч╜оф╕НхПпцЛЖхН╕я╝ЙуАВ,щФВчж╗хнРшБЪхРИчЙйчФ╡ц▒а,цФпцМБ,,,цФпцМБчз╗хКи/чФ╡ф┐б 5G/4G+/4G/2Gя╝МшБФщАЪ5G/4G+/4G/3G/2Gя╝Мх╣┐чФ╡5G/4G+/4G,,,Bluetooth 5.3я╝МцФпцМБф╜ОхКЯшАЧшУЭчЙЩуАБSBCуАБAACуАБLDACуАБAPTXуАБAPTX HD,,3gp/mp4,,,ч║ж234хЕЛя╝ИхРлчФ╡ц▒ая╝Й,цЙЛхК┐хп╝шИкя╝Ищ╗Шшодя╝ЙуАБх▒Пх╣ХхЖЕф╕ЙщФохп╝шИкуАБцВмц╡охп╝шИк,156.7 mm,чФ╡хнРщШ▓цКЦуАБхЕЙхнжщШ▓цКЦ,,DTS:X┬о UltraщЯ│цХИ,"mp3/mp4/3gp/ogg/amr/aac/flac/
wav",,,,,,,,,,,,,,,,,,,,,,,,,,,,,,,,,,,,,,,,,,,,,,,1├ЧCortex-X3 3.36GHz+2├ЧCortex-A715 2.8GHz+2├ЧCortex-A710 2.8GHz+3├ЧCortex-A510 2.0GHz хдЗц│ия╝ЪхоЮщЩЕш┐РшбМщвСчОЗхЫах║ФчФиш┤Яш╜╜цЩ║шГ╜ш░ГцХ┤уАВ,чммф║Мф╗гщкБщ╛Щ8 щвЖхЕИчЙИ,хЕлца╕,,,,Adreno 740,,,,,,,,,,,,,,,,,,,,,,,,,,,,,,,,,,
荣耀Magic6 Pro,Magic系列,,honor-magic6-pro,https://www.honor.com/cn/phones/honor-magic6-pro/,51,,,,,,,,,"цФпцМБ802.11 a/b/g/n/ac/ax/beя╝М2x2 MIMO
цФпцМБ2.4GHzхТМ5GHz WLAN
цФпцМБWLANчГнчВ╣уАБWLANчЫ┤ш┐Ю хдЗц│ия╝ЪщЬАшжБчЫ╕х║ФчЪДш╖пчФ▒хЩицФпцМБ",,,,,,,,,,,,,,,,,,,,,,,,,,,,,,,,,,,,,,,,,,,,,,,,,,,,,,,,,,,,,,,,,,,,,,,,,,,,,,,,,,,цФпцМБ3Dф║║шД╕шпЖхИл,"щЗНхКЫф╝ацДЯхЩиуАБч║вхдЦф╝ацДЯхЩиуАБцМЗч║╣ф╝ацДЯхЩиуАБщЩАшЮ║ф╗куАБцМЗхНЧщТИуАБчОпхвГхЕЙф╝ацДЯхЩиуАБцОеш┐СхЕЙф╝ацДЯхЩиуАБц░ФхОЛшоб

NFC
цФпцМБшп╗/хЖЩцибх╝ПуАБхНбцибцЛЯцибх╝Пя╝ИшНгшААхНбхМЕя╝МNFC-SIMя╝МHCEя╝Й хдЗц│ия╝Ъ
 1. NFC-SIMщЬАцФ╛хЬиSIM1хНбцз╜ф╜┐чФиуАВ
 2. NFCцДЯх║ФхМ║хЬицЙЛцЬ║шГМщГиф╕нщЧ┤ф╜Нч╜оуАВ","цЬЙч║┐цКХх▒ПуАБцЧач║┐цКХх▒П
ч║вхдЦщБецОз
PCцХ░цНохРМцне
шзЖщвСщАЪшпЭя╝Иш┐РшРехХЖхТМчммф╕ЙцЦ╣ш╜пф╗╢я╝Й
OTGя╝ИхПНхРСф╛ЫчФ╡цЧ╢цЬАхдзш╛УхЗ║чФ╡ц╡Б1A/5Vя╝Й
цХ░цНоч║┐цОехПгя╝ЪUSB Type-Cя╝МUSB 3.2 GEN1я╝МцФпцМБDP1.2
шА│цЬ║цОехПгя╝ЪUSB Type-C хдЗц│ия╝Ъ
1. ч║вхдЦщБецОзцФпцМБщБецОзхПСх░Дя╝Мф╕НцФпцМБшЗкхнжф╣ахКЯшГ╜
2. ш┐РшРехХЖшзЖщвСщАЪшпЭхКЯшГ╜хЫаф╕НхРМхЫ╜хо╢цИЦхЬ░хМ║ш┐РшРехХЖчЪДцФпцМБцГЕхЖ╡шАМх╝Вя╝МшпжцГЕшп╖хТишпвч╜Сч╗Ьш┐РшРехХЖуАВ
3. USB 3.2 GEN1хКЯшГ╜щЬАцРнщЕНцФпцМБUSB 3.2 GEN1чЪДцХ░цНоч║┐я╝ИщЭЮцаЗщЕНя╝МщЬАхПжшбМш┤нф╣░я╝Йф╜┐чФиуАВ
4. цаЗщЕНцХ░цНоч║┐цФпцМБUSB 2.0уАВ",5000ф╕ЗхГПч┤ах╣┐шзТцСДхГПхд┤я╝Иf/2.0хЕЙхЬИя╝Й + 3Dц╖▒цДЯцСДхГПхд┤ хдЗц│ия╝Ъф╕НхРМцЛНчЕзцибх╝ПчЪДчЕзчЙЗхГПч┤ахПпшГ╜цЬЙх╖ох╝Вя╝Мшп╖ф╗ехоЮщЩЕф╕║хЗЖуАВ,цЬАхдзхПпцФпцМБ3840x2160хГПч┤а хдЗц│ия╝Ъф╕НхРМцЛНцСДцибх╝ПчЪДшзЖщвСхГПч┤ахПпшГ╜цЬЙх╖ох╝Вя╝Мшп╖ф╗ехоЮщЩЕф╕║хЗЖуАВ,цЬАхдзхПпцФпцМБ8128x6096хГПч┤а хдЗц│ия╝Ъф╕НхРМцЛНчЕзцибх╝ПчЪДчЕзчЙЗхГПч┤ахПпшГ╜цЬЙх╖ох╝Вя╝Мшп╖ф╗ехоЮщЩЕф╕║хЗЖуАВ,"4KшзЖщвСцЛНцСДя╝Ъ30FPS
1080PшзЖщвСцЛНцСДя╝Ъ30/60 FPS
720PшзЖщвСцЛНцСДя╝Ъ30FPS
шзЖщвСх╜ХхИ╢ца╝х╝ПхМЕцЛмH.264хТМHEVC
цФпцМБф╕дчДжцо╡хПШчДжя╝И0.8x/1xя╝Й 
цФпцМБEISшзЖщвСщШ▓цКЦ 
цФпцМБшзЖщвСч╛ОшВд 
цФпцМБхдЪщХЬх╜ХхГП 
цФпцМБщЯ│щвСшБЪчДж 
цФпцМБчлЛф╜Ухг░цФ╢щЯ│ 
цФпцМБшУЭчЙЩшА│цЬ║цФ╢щЯ│",8.9 mm,"5000ф╕ЗхГПч┤ах╣┐шзТцСДхГПхд┤(f/1.4-f/2.0хЕЙхЬИя╝МцФпцМБOISхЕЙхнжщШ▓цКЦ)
1.8ф║┐хГПч┤ац╜ЬцЬЫх╝ПщХ┐чДжцСДхГПхд┤(f/2.6хЕЙхЬИя╝МцФпцМБOISхЕЙхнжщШ▓цКЦ)
5000ф╕ЗхГПч┤аш╢Ех╣┐шзТцСДхГПхд┤(f/2.0хЕЙхЬИ) я╝МцФпцМБшЗкхКихп╣чДж хдЗц│ия╝Ъ
*ф╕НхРМцЛНчЕзцибх╝ПчЪДчЕзчЙЗхГПч┤ахПпшГ╜цЬЙх╖ох╝Вя╝Мшп╖ф╗ехоЮщЩЕф╕║хЗЖуАВ",цЬАхдз100хАНцХ░хнЧхПШчДж хдЗц│ия╝Ъф╕НхРМцибх╝Пф╕ЛхПпшГ╜цЬЙх╖ох╝Вя╝Мшп╖ф╗ехоЮщЩЕф╕║хЗЖуАВ,цЬАхдзхПпцФпцМБ3840x2160хГПч┤а хдЗц│ия╝Ъф╕НхРМцЛНцСДцибх╝ПчЪДшзЖщвСхГПч┤ахПпшГ╜цЬЙх╖ох╝Вя╝Мшп╖ф╗ехоЮщЩЕф╕║хЗЖуАВ,цЬАхдзхПпцФпцМБ16384x12288хГПч┤а хдЗц│ия╝Ъф╕НхРМцЛНчЕзцибх╝ПчЪДчЕзчЙЗхГПч┤ахПпшГ╜цЬЙх╖ох╝Вя╝Мшп╖ф╗ехоЮщЩЕф╕║хЗЖуАВ,"4K шзЖщвСцЛНцСДя╝Ъ30/60 FPS
1080PшзЖщвСцЛНцСДя╝Ъ30/60 FPS
720PшзЖщвСцЛНцСДя╝Ъ30/60 FPS
4KхдЬцЩпх╜ХхГПцибх╝Пя╝Ъ24FPS
1080PхдЬцЩпх╜ХхГПцибх╝Пя╝Ъ24FPS
1080PцЕвхКиф╜ЬшзЖщвСя╝Ъ120/240FPS
шзЖщвСх╜ХхИ╢ца╝х╝ПхМЕцЛмH.264хТМHEVC 
хПШчДжшМГхЫ┤цЬАщлШхПпш╛╛0.5x-10x 
х╣┐шзТф╕╗цСДхГПхд┤цФпцМБOISшзЖщвСщШ▓цКЦ
щХ┐чДжцСДхГПхд┤цФпцМБOISшзЖщвСщШ▓цКЦ 
ш╢Ех╣┐шзТцСДхГПхд┤цФпцМБEISшзЖщвСщШ▓цКЦ
цФпцМБшзЖщвСч╛ОшВд
цФпцМБщЯ│щвСхПШчДж
цФпцМБчлЛф╜Ухг░цФ╢щЯ│ 
цФпцМБшУЭчЙЩшА│цЬ║цФ╢щЯ│
чФ╡х╜▒цибх╝Пя╝Ъ HDR VividцЬАщлШхПпш╛╛4K 30FPSя╝М10bit Magic-LogцЬАщлШхПпш╛╛4K 60FPS 
х╗╢цЧ╢цСДх╜▒цибх╝ПцЬАщлШхПпш╛╛4K",чЛмчлЛхоЙхЕихнШхВишКпчЙЗуАБхПМTEEхоЙхЕич│╗ч╗ЯуАБцЙЛцЬ║чЫ╛уАБхпЖчаБф┐ЭщЩйчо▒уАБцибч│Кф╜Нч╜оуАБщЪРчзБхКйцЙЛуАБх╣│шбМчй║щЧ┤уАБхПНшпИщШ▓чБлхвЩуАБх║ФчФищФБуАБцФпф╗Шф┐ЭцКдф╕нх┐ГуАБщЪРчзБцЧ╢хИ╗уАБх║ФчФиш╖│ш╜мх╝╣чкЧцПРщЖТ,"цФпцМБхМЧцЦЧя╝ИB1I+B1C+B2aф╕ЙщвСя╝ЙуАБхПМщвСGPSя╝ИL1+L5я╝ЙуАБAGPSуАБGlonassуАБф╝╜хИйчХея╝ИE1 + E5aхПМщвСя╝Й
цФпцМБшЬВчкЭч╜Сч╗ЬхоЪф╜НуАБWLANч╜Сч╗ЬхоЪф╜Н",75.8 mm,шНгшААх╖ичКАчО╗чТГ,"HDRх│░хА╝ф║ох║жя╝Ъ5000nits
хЕих▒Ах│░хА╝ф║ох║жя╝Ъ1600nits",FHD+ 1280x2800  хГПч┤а хдЗц│ия╝ЪшпехИЖш╛ичОЗхп╣х║ФцаЗхЗЖчЯйх╜вя╝МхоЮщЩЕх▒Пх╣ХцЬЙцХИхГПч┤ачХех░СуАВ,6.80шЛ▒хп╕ хдЗц│ия╝ЪцШ╛чд║х▒ПщЗЗчФихЬЖшзТшо╛шобя╝МцМЙчЕзцаЗхЗЖчЯйх╜вц╡ЛщЗПцЧ╢я╝Мх▒Пх╣ХчЪДхп╣шзТч║┐щХ┐х║жцШп6.80шЛ▒хп╕я╝ИхоЮщЩЕхПпшзЖхМ║хЯЯчХех░Пя╝ЙуАВ,4320Hz PWMш░ГхЕЙуАБцКдчЬ╝цибх╝ПуАБч▒╗шЗкчД╢хЕЙцКдчЬ╝уАБхКйчЬацШ╛чд║уАБшЗкчД╢шЙ▓х╜йцШ╛чд║ хдЗц│ия╝ЪцЬмф║зхУБщЭЮхМ╗чЦЧхЩицв░я╝Мф╕НхЕ╖цЬЙц▓╗чЦЧхКЯшГ╜уАВ,"цШ╛чд║цКАцЬпя╝Ъ
HDRцШ╛чд║я╝ИхЫ╛чЙЗхТМшзЖщвСя╝ЙуАБLTPO 1~120HzшЗкщАВх║ФхИ╖цЦ░чОЗуАБшзЖщвСчФ╗ш┤ихвЮх╝║",OLED,чЬЯ10.7ф║┐шЙ▓я╝МDCI-P3х╣┐шЙ▓хЯЯ,хдЪчВ╣шзжцОзя╝МцЬАхдЪцФпцМБ10чВ╣шзжцОз,,"ф║║хГПцибх╝ПуАБц╗дщХЬуАБчмСшД╕цКУцЛНуАБшЗкцЛНщХЬхГПуАБхг░цОзцЛНчЕзуАБхоЪцЧ╢цЛНцСДуАБцЙЛхК┐цЛНчЕзуАБхдЬцЩпцибх╝ПуАБц░┤хН░цибх╝ПуАБшЗкцЛНчОпх╜вшбехЕЙуАБщлШхГПч┤ацибх╝ПуАБхдЪщХЬх╜ХхГП

хЫ╛х║УхКЯшГ╜я╝ЪцЩ║цЕзцИРчЙЗуАБхЫ╛х║Ушпнф╣ЙцРЬч┤вуАБч▓╛х╜йцЧ╢хИ╗уАБф╕АщФохдзчЙЗуАБшНгшААхЙкш╛С хдЗц│ия╝ЪщГихИЖчЙ╣цАзOTAхНЗч║зцФпцМБя╝Мшп╖ф╗ехоЮщЩЕф╜УщкМф╕║хЗЖ",VoIPщАЪшпЭAIщЩНхЩкуАБшУЭчЙЩшА│цЬ║ш┐ЬчиЛх╜ХщЯ│уАБхРОцСД3MICх╜ХхГПщЯ│щвСхПШчДжуАБхЙНцСД3MICх╜ХхГПщЯ│щвСшБЪчДж хдЗц│ия╝ЪVoIPщАЪшпЭAIщЩНхЩкхТМшУЭчЙЩшА│цЬ║ш┐ЬчиЛх╜ХщЯ│хКЯшГ╜щЬАщЕНхРИчЫ╕х║ФчЪДх║ФчФиф╜┐чФия╝Мшп╖ф╗ехоЮщЩЕф╜УщкМф╕║хЗЖуАВ,,,,MagicOS 8.0я╝ИхЯ║ф║ОAndroid 14я╝Й,,66WшНгшААцЧач║┐ш╢Еч║зх┐лхЕЕя╝МцФпцМБцЧач║┐хПНхРСхЕЕчФ╡уАВ хдЗц│ия╝ЪцндхКЯчОЗф╕║цФпцМБчЪДцЬАхдзхЕЕчФ╡хКЯчОЗя╝МцЧач║┐ш╢Еч║зх┐лхЕЕщЬАхНХчЛмш┤нф╣░чЫ╕х║ФчЪДшНгшААш╢Еч║зх┐лхЕЕцЧач║┐хЕЕчФ╡хЩиф╜┐чФиуАВхоЮщЩЕхЕЕчФ╡хКЯчОЗф╝ЪщЪПф╕НхРМхЬ║цЩпцЩ║шГ╜хПШхМЦя╝Мшп╖ф╗ехоЮщЩЕф╜┐чФицГЕхЖ╡ф╕║хЗЖуАВ,цФпцМБ,,80WшНгшААш╢Еч║зх┐лхЕЕ хдЗц│ия╝ЪцндхКЯчОЗф╕║цФпцМБчЪДцЬАхдзхЕЕчФ╡хКЯчОЗя╝МщЬАцРнщЕНхОЯшгЕцЬЙч║┐ш╢Еч║зх┐лхЕЕхЕЕчФ╡хЩиф╕ОхЕЕчФ╡ч║┐ф╜┐чФиуАВхоЮщЩЕхЕЕчФ╡хКЯчОЗф╝ЪщЪПф╕НхРМхЬ║цЩпцЩ║шГ╜хПШхМЦя╝Мшп╖ф╗ехоЮщЩЕф╜┐чФицГЕхЖ╡ф╕║хЗЖуАВ,"цЩ║цЕзцИРчЙЗуАБхЫ╛х║Ушпнф╣ЙцРЬч┤вуАБчБ╡хКишГ╢хЫКуАБщнФц│ХщФБх▒ПуАБф╗╗цДПщЧиуАБхЕих▒ПчЖДх▒ПцШ╛чд║уАБцЩ║цЕзцСЖхП░уАБцбМщЭвхдзцЦЗф╗╢хд╣шЗкхоЪф╣ЙуАБцФ╢шЧПчй║щЧ┤уАБх╣│шбМчй║щЧ┤уАБф╕кф║║ф║ЛхКбф╕нх┐ГуАБYOYOхКйчРЖуАБф╕кцАзхМЦщФБх▒ПуАБхПНшпИщШ▓чБлхвЩуАБцЩ║цЕзшпЖчаБуАБщЪФчй║ц╗СхКих▒Пх╣ХуАБщЪФчй║цИкх▒ПуАБцЩ║шГ╜цЧЛш╜мх▒Пх╣ХхТМш╛ЕхКйцЛНчЕзуАБц░ФцБпхФдщЖТуАБYOYOх╗║шооуАБMagic цЦЗцЬмуАБOS Turbo XуАБGPU Turbo XуАБцЩ║цЕзф║ТшБФуАБцЩ║цЕзш┐РхнШуАБшпнщЯ│цОзхИ╢хС╝хПлуАБхдЪх▒ПхНПхРМуАБчФ╡шДСцибх╝ПуАБцЩ║цЕзшзЖшзЙуАБцЩ║цЕзшпЖх▒ПуАБхЕих▒Пч┐╗шпСуАБшпнщЯ│ч┐╗шпСуАБAIхнЧх╣ХуАБцЩ║цЕзхдЪчкЧуАБц╖▒шЙ▓цибх╝ПуАБчФ╡хнРф╣жцибх╝ПуАБчК╢цАБф║ТхКиAODуАБч║пхЗАцЦЗф╗╢чобчРЖуАБц│ишзЖф╕НчЖДх▒ПуАБц│ишзЖцЭечФ╡щЯ│щЗПхЗПх╝▒уАБшНгшААхИЖф║луАБх┐лцН╖хРпхКихПКцЙЛхК┐уАБх║ФчФихИЖш║луАБцНвцЬ║хЕЛщЪЖуАБхРНчЙЗцЙлцППуАБхдЗф╗╜ф╕ОцБвхдНуАБцЬНхКбч╗┤ф┐оцибх╝П хдЗц│ия╝Ъ
1. х┐лцН╖хРпхКихПКцЙЛхК┐я╝ЪхРлцМЗхЕ│шКВцИкх▒ПуАБхПМцМЗхЕ│шКВх╜Хх▒ПуАБцЛ┐ш╡╖цЙЛцЬ║ф║ох▒ПуАБхПМхЗ╗ф║ох▒ПуАБхЕих▒АцФ╢шЧПуАБхЕих▒АцЙ╣ц│иуАБч┐╗ш╜мцЙЛцЬ║щЭЩщЯ│уАБцЛ┐ш╡╖цЙЛцЬ║хЗПх╝▒щЯ│щЗПуАБх┐лщАЯщАЪшпЭуАБчФ╡ц║РщФохФдщЖТYOYOхКйчРЖуАВ
2. цЩ║цЕзшзЖшзЙя╝ЪхРлцЩ║шГ╜цКахЫ╛уАБцЦЗхнЧцПРхПЦуАБцЙлчаБуАБцЩ║шГ╜шпЖхИлуАБч┐╗шпСуАБцЦЗцбгцЙлцППуАБхНбшпБцЙлцППуАВ

щГихИЖчЙ╣цАзOTAхНЗч║зцФпцМБя╝Мшп╖ф╗ехоЮщЩЕф╜УщкМф╕║хЗЖ",шНгшААшЗкчаФх░ДщвСхвЮх╝║шКпчЙЗHONOR C1+,,5600mAhя╝ИхЕ╕хЮЛхА╝я╝Й хдЗц│ия╝ЪчФ╡ц▒ащвЭхоЪхо╣щЗПф╕║ 5500mAhя╝ИхЖЕч╜оф╕НхПпцЛЖхН╕я╝ЙуАВ,щФВчж╗хнРшБЪхРИчЙйчФ╡ц▒ая╝ИшНгшААщЭТц╡╖ц╣ЦчФ╡ц▒ая╝Й,цФпцМБ,,,"цФпцМБчз╗хКи/чФ╡ф┐б 5G/4G+/4G/2Gя╝МшБФщАЪ5G/4G+/4G/3G/2Gя╝Мх╣┐чФ╡5G/4G+/4G хдЗц│ия╝Ъ
*ф╕╗хНбцМЗSIMхНбчобчРЖф╕нх╝АщАЪщ╗Шшодчз╗хКицХ░цНочЪДхНбуАВ
*хНбцз╜1уАБ2хПпф╗еф╗╗цДПхИЗцНвф╕║щ╗Шшодчз╗хКицХ░цНохНбуАВ
*хжВцЮЬф╕дх╝ащГ╜цШпчФ╡ф┐бхНбя╝МхЙпхНбя╝ИщЭЮщ╗Шшодчз╗хКицХ░цНохНбя╝Йх┐Ещб╗х╝АщАЪчФ╡ф┐бVoLTEф╕ЪхКбя╝МцЙНшГ╜хРМцЧ╢ф╜┐чФичФ╡ф┐бхПМхНбуАВ
*5G/4Gч╜Сч╗Ьф╜┐чФия╝МщЬАшжБца╣цНош┐РшРехХЖч╜Сч╗ЬхТМчЫ╕хЕ│ф╕ЪхКбщГич╜▓цГЕхЖ╡чбохоЪцШпхРжцФпцМБуАВ",шНгшААщ╕┐чЗХщАЪф┐буАБчОпчРГшбМуАБцЩ║цЕзщАЙч╜СуАБLink Turbo Xч╜Сч╗ЬхКащАЯ,,"BT5.3я╝МцФпцМБBLE,цФпцМБSBCуАБAACуАБLDACя╝МAptX, AptX HD",,3gp/mp4,,,"чО╗чТГчЙИя╝Ъч║ж229хЕЛя╝ИхРлчФ╡ц▒ая╝Й
ч┤ачЪочЙИя╝Ъч║ж225хЕЛя╝ИхРлчФ╡ц▒ая╝Й хдЗц│ия╝ЪхоЮщЩЕх░║хп╕/щЗНщЗПф╛ЭщЕНч╜оуАБхИ╢щАах╖ешЙ║уАБц╡ЛщЗПцЦ╣ц│ХчЪДф╕НхРМхПпшГ╜цЬЙцЙАх╖ох╝ВуАВ",цЙЛхК┐хп╝шИкя╝Ищ╗Шшодя╝ЙуАБх▒Пх╣ХхЖЕф╕ЙщФохп╝шИкуАБцВмц╡охп╝шИк,162.5 mm,чФ╡хнРщШ▓цКЦуАБхЕЙхнжщШ▓цКЦ,,DTS:X┬о UltraщЯ│цХИ,mp3/mp4/3gp/ogg/amr/aac/flac/wav,,,,,,,,,,,,,,,,,,,,,,,,,,,,,,,,,,,,,,,,,,,,,,,"1├ЧCortex-X4 3.3GHz+
3├ЧCortex-A720 3.2GHz+
2├ЧCortex-A720 3.0GHz+
2├ЧCortex-A520 2.3GHz хдЗц│ия╝ЪхоЮщЩЕш┐РшбМщвСчОЗхЫах║ФчФиш┤Яш╜╜цЩ║шГ╜ш░ГцХ┤уАВ",чммф╕Йф╗гщкБщ╛Щ8чз╗хКих╣│хП░,хЕлца╕,,,,Adreno 750,,,,,,,,,,,,,,,,,,,,,,,,,,,,,,,,,,
荣耀Magic6,Magic系列,,honor-magic6,https://www.honor.com/cn/phones/honor-magic6/,51,,"重力传感器、红外传感器、指纹传感器、陀螺仪、指南针、环境光传感器、接近光传感器

NFC
支持读/写模式、卡模拟模式（荣耀卡包，NFC-SIM，HCE） 备注：
 1. NFC-SIM需放在SIM1卡槽使用。
 2. NFC感应区在手机背部中间位置。",,,,,,,,,,,,,,,,,,,,,,,,,,,,,,,,,,,,,,,,,,,,,,,,,,,,,,,,,,,,,,,,,,,,,,,,,,,,,,,,,,,,,,,,,,,,,,,,,,,,,,,,,,,,,,,,,,,,,,,,,,,,,,,,,,,,,,,,,,,,,,,,,,,,,,,,,,,,,,,,,,,荣耀自研射频增强芯片HONOR C1+,,,,,,,,,,,,独立安全存储芯片、双TEE安全系统、手机盾、密码保险箱、模糊位置、隐私助手、平行空间、反诈防火墙、应用锁、支付保护中心、隐私时刻、应用跳转弹窗提醒,"智慧成片、图库语义搜索、灵动胶囊、魔法锁屏、任意门、全屏熄屏显示、智慧摆台、桌面大文件夹自定义、收藏空间、平行空间、个人事务中心、YOYO助理、个性化锁屏、反诈防火墙、智慧识码、隔空滑动屏幕、隔空截屏、智能旋转屏幕和辅助拍照、气息唤醒、YOYO建议、Magic 文本、OS Turbo X、GPU Turbo X、智慧互联、智慧运存、语音控制呼叫、多屏协同、电脑模式、智慧视觉、智慧识屏、全屏翻译、语音翻译、AI字幕、智慧多窗、深色模式、电子书模式、状态互动AOD、纯净文件管理、注视不熄屏、注视来电音量减弱、荣耀分享、快捷启动及手势、应用分身、换机克隆、名片扫描、备份与恢复、服务维修模式 备注：
1. 快捷启动及手势：含指关节截屏、双指关节录屏、拿起手机亮屏、双击亮屏、全局收藏、全局批注、翻转手机静音、拿起手机减弱音量、快速通话、电源键唤醒YOYO助理。
2. 智慧视觉：含智能抠图、文字提取、扫码、智能识别、翻译、文档扫描、卡证扫描。

部分特性OTA升级支持，请以实际体验为准",手势导航（默认）、屏幕内三键导航、悬浮导航,支持2D人脸识别,5000万像素广角摄像头（f/2.0光圈） 备注：不同拍照模式的照片像素可能有差异，请以实际为准。,最大可支持3840x2160像素 备注：不同拍摄模式的视频像素可能有差异，请以实际为准。,最大可支持8128x6096像素 备注：不同拍照模式的照片像素可能有差异，请以实际为准。,"4K视频拍摄：30FPS
1080P视频拍摄：30/60 FPS
720P视频拍摄：30FPS
视频录制格式包括H.264和HEVC
支持两焦段变焦（0.8x/1x） 
支持EIS视频防抖 
支持视频美肤 
支持多镜录像
支持立体声收音
支持蓝牙耳机收音","5000万像素广角摄像头(f/1.9光圈，支持OIS光学防抖)  
3200万像素长焦摄像头(f/2.4光圈，支持OIS光学防抖) 
5000万像素超广角摄像头(f/2.0光圈) ，支持自动对焦 备注：
*不同拍照模式的照片像素可能有差异，请以实际为准。",最大50倍数字变焦 备注：不同模式下可能有差异，请以实际为准。,最大可支持3840x2160像素 备注：不同拍摄模式的视频像素可能有差异，请以实际为准。,最大可支持8192x6144像素 备注：不同拍照模式的照片像素可能有差异，请以实际为准。,"4K视频拍摄：30/60 FPS
1080P视频拍摄：30/60 FPS
720P视频拍摄：30/60 FPS
4K夜景录像模式：24FPS
1080P夜景录像模式：24FPS
1080P慢动作视频：120/240FPS
视频录制格式包括H.264和HEVC 
变焦范围最高可达0.5x-10x 
广角主摄像头支持OIS视频防抖
长焦摄像头支持OIS视频防抖 
超广角摄像头支持EIS视频防抖
支持视频美肤
支持立体声收音 
支持蓝牙耳机收音
电影模式：HDR Vivid最高可达4K 30FPS，10bit Magic-Log最高可达4K 60FPS  
延时摄影模式最高可达4K","人像模式、滤镜、笑脸抓拍、自拍镜像、声控拍照、定时拍摄、手势拍照、夜景模式、水印模式、自拍环形补光、高像素模式、多镜录像

图库功能：智慧成片、图库语义搜索、精彩时刻、一键大片、荣耀剪辑 备注：部分特性OTA升级支持，请以实际体验为准",电子防抖、光学防抖,,,,,,,,,,"1×Cortex-X4 3.3GHz+
3×Cortex-A720 3.2GHz+
2×Cortex-A720 3.0GHz+
2×Cortex-A520 2.3GHz 备注：实际运行频率因应用负载智能调整。",第三代骁龙8移动平台,八核,Adreno 750,VoIP通话AI降噪、蓝牙耳机远程录音 备注：VoIP通话AI降噪和蓝牙耳机远程录音功能需配合相应的应用使用，请以实际体验为准。,支持,3gp/mp4,DTS:X® Ultra音效,mp3/mp4/3gp/ogg/amr/aac/flac/wav,8.1 mm,75.4 mm,"玻璃版：约206克（含电池）
素皮版：约199克（含电池） 备注：实际尺寸/重量依配置、制造工艺、测量方法的不同可能有所差异。",161.8 mm,"HDR峰值亮度：5000nits
全局峰值亮度：1600nits",荣耀巨犀玻璃,,FHD+ 1264 x 2800 像素 备注：该分辨率对应标准矩形，实际屏幕有效像素略少。,,,6.78英寸 备注：显示屏采用圆角设计，按照标准矩形测量时，屏幕的对角线长度是6.78英寸（实际可视区域略小）。,4320Hz PWM调光、护眼模式、类自然光护眼、助眠显示、自然色彩显示 备注：本产品非医疗器械，不具有治疗功能。,"显示技术：
HDR显示（图片和视频）、LTPO 1~120Hz自适应刷新率、视频画质增强",OLED,真10.7亿色，DCI-P3广色域,多点触控，最多支持10点触控,50W荣耀无线超级快充，支持无线反向充电。 备注：此功率为支持的最大充电功率，无线超级快充需单独购买相应的荣耀超级快充无线充电器使用。实际充电功率会随不同场景智能变化，请以实际使用情况为准。,支持,66W荣耀超级快充 备注：此功率为支持的最大充电功率，需搭配原装有线超级快充充电器与充电线使用。实际充电功率会随不同场景智能变化，请以实际使用情况为准。,5450mAh（典型值） 备注：电池额定容量为 5350mAh（内置不可拆卸）。,锂离子聚合物电池（荣耀青海湖电池）,MagicOS 8.0（基于Android 14）,"支持移动/电信 5G/4G+/4G/2G，联通5G/4G+/4G/3G/2G，广电5G/4G+/4G 备注：
*主卡指SIM卡管理中开通默认移动数据的卡。
*卡槽1、2可以任意切换为默认移动数据卡。
*如果两张都是电信卡，副卡（非默认移动数据卡）必须开通电信VoLTE业务，才能同时使用电信双卡。
*5G/4G网络使用，需要根据运营商网络和相关业务部署情况确定是否支持。",环球行、智慧选网、Link Turbo X网络加速,,"支持802.11 a/b/g/n/ac/ax/be，2x2 MIMO
支持2.4GHz和5GHz WLAN
支持WLAN热点、WLAN直连 备注：需要相应的路由器支持","无线投屏
红外遥控
PC数据同步
视频通话（运营商和第三方软件）
OTG（反向供电时最大输出电流1A/5V）
数据线接口：USB Type-C
耳机接口：USB Type-C 备注：
1. 红外遥控支持遥控发射，不支持自学习功能
2. 运营商视频通话功能因不同国家或地区运营商的支持情况而异，详情请咨询网络运营商。","支持北斗（B1I+B1C+B2a三频）、双频GPS（L1+L5）、AGPS、Glonass、伽利略（E1 + E5a双频）
支持蜂窝网络定位、WLAN网络定位","BT5.3，支持BLE,支持SBC、AAC、LDAC，AptX, AptX HD"
荣耀Magic Vs2,Magic系列,,honor-magic-vs-2,https://www.honor.com/cn/phones/honor-magic-vs-2/,44,,"重力传感器、红外传感器、指纹传感器、霍尔传感器、陀螺仪、指南针、环境光传感器、接近光传感器

NFC
支持读/写模式、卡模拟模式（荣耀钱包，NFC-SIM，HCE） 备注： NFC-SIM需放在SIM1卡槽使用。",,,,,,,,,,,,,,,,,,,,,,,,,,,,,,,,,,,,,,,,,,,,,,,,,,,,,,,,,,,,,,,,,,,,,,,,,,,,,,,,,,,,,,,,,,,,,,,,,,,,,,,,,,,,,,,,,,,,,,,,,,,,,,,,,,,,,,,,,,,,,,,,,,,,,,,,,,,,,,,,,,荣耀66W超级快充充电器,,,,,,,,,,,,,,平行空间/荣耀文档/全局批注/气息唤醒输入文字/换机克隆/名片扫描/智慧多窗/YOYO智慧语音/智慧视觉/智慧识屏/AI 字幕/支付保护中心/应用锁/应用分身/密码保险箱/备份与恢复/服务维修模式/深色模式/电子书模式/YOYO建议/智慧分屏/智慧互联/Magic 文本/助眠显示/类自然光护眼/气息唤醒/隐私月报/一键大片/荣耀剪辑/荣耀笔记/全局收藏,手势导航（默认）、屏幕内三键导航、悬浮导航,支持2D人脸识别,1600万像素广角摄像头（f/2.2光圈） 备注：不同拍照模式的照片像素可能有差异，请以实际为准。,最大支持3840×2160视频录制 备注：不同拍摄模式的视频像素可能有差异，请以实际为准。,最大可支持4608×3456像素 备注：不同拍照模式的照片像素可能有差异，请以实际为准。,最大支持4K（3840×2160）视频录制 备注：不同拍摄模式的视频像素可能有差异，请以实际为准。,"5000万像素广角摄像头(f/1.9光圈)
2000万像素长焦摄像头(f/2.4光圈，OIS光学防抖) 
1200万像素超广角摄像头(f/2.2光圈) 备注：不同拍照模式的照片像素可能有差异，请以实际为准。",最大40倍数字变焦 备注：不同模式下可能有差异，请以实际为准。,最大可支持3840×2160像素 备注：不同拍摄模式的视频像素可能有差异，请以实际为准。,最大可支持8192×6144像素 备注：不同拍照模式的照片像素可能有差异，请以实际为准。,最大支持3840×2160视频录制，支持视频防抖,人像模式、滤镜、笑脸抓拍、自拍镜像、声控拍照、定时拍摄、手势拍照、夜景模式、水印模式,电子防抖、光学防抖,,,,,,,,,,1×Cortex-X2 3.0GHz+3×Cortex-A710 2.5GHz+4×Cortex-A510 1.8GHz 备注：实际运行频率因应用负载智能调整。,第一代骁龙8+移动平台,八核,Adreno 730,,支持,3gp/mp4,DTS:X® Ultra音效,mp3/mp4/3gp/ogg/amr/aac/flac/wav/midi,"折叠态：10.7 mm
展开态：5.1 mm","折叠态：74.4 mm
展开态：146.2 mm",约229克（含电池） 备注：实际尺寸/重量依配置、制造工艺、测量方法的不同可能有所差异。展开态厚度，不包含内外屏保护膜的厚度以及摄像头凸起部分。重量及整机尺寸不包含内外屏保护膜。,157.5 mm,"内屏：峰值1600nits
外屏：峰值2500nits",,,"内屏：2344x2156像素
外屏：2376x1060像素 备注：该分辨率对应标准矩形，实际屏幕有效像素略少。",,,"内屏：7.92英寸
外屏：6.43英寸 备注：显示屏采用圆角设计，按照标准矩形测量时，内屏屏幕的对角线长度是7.92英寸（实际可视区域略小），外屏屏幕的对角线长度是6.43英寸（实际可视区域略小）。",3840Hz PWM调光、护眼模式、类自然光护眼、助眠显示 备注：本产品非医疗器械，不具有治疗功能。,,"内屏：可折叠柔性OLED屏
外屏：OLED",10.7亿色，DCI-P3广色域,多点触控，最多支持10点触控,,,"66W有线超级快充
支持最大11V/6A超级快充，兼容10V/4A，5V/2A充电。 备注：最大支持66W有线超级快充，需搭配原装超级快充充电器使用。实际充电功率会随不同场景智能变化，请以实际为准。",5000mAh（典型值） 备注：电池额定容量为4900mAh（内置不可拆卸）。,锂离子聚合物电池,MagicOS 7.2 （基于Android 13）,支持移动/电信 5G/4G+/4G/2G，联通5G/4G+/4G/3G/2G，广电5G/4G+/4G,,,"支持802.11 a/b/g/n/ac/ax
支持2.4GHz和5GHz WLAN
支持WLAN热点、WLAN直连","红外遥控
PC数据同步
视频通话（运营商和第三方软件）
OTG（反向供电时最大输出电流1A/5V）
数据线接口：USB Type-C，USB 3.1 GEN1，支持DP1.2
耳机接口：USB Type-C 备注：
1. 红外遥控支持遥控发射，不支持自学习功能。
2. 运营商视频通话功能因不同国家或地区运营商的支持情况而异，详情请咨询网络运营商。
3. USB 3.1 GEN1功能需搭配支持USB 3.1 GEN1的数据线（非标配，需另行购买）使用。
4. 标配数据线支持USB 2.0。","支持北斗（B1I+B1C+B2a三频）、双频GPS（L1+L5）、AGPS、Glonass、伽利略（E1 + E5a双频）
支持蜂窝网络定位、WLAN网络定位",Bluetooth 5.2，支持低功耗蓝牙、SBC、AAC、LDAC、APTX、APTX HD
荣耀Magic V2,Magic系列,,honor-magic-v2,https://www.honor.com/cn/phones/honor-magic-v2/,46,,"重力传感器、红外传感器、指纹传感器、霍尔传感器、陀螺仪、指南针、环境光传感器、接近光传感器

NFC
支持读/写模式、卡模拟模式（荣耀钱包，NFC-SIM，HCE） 备注： NFC-SIM需放在SIM1卡槽使用。",,,,,,,,,,,,,,,,,,,,,,,,,,,,,,,,,,,,,,,,,,,,,,,,,,,,,,,,,,,,,,,,,,,,,,,,,,,,,,,,,,,,,,,,,,,,,,,,,,,,,,,,,,,,,,,,,,,,,,,,,,,,,,,,,,,,,,,,,,,,,,,,,,,,,,,,,,,,,,,,,,荣耀66W超级快充充电器,荣耀自研射频增强芯片,,,,,,,,,,,,,平行空间/荣耀文档/全局批注/气息唤醒输入文字/换机克隆/名片扫描/智慧多窗/YOYO智慧语音/智慧视觉/智慧识屏/AI 字幕/支付保护中心/应用锁/应用分身/密码保险箱/备份与恢复/服务维修模式/深色模式/电子书模式/YOYO建议/智慧分屏/智慧互联/Magic 文本/助眠显示/类自然光护眼/气息唤醒/隐私月报/一键大片/荣耀剪辑/荣耀笔记/全局收藏,手势导航（默认）、屏幕内三键导航、悬浮导航,支持2D人脸识别,1600万像素广角摄像头（f/2.2光圈） 备注：不同拍照模式的照片像素可能有差异，请以实际为准。,最大支持3840×2160视频录制 备注：不同拍摄模式的视频像素可能有差异，请以实际为准。,最大可支持4608×3456像素 备注：不同拍照模式的照片像素可能有差异，请以实际为准。,最大支持4K（3840×2160）视频录制,"5000万像素广角摄像头(f/1.9光圈，OIS光学防抖) 
5000万像素超广角摄像头(f/2.0光圈)
2000万像素长焦摄像头(f/2.4光圈，OIS光学防抖) 备注：不同拍照模式的照片像素可能有差异，请以实际为准。",最大40倍数字变焦 备注：不同模式下可能有差异，请以实际为准。,最大可支持3840×2160像素 备注：不同拍摄模式的视频像素可能有差异，请以实际为准。,最大可支持8192×6144像素 备注：不同拍照模式的照片像素可能有差异，请以实际为准。,最大支持3840×2160视频录制，支持视频防抖,人像模式、滤镜、笑脸抓拍、自拍镜像、声控拍照、定时拍摄、手势拍照、夜景模式、水印模式,电子防抖、光学防抖,,,,,,,,,,1×Cortex-X3 3.36GHz+2×Cortex-A715 2.8GHz+2×Cortex-A710 2.8GHz+3×Cortex-A510 2.0GHz 备注：实际运行频率因应用负载智能调整。,第二代骁龙8 领先版,八核,Adreno 740,,支持,3gp/mp4,DTS:X® Ultra音效,"mp3/mp4/3gp/ogg/amr/aac/flac/
wav/midi","素皮版：
折叠态：9.9 mm；展开态：4.7 mm

玻璃版：
折叠态：10.1 mm；展开态：4.8 mm",折叠态：74.0 mm；展开态：145.4 mm,"素皮版：约231克（含电池）
玻璃版：约237克（含电池）",156.7 mm,"内屏：峰值1600nits
外屏：峰值2500nits",外屏：第二代纳米微晶玻璃,,"内屏：2344x2156像素
外屏：2376x1060像素 备注：该分辨率对应标准矩形，实际屏幕有效像素略少。",,,"内屏：7.92英寸
外屏：6.43英寸 备注：显示屏采用圆角设计，按照标准矩形测量时，内屏幕的对角线长度是 7.92 英寸（实际可视区域略小），外屏幕的对角线长度是 6.43 英寸（实际可视区域略小）。",3840Hz PWM调光、护眼模式、类自然光护眼、助眠显示 备注：本产品非医疗器械，不具有治疗功能。,,"内屏：可折叠柔性OLED屏

外屏：OLED",10.7亿色，DCI-P3广色域,多点触控，最多支持10点触控,,,"66W有线超级快充
支持最大11V/6A超级快充，兼容10V/4A，5V/2A充电。 备注：最大支持66W有线超级快充，需搭配原装充电器及充电线使用。实际充电功率会随不同场景智能变化，请以实际使用情况为准。",5000mAh（典型值） 备注：电池额定容量为4900mAh（内置不可拆卸）。,锂离子聚合物电池,MagicOS 7.2 （基于Android 13）,支持移动/电信 5G/4G+/4G/2G，联通5G/4G+/4G/3G/2G，广电5G/4G+/4G,,,"支持802.11 a/b/g/n/ac/ax/be
支持2.4GHz和5GHz WLAN
支持WLAN热点、WLAN直连 备注：需要搭配相应的Wi-Fi 7路由器使用。","红外遥控
PC数据同步
视频通话（运营商和第三方软件）
OTG（反向供电时最大输出电流1A/5V）
数据线接口：USB Type-C，USB 3.1 GEN1，支持DP1.2
耳机接口：USB Type-C 备注：
1. 红外遥控支持遥控发射，不支持自学习功能。
2. 运营商视频通话功能因不同国家或地区运营商的支持情况而异，详情请咨询网络运营商。
3. USB 3.1 GEN1功能需搭配支持USB 3.1 GEN1的数据线（非标配，需另行购买）使用。
4. 标配数据线支持USB 2.0。","支持北斗（B1I+B1C+B2a三频）、双频GPS（L1+L5）、AGPS、Glonass、伽利略（E1 + E5a双频）
支持蜂窝网络定位、WLAN网络定位",Bluetooth 5.3，支持低功耗蓝牙、SBC、AAC、LDAC、APTX、APTX HD
荣耀Magic5 至臻版,Magic系列,,honor-magic5-ultimate,https://www.honor.com/cn/phones/honor-magic5-ultimate/,52,,"重力传感器、指纹传感器、霍尔传感器、陀螺仪、指南针、环境光传感器、接近光传感器

NFC
支持读/写模式、卡模拟模式（荣耀卡包，NFC-SIM，HCE） 备注：
 1. NFC-SIM需放在SIM1卡槽使用。
 2. NFC感应区在手机背部中间位置。",,,,,,,,,,,,,,,,,,,,,,,,,,,,,,,,,,,,,,,,,,,,,,,,,,,,,,,,,,,,,,,,,,,,,,,,,,,,,,,,,,,,,,,,,,,,,,,,,,,,,,,,,,,,,,,,,,,,,,,,,,,,,,,,,,,,,,,,,,,,,,,,,,,,,,,,,,,,,,,,,,荣耀66W超级快充充电器,荣耀自研射频增强芯片HONOR C1,,,,,,,,,,,,智慧隐私通话、独立安全存储芯片、双TEE安全系统、隐私时刻、3D人脸解锁、3D人脸支付、手机盾、密码保险箱、电子身份证、模糊位置、隐私空间、隐私助手、反诈防护、应用锁、支付保护中心 备注：隐私时刻需OTA升级支持。,"智慧识码、隔空滑动屏幕、隔空截屏、智能旋转屏幕和辅助拍照、气息唤醒、YOYO建议、Magic 文本、OS Turbo X、GPU Turbo X、智慧互联、智慧运存、语音控制呼叫、多屏协同、电脑模式、智慧视觉、智慧识屏、全屏翻译、YOYO智慧语音、语音翻译、AI字幕、智慧多窗、深色模式、电子书模式、状态互动AOD、个人事务中心、AI商旅助手、纯净文件管理、注视不熄屏、注视来电音量减弱、荣耀分享、快捷启动及手势、应用分身、换机克隆、名片扫描、备份与恢复、服务维修模式 备注：
*快捷启动及手势：含指关节截屏、双指关节录屏、拿起手机亮屏、双击亮屏、全局收藏、全局批注、翻转手机静音、拿起手机减弱音量、快速通话、电源键唤醒智慧语音。
*智慧视觉：含识文、识物、购物、卡路里识别、翻译、扫码、文档扫描、试卷还原。",手势导航（默认）、屏幕内三键导航、悬浮导航,支持3D人脸识别,"1200万像素摄像头：ƒ/2.4光圈、最大100°视角、支持三焦段变焦（0.7x/0.8x/1x）
3D深感摄像头 备注：不同拍照模式的照片像素可能有差异，请以实际为准。",最大可支持3840×2160像素 备注：不同拍摄模式的视频像素可能有差异，请以实际为准。,最大可支持4096×3072 像素 备注：不同拍照模式的照片像素可能有差异，请以实际为准。,"4K视频拍摄：30 fps
1080P视频拍摄：30/60 fps
720P视频拍摄：30 fps 
视频录制格式包括H.264和HEVC
支持三焦段变焦（0.7x/0.8x/1x） 
支持EIS视频防抖 
支持视频美肤 
支持多镜录像 
支持音频聚焦 
支持立体声收音 
支持蓝牙耳机收音","5000万像素广角摄像头：1/1.12英寸超大底感光元件、ƒ/1.6超大光圈、等效23毫米焦距、八镜式镜头、第二代UAR超低反镀膜、100% Focus Pixels、支持OIS光学防抖、支持四合一2.8μm大像素输出
5000万像素超广角摄像头：ƒ/2.0光圈、等效12毫米焦距、最大122°视角、100% Focus Pixels、2.5cm高清微距摄影
5000万像素潜望式长焦摄像头：3.5x光学变焦、ƒ/3.0 光圈、等效90毫米焦距、支持OIS光学防抖、最高可达100倍数码变焦
8x8 dTOF激光对焦系统
多光谱色温传感器
Flicker传感器 备注：
*各镜头等效焦距属器件规格，各模式下可能存有差异，请以实际为准。
*不同拍照模式的照片像素可能有差异，请以实际为准。",最大100倍数字变焦 备注：不同模式下可能有差异，请以实际为准。,最大可支持3840×2160像素 备注：不同拍摄模式的视频像素可能有差异，请以实际为准。,最大可支持8192×6144像素 备注：不同拍照模式的照片像素可能有差异，请以实际为准。,"4K 视频拍摄：30/60 fps
1080P视频拍摄：30/60 fps
720P视频拍摄：30/60 fps 
1080P夜景录像模式：24 fps 
1080P慢动作视频：120/240 fps 
延时摄影模式最高可达4K 
视频录制格式包括H.264和HEVC 
变焦范围最高可达0.6x-10x 
广角摄像头支持EIS视频防抖
长焦摄像头支持EIS+OIS视频防抖 
超广角摄像头支持EIS视频防抖 
支持视频美肤
支持音频变焦
支持立体声收音 
支持蓝牙耳机收音
电影模式： HDR10+最高可达4K 30 fps，10bit Magic-Log最高可达4K 60 fps","人像模式、滤镜、笑脸抓拍、自拍镜像、声控拍照、定时拍摄、手势拍照、夜景模式、水印模式、自拍环形补光

图库功能：精彩时刻、一键大片、荣耀剪辑",电子防抖、光学防抖,,,,,,,,,,1×Cortex-X3 3.19GHz+2×Cortex-A715 2.8GHz+2×Cortex-A710 2.8GHz+3×Cortex-A510 2.0GHz 备注：实际运行频率因应用负载智能调整。,第二代骁龙8移动平台,八核,Adreno 740,VoIP视频通话AI降噪、蓝牙耳机远程录音、后摄3MIC录像音频变焦、前摄3MIC录像音频聚焦 备注：VoIP视频通话AI降噪和蓝牙耳机远程录音功能需配合相应的应用使用，请以实际体验为准。,支持,3gp/mp4,DTS:X® Ultra音效,mp3/mp4/3gp/ogg/amr/aac/flac/wav/midi,8.77 mm,76.7 mm,约217克（含电池） 备注：实际尺寸/重量依配置、制造工艺、测量方法的不同可能有所差异。,162.9 mm,峰值亮度：1800nits,超曲纳米微晶玻璃,,FHD+ 2848×1312 像素 备注：该分辨率对应标准矩形，实际屏幕有效像素略少。,,,6.81英寸 备注：显示屏采用圆角设计，按照标准矩形测量时，屏幕的对角线长度是 6.81 英寸（实际可视区域略小）。,2160Hz高频PWM调光、护眼模式、类自然光护眼、助眠显示 备注：本产品非医疗器械，不具有治疗功能。,"显示技术：
新一代屏幕聚光技术、HDR显示（图片和视频）、视频画质增强、视频高帧率",OLED,真10.7亿色，DCI-P3广色域,多点触控，最多支持10点触控,支持50W荣耀无线超级快充，支持无线反向充电。 备注：最大支持50W无线超级快充，需单独购买充电规格不小于50W的荣耀超级快充无线充电器或无线车充。实际充电功率会随不同场景智能变化，请以实际使用情况为准。,支持,手机支持最大11V/6A超级快充，兼容10V/4A或10V/2.25A超级快充，兼容10V/2A快充。 备注：最大支持66W有线超级快充，需搭配66W荣耀超级快充充电套装使用。充电套装是否需要单独购买请以实际包装清单为准。实际充电功率会随不同场景智能变化，请以实际使用情况为准。,5450mAh（典型值） 备注：电池额定容量为 5350mAh（内置不可拆卸）。,锂离子聚合物电池（荣耀青海湖电池）,MagicOS 7.1（基于Android 13）,"支持移动/电信 5G/4G+/4G/2G，联通5G/4G+/4G/3G/2G，广电5G/4G+/4G 备注：
*主卡指SIM卡管理中开通默认移动数据的卡。
*卡槽1、2可以任意切换为默认移动数据卡。
*如果两张都是电信卡，副卡（非默认移动数据卡）必须开通电信VoLTE业务，才能同时使用电信双卡。
*5G/4G网络使用，需要根据运营商网络和相关业务部署情况确定是否支持。",天际通、智慧选网、Link Turbo X网络加速、独立Wi-Fi蓝牙架构,,"支持802.11 a/b/g/n/ac/ax/be，2x2 MIMO
支持2.4GHz和5GHz WLAN
支持WLAN热点、WLAN直连 备注：需要搭配相应的Wi-Fi7路由器使用。","有线投屏、无线投屏
红外遥控
PC数据同步
视频通话（运营商和第三方软件）
OTG（反向供电时最大输出电流1A/5V）
数据线接口：USB Type-C，USB 3.2 GEN1，支持DP1.2
耳机接口：USB Type-C 备注：
1. 红外遥控支持遥控发射，不支持自学习功能
2. 运营商视频通话功能因不同国家或地区运营商的支持情况而异，详情请咨询网络运营商。
3. USB 3.2 GEN1功能需搭配支持USB 3.2 GEN1的数据线（非标配，需另行购买）使用。
4. 标配数据线支持USB 2.0。","支持北斗（B1I+B1C+B2a三频）、双频GPS（L1+L5）、AGPS、Glonass、伽利略（E1 + E5a双频）
支持蜂窝网络定位、WLAN网络定位",BT5.2，支持BLE、SBC、AAC、LDAC、APTX、APTX HD
荣耀Magic5 Pro,Magic系列,,honor-magic5-pro,https://www.honor.com/cn/phones/honor-magic5-pro/,51,,"重力传感器、指纹传感器、陀螺仪、指南针、环境光传感器、接近光传感器

NFC
支持读/写模式、卡模拟模式（荣耀卡包，NFC-SIM，HCE） 备注：
 1. NFC-SIM需放在SIM1卡槽使用。
 2. NFC感应区在手机背部中间位置。",,,,,,,,,,,,,,,,,,,,,,,,,,,,,,,,,,,,,,,,,,,,,,,,,,,,,,,,,,,,,,,,,,,,,,,,,,,,,,,,,,,,,,,,,,,,,,,,,,,,,,,,,,,,,,,,,,,,,,,,,,,,,,,,,,,,,,,,,,,,,,,,,,,,,,,,,,,,,,,,,,荣耀66W超级快充充电器,支持，荣耀自研射频增强芯片,,,,,,,,,,,,智慧隐私通话、独立安全存储芯片、双TEE安全系统、隐私时刻、3D人脸解锁、3D人脸支付、手机盾、密码保险箱、电子身份证、模糊位置、隐私空间、隐私助手、反诈防护、应用锁、支付保护中心 备注：隐私时刻需OTA升级支持。,"智慧识码、隔空滑动屏幕、隔空截屏、智能旋转屏幕和辅助拍照、气息唤醒、YOYO建议、Magic 文本、OS Turbo X、GPU Turbo X、智慧互联、智慧运存、语音控制呼叫、多屏协同、电脑模式、智慧视觉、智慧识屏、全屏翻译、YOYO智慧语音、语音翻译、AI字幕、智慧多窗、深色模式、电子书模式、状态互动AOD、个人事务中心、AI商旅助手、纯净文件管理、注视不熄屏、注视来电音量减弱、荣耀分享、快捷启动及手势、应用分身、换机克隆、名片扫描、备份与恢复、服务维修模式 备注：
*快捷启动及手势：含指关节截屏、双指关节录屏、拿起手机亮屏、双击亮屏、全局收藏、全局批注、翻转手机静音、拿起手机减弱音量、快速通话、电源键唤醒智慧语音。
*智慧视觉：含识文、识物、购物、卡路里识别、翻译、扫码、文档扫描、试卷还原。",手势导航（默认）、屏幕内三键导航、悬浮导航,支持3D人脸识别,"1200万像素摄像头：ƒ/2.4光圈、最大100°视角、支持三焦段变焦（0.7x/0.8x/1x）
3D深感摄像头 备注：不同拍照模式的照片像素可能有差异，请以实际为准。",最大可支持3840×2160像素 备注：不同拍摄模式的视频像素可能有差异，请以实际为准。,最大可支持4096×3072 像素 备注：不同拍照模式的照片像素可能有差异，请以实际为准。,"4K视频拍摄：30 fps
1080P视频拍摄：30/60 fps
720P视频拍摄：30 fps 
视频录制格式包括H.264和HEVC
支持三焦段变焦（0.7x/0.8x/1x） 
支持EIS视频防抖 
支持视频美肤 
支持多镜录像 
支持音频聚焦 
支持立体声收音 
支持蓝牙耳机收音","5000万像素广角摄像头：1/1.12英寸超大底感光元件、ƒ/1.6超大光圈、等效23毫米焦距、八镜式镜头、第二代UAR超低反镀膜、100% Focus Pixels、支持OIS光学防抖、支持四合一2.8μm大像素输出
5000万像素超广角摄像头：ƒ/2.0光圈、等效12毫米焦距、最大122°视角、100% Focus Pixels、2.5cm高清微距摄影
5000万像素潜望式长焦摄像头：3.5x光学变焦、ƒ/3.0 光圈、等效90毫米焦距、支持OIS光学防抖、最高可达100倍数码变焦
8x8 dTOF激光对焦系统
多光谱色温传感器
Flicker传感器 备注：
*各镜头等效焦距属器件规格，各模式下可能存有差异，请以实际为准。
*不同拍照模式的照片像素可能有差异，请以实际为准。",最大100倍数字变焦 备注：不同模式下可能有差异，请以实际为准。,最大可支持3840×2160像素 备注：不同拍摄模式的视频像素可能有差异，请以实际为准。,最大可支持8192×6144像素 备注：不同拍照模式的照片像素可能有差异，请以实际为准。,"4K 视频拍摄：30/60 fps
1080P视频拍摄：30/60 fps
720P视频拍摄：30/60 fps 
1080P夜景录像模式：24 fps 
1080P慢动作视频：120/240 fps 
延时摄影模式最高可达4K 
视频录制格式包括H.264和HEVC 
变焦范围最高可达0.6x-10x 
广角摄像头支持EIS视频防抖
长焦摄像头支持EIS+OIS视频防抖 
超广角摄像头支持EIS视频防抖 
支持视频美肤
支持音频变焦
支持立体声收音 
支持蓝牙耳机收音
电影模式： HDR10+最高可达4K 30 fps，10bit Magic-Log最高可达4K 60 fps","人像模式、滤镜、笑脸抓拍、自拍镜像、声控拍照、定时拍摄、手势拍照、夜景模式、水印模式、自拍环形补光

图库功能：精彩时刻、一键大片、荣耀剪辑",电子防抖、光学防抖,,,,,,,,,,1×Cortex-X3 3.19GHz+2×Cortex-A715 2.8GHz+2×Cortex-A710 2.8GHz+3×Cortex-A510 2.0GHz 备注：实际运行频率因应用负载智能调整。,第二代骁龙8移动平台,八核,Adreno 740,VoIP视频通话AI降噪、蓝牙耳机远程录音、后摄3MIC录像音频变焦、前摄3MIC录像音频聚焦 备注：VoIP视频通话AI降噪和蓝牙耳机远程录音功能需配合相应的应用使用，请以实际体验为准。,支持,3gp/mp4,DTS:X® Ultra音效,mp3/mp4/3gp/ogg/amr/aac/flac/wav/midi,8.77 mm,76.7 mm,玻璃版：约219克（含电池）； 素皮版：约215克（含电池） 备注：实际尺寸/重量依配置、制造工艺、测量方法的不同可能有所差异。,162.9 mm,峰值亮度：1800nits,,,FHD+ 2848×1312 像素 备注：该分辨率对应标准矩形，实际屏幕有效像素略少。,,,6.81英寸 备注：显示屏采用圆角设计，按照标准矩形测量时，屏幕的对角线长度是 6.81 英寸（实际可视区域略小）。,2160Hz高频PWM调光、护眼模式、类自然光护眼、助眠显示 备注：本产品非医疗器械，不具有治疗功能。,"显示技术：
新一代屏幕聚光技术、HDR显示（图片和视频）、视频画质增强、视频高帧率",OLED,真10.7亿色，DCI-P3广色域,多点触控，最多支持10点触控,支持50W荣耀无线超级快充，支持无线反向充电。 备注：最大支持50W无线超级快充，需单独购买充电规格不小于50W的荣耀超级快充无线充电器或无线车充。实际充电功率会随不同场景智能变化，请以实际使用情况为准。,支持,手机支持最大11V/6A超级快充，兼容10V/4A或10V/2.25A超级快充，兼容10V/2A快充。 备注：最大支持66W有线超级快充，需搭配66W荣耀超级快充充电套装使用。充电套装是否需要单独购买请以实际包装清单为准。实际充电功率会随不同场景智能变化，请以实际使用情况为准。,5450mAh（典型值） 备注：电池额定容量为 5350mAh（内置不可拆卸）。,锂离子聚合物电池（荣耀青海湖电池）,MagicOS 7.1（基于Android 13）,"支持移动/电信 5G/4G+/4G/2G，联通5G/4G+/4G/3G/2G，广电5G/4G+/4G 备注：
*主卡指SIM卡管理中开通默认移动数据的卡。
*卡槽1、2可以任意切换为默认移动数据卡。
*如果两张都是电信卡，副卡（非默认移动数据卡）必须开通电信VoLTE业务，才能同时使用电信双卡。
*5G/4G网络使用，需要根据运营商网络和相关业务部署情况确定是否支持。",天际通、智慧选网、Link Turbo X网络加速、独立Wi-Fi蓝牙架构,,"支持802.11 a/b/g/n/ac/ax/be，2x2 MIMO
支持2.4GHz和5GHz WLAN
支持WLAN热点、WLAN直连 备注：需要搭配相应的Wi-Fi7路由器使用。","有线投屏、无线投屏
红外遥控
PC数据同步
视频通话（运营商和第三方软件）
OTG（反向供电时最大输出电流1A/5V）
数据线接口：USB Type-C，USB 3.2 GEN1，支持DP1.2
耳机接口：USB Type-C 备注：
1. 红外遥控支持遥控发射，不支持自学习功能
2. 运营商视频通话功能因不同国家或地区运营商的支持情况而异，详情请咨询网络运营商。
3. USB 3.2 GEN1功能需搭配支持USB 3.2 GEN1的数据线（非标配，需另行购买）使用。
4. 标配数据线支持USB 2.0。","支持北斗（B1I+B1C+B2a三频）、双频GPS（L1+L5）、AGPS、Glonass、伽利略（E1 + E5a双频）
支持蜂窝网络定位、WLAN网络定位",BT5.2，支持BLE、SBC、AAC、LDAC、APTX、APTX HD
荣耀Magic5,Magic系列,,honor-magic5,https://www.honor.com/cn/phones/honor-magic5/,49,,"重力传感器、指纹传感器、陀螺仪、指南针、环境光传感器、接近光传感器

NFC
支持读/写模式、卡模拟模式（荣耀卡包，NFC-SIM，HCE） 备注：
 1. NFC-SIM需放在SIM1卡槽使用。",,,,,,,,,,,,,,,,,,,,,,,,,,,,,,,,,,,,,,,,,,,,,,,,,,,,,,,,,,,,,,,,,,,,,,,,,,,,,,,,,,,,,,,,,,,,,,,,,,,,,,,,,,,,,,,,,,,,,,,,,,,,,,,,,,,,,,,,,,,,,,,,,,,,,,,,,,,,,,,,,,荣耀66W超级快充充电器,,,,,,,,,,,,,独立安全存储芯片、双TEE安全系统、隐私时刻、手机盾、密码保险箱、电子身份证、模糊位置、隐私空间、隐私助手、反诈防护、应用锁、支付保护中心 备注：隐私时刻需OTA升级支持。,"智慧识码、隔空滑动屏幕、隔空截屏、智能旋转屏幕和辅助拍照、气息唤醒、YOYO建议、Magic 文本、OS Turbo X、GPU Turbo X、智慧互联、智慧运存、语音控制呼叫、多屏协同、电脑模式、智慧视觉、智慧识屏、全屏翻译、YOYO智慧语音、语音翻译、AI字幕、智慧多窗、深色模式、电子书模式、状态互动AOD、个人事务中心、AI商旅助手、纯净文件管理、注视不熄屏、注视来电音量减弱、荣耀分享、快捷启动及手势、应用分身、换机克隆、名片扫描、备份与恢复、服务维修模式 备注：
*快捷启动及手势：含指关节截屏、双指关节录屏、拿起手机亮屏、双击亮屏、全局收藏、全局批注、翻转手机静音、拿起手机减弱音量、快速通话、电源键唤醒智慧语音。
*智慧视觉：含识文、识物、购物、卡路里识别、翻译、扫码、文档扫描、试卷还原。",手势导航（默认）、屏幕内三键导航、悬浮导航,支持2D人脸识别,1200万像素摄像头：ƒ/2.4光圈、最大100°视角、支持三焦段变焦（0.7x/0.8x/1x） 备注：不同拍照模式的照片像素可能有差异，请以实际为准。,最大可支持3840×2160像素 备注：不同拍摄模式的视频像素可能有差异，请以实际为准。,最大可支持4096×3072 像素 备注：不同拍照模式的照片像素可能有差异，请以实际为准。,"4K视频拍摄：30 fps 
1080P视频拍摄：30/60 fps 
720P视频拍摄：30 fps  
视频录制格式包括H.264和HEVC 
支持三焦段变焦（0.7x/0.8x/1x） 
支持EIS视频防抖 
支持视频美肤 
支持多镜录像
支持立体声收音
支持蓝牙耳机收音","5400万像素广角摄像头：ƒ/1.9光圈、等效23毫米焦距、100% Focus Pixels、支持四合一2.0μm大像素输出
5000万像素超广角摄像头：ƒ/2.0光圈、等效12毫米焦距、最大122°超广视角、100% Focus Pixels、2.5cm高清微距摄影
3200万像素长焦摄像头：2.5x光学变焦、ƒ/2.4光圈、等效69毫米焦距、支持OIS光学防抖、最高可达50倍数码变焦
色温传感器
Flicker传感器 备注：
*各镜头等效焦距属器件规格，各模式下可能存有差异，请以实际为准。
*不同拍照模式的照片像素可能有差异，请以实际为准。",最大50倍数字变焦 备注：不同模式下可能有差异，请以实际为准。,最大可支持3840×2160像素 备注：不同拍摄模式的视频像素可能有差异，请以实际为准。,最大可支持8768×6144 像素 备注：不同拍照模式的照片像素可能有差异，请以实际为准。,"4K视频拍摄：30/60 fps
1080P视频拍摄：30/60 fps
720P视频拍摄：30/60 fps 
1080P夜景录像模式：24 fps 
1080P慢动作视频：120/240 fps
视频录制格式包括H.264和HEVC 
变焦范围最高可达0.6x-10x 
广角摄像头支持EIS视频防抖
长焦摄像头支持EIS+OIS视频防抖 
超广角摄像头支持EIS视频防抖 
支持视频美肤
支持立体声收音 
支持蓝牙耳机收音
电影模式： HDR10+最高可达4K 30 fps，10bit Magic-Log最高可达4K 60 fps  
延时摄影模式最高可达4K","人像模式、滤镜、笑脸抓拍、自拍镜像、声控拍照、定时拍摄、手势拍照、夜景模式、水印模式、自拍环形补光

图库功能：精彩时刻、一键大片、荣耀剪辑",电子防抖、光学防抖,,,,,,,,,,1×Cortex-X3 3.19GHz+2×Cortex-A715 2.8GHz+2×Cortex-A710 2.8GHz+3×Cortex-A510 2.0GHz 备注：实际运行频率因应用负载智能调整。,第二代骁龙8移动平台,八核,Adreno 740,VoIP视频通话AI降噪、蓝牙耳机远程录音 备注：VoIP视频通话AI降噪和蓝牙耳机远程录音功能需配合相应的应用使用，请以实际体验为准。,支持,3gp/mp4,DTS:X® Ultra音效,mp3/mp4/3gp/ogg/amr/aac/flac/wav/midi,7.80 mm,75.5 mm,玻璃版：约191克（含电池）； 素皮版：约187克（含电池） 备注：实际尺寸/重量依配置、制造工艺、测量方法的不同可能有所差异。,161.4 mm,峰值亮度：1600nits,,,FHD+ 2688×1224 像素 备注：该分辨率对应标准矩形，实际屏幕有效像素略少。,,,6.73英寸 备注：显示屏采用圆角设计，按照标准矩形测量时，屏幕的对角线长度是 6.73 英寸（实际可视区域略小）。,2160Hz高频PWM调光、护眼模式、类自然光护眼、助眠显示 备注：本产品非医疗器械，不具有治疗功能。,"显示技术：
HDR显示（图片和视频）、视频画质增强",OLED,真10.7亿色，DCI-P3广色域,多点触控，最多支持10点触控,,支持,手机支持最大11V/6A超级快充，兼容10V/4A或10V/2.25A超级快充，兼容10V/2A快充。 备注：实际充电功率会随不同场景智能变化，请以实际为准。,5100mAh（典型值） 备注：电池额定容量为 5000mAh（内置不可拆卸）。,锂离子聚合物电池,MagicOS 7.1（基于Android 13）,"支持移动/电信 5G/4G+/4G/2G，联通5G/4G+/4G/3G/2G，广电5G/4G+/4G 备注：
*主卡指SIM卡管理中开通默认移动数据的卡。
*卡槽1、2可以任意切换为默认移动数据卡。
*如果两张都是电信卡，副卡（非默认移动数据卡）必须开通电信VoLTE业务，才能同时使用电信双卡。
*5G/4G网络使用，需要根据运营商网络和相关业务部署情况确定是否支持。",天际通、智慧选网、Link Turbo X网络加速,,"支持802.11 a/b/g/n/ac/ax/be，2x2 MIMO
支持2.4GHz和5GHz WLAN
支持WLAN热点、WLAN直连 备注：需要搭配相应的Wi-Fi7路由器使用。","无线投屏
红外遥控
PC数据同步
视频通话（运营商和第三方软件）
OTG（反向供电时最大输出电流1A/5V）
数据线接口：USB Type-C
耳机接口：USB Type-C 备注：
1. 红外遥控支持遥控发射，不支持自学习功能
2. 运营商视频通话功能因不同国家或地区运营商的支持情况而异，详情请咨询网络运营商。","支持北斗（B1I+B1C+B2a三频）、双频GPS（L1+L5）、AGPS、Glonass、伽利略（E1 + E5a双频）
支持蜂窝网络定位、WLAN网络定位",BT5.2，支持BLE、SBC、AAC、LDAC、APTX、APTX HD
荣耀Magic Vs 至臻版,Magic系列,,honor-magic-vs-ultimate,https://www.honor.com/cn/phones/honor-magic-vs-ultimate/,60,"支持读卡器模式, 卡模拟模式（钱包支付，SIM卡支付*，HCE支付） 备注： * SIM卡支付所使用的SIM卡只能放在SIM1卡槽。",,,支持（反向供电时最大输出电流1A/5V）,,支持,,,,,,,,,802.11 a/b/g/n/ac/ax，2x2 MIMO，HE160 备注：需要相应的路由器支持；需要搭配 160MHz带宽的WiFi6路由器。,支持,支持,支持,2.4GHz和5GHz,,,,,,,,,,,,,,,,,,,,,,,,,,,,,,,,,,,,,,,,,,,,,,,,,,,,,,,,,,,,,,,,,,,,,,,,,,,,,,,,,,,,,,,,,,,,,,,,,,,,,,,,,,,,,,,,,,,,,,,,,,,,,,,,,,,,,,,,,,,,,支持,支持（侧指纹），支持指纹解锁,支持,USB Type-C，USB 3.1 GEN1，支持DP1.2 备注：*USB 3.1 GEN1功能需搭配支持USB 3.1 GEN1的数据线（非标配，需另行购买）使用。*标配数据线支持USB 2.0。,荣耀66W超级快充充电器,,支持,支持 备注：支持遥控发射，不支持自学习功能,支持 备注：支持遥控发射，不支持自学习功能,,USB Type-C,支持,支持（运营商和第三方软件） 备注：运营商功能因不同国家或地区运营商的支持情况而异，详情请咨询网络运营商。,支持,支持,支持,,,换机克隆/名片扫描/智慧多窗/YOYO智慧语音/智慧视觉/智慧识屏/AI 字幕/支付保护中心/应用锁/应用分身/隐私空间/密码保险箱/备份与恢复/服务维修模式/深色模式/电子书模式/YOYO建议/智慧分屏/智慧互联/Magic 文本/助眠显示/类自然光护眼/隐私月报,手势导航（默认）、屏幕内三键导航、悬浮导航,支持2D人脸识别,1600万像素摄像头（f/2.45光圈） 备注：不同拍照模式的照片像素可能有差异，请以实际为准。,最大可支持2520×1080像素 备注：不同拍摄模式的视频像素可能有差异，请以实际为准。,最大可支持 4608×3456像素 备注：不同拍照模式的照片像素可能有差异，请以实际为准。,最大支持1080P(2520×1080)视频录制，支持EIS视频防抖,"5400万像素广角摄像头(f/1.9光圈) 
5000万像素超广角摄像头(f/2.0光圈) 
800万像素长焦摄像头（f/2.4光圈，OIS光学防抖） 备注：不同拍照模式的照片像素可能有差异，请以实际为准。",最大30倍数码变焦 备注：不同模式下可能有差异，请以实际为准。,最大可支持3840×2160像素 备注：不同拍摄模式的视频像素可能有差异，请以实际为准。,最大可支持8768×6144像素 备注：不同拍照模式的照片像素可能有差异，请以实际为准。,最大支持4K（3840×2160）视频录制，支持EIS视频防抖,人像模式、滤镜、笑脸抓拍、自拍镜像、声控拍照、定时拍摄、手势拍照、夜景模式、水印模式,EIS+OIS,,,,,,,,,,1×Cortex-X2 3.2GHz+3×Cortex-A710 2.75GHz+4×Cortex-A510 2.0GHz,Snapdragon<sup>®</sup> 8+ Gen 1 Mobile Platform（第一代骁龙8+移动平台）,八核,Adreno 730,,支持,3gp/mp4,DTS:X<sup>®</sup> Ultra音效,mp3/mp4/3gp/ogg/amr/aac/flac/wav/midi,折叠态：12.9mm；展开态：6.1mm,折叠态：72.6mm；展开态：141.5mm,约265克（含电池） 备注：实际尺寸/重量依配置、制造工艺、测量方法的不同可能有所差异。展开态厚度，不包含屏幕边框。重量及整机尺寸不包含内外屏保护膜,160.3mm,,,,"内屏：2272×1984 像素
外屏：2560×1080 像素 备注：该分辨率对应标准矩形，实际屏幕有效像素略少。",,,"内屏：7.9英寸
外屏：6.45英寸 备注：显示屏采用圆角设计，按照标准矩形测量时，内屏幕的对角线长度是 7.9 英寸（实际可视区域略小），外屏幕的对角线长度是 6.45 英寸（实际可视区域略小）。",,,"内屏：可折叠柔性OLED屏，最高支持90Hz刷新率
外屏：OLED，最高支持120Hz刷新率",10.7亿色，DCI-P3广色域,多点触控，最多支持10点触控,,,手机支持最大11V/6A超级快充，兼容10V/4A。 备注：最大支持66W有线超级快充，需搭配原装超级快充充电器使用。实际充电功率会随不同场景智能变化，请以实际为准。,5000mAh（典型值） 备注：电池额定容量为 4900mAh（内置不可拆卸）。,锂聚合物电池,MagicOS 7.0 （基于Android 12）,"支持移动/电信 5G/4G+/4G/2G，联通5G/4G+/4G/3G/2G，广电5G/4G+/4G 备注：
*主卡指SIM卡管理中开通默认移动数据的卡。
*卡槽1、2可以任意切换为默认移动数据卡。
*如果两张都是电信卡，副卡（非默认移动数据卡）必须开通电信VoLTE业务，才能同时使用电信双卡。
*5G/4G网络使用，需要根据运营商网络和相关业务部署情况确定是否支持。",,,,,支持北斗（B1I+B1C+B2a三频）/双频GPS（L1+L5）/AGPS/Glonass/伽利略（E1 + E5a双频）,BT5.2，支持BLE、SBC、AAC、LDAC、APTX、APTX HD
荣耀Magic Vs,Magic系列,,honor-magic-vs,https://www.honor.com/cn/phones/honor-magic-vs/,60,"支持读卡器模式, 卡模拟模式（钱包支付，SIM卡支付*，HCE支付） 备注： * SIM卡支付所使用的SIM卡只能放在SIM1卡槽。",,,支持（反向供电时最大输出电流1A/5V）,,支持,,,,,,,,,802.11 a/b/g/n/ac/ax，2x2 MIMO，HE160 备注：需要相应的路由器支持；需要搭配 160MHz带宽的WiFi6路由器。,支持,支持,支持,2.4GHz和5GHz,,,,,,,,,,,,,,,,,,,,,,,,,,,,,,,,,,,,,,,,,,,,,,,,,,,,,,,,,,,,,,,,,,,,,,,,,,,,,,,,,,,,,,,,,,,,,,,,,,,,,,,,,,,,,,,,,,,,,,,,,,,,,,,,,,,,,,,,,,,,,支持,支持（侧指纹），支持指纹解锁,支持,USB Type-C，USB 3.1 GEN1，支持DP1.2 备注：*USB 3.1 GEN1功能需搭配支持USB 3.1 GEN1的数据线（非标配，需另行购买）使用。*标配数据线支持USB 2.0。,荣耀66W超级快充充电器,,支持,支持 备注：支持遥控发射，不支持自学习功能,支持 备注：支持遥控发射，不支持自学习功能,,USB Type-C,支持,支持（运营商和第三方软件） 备注：运营商功能因不同国家或地区运营商的支持情况而异，详情请咨询网络运营商。,支持,支持,支持,,,换机克隆/名片扫描/智慧多窗/YOYO智慧语音/智慧视觉/智慧识屏/AI 字幕/支付保护中心/应用锁/应用分身/隐私空间/密码保险箱/备份与恢复/服务维修模式/深色模式/电子书模式/YOYO建议/智慧分屏/智慧互联/Magic 文本/助眠显示/类自然光护眼/隐私月报,手势导航（默认）、屏幕内三键导航、悬浮导航,支持2D人脸识别,1600万像素摄像头（f/2.45光圈） 备注：不同拍照模式的照片像素可能有差异，请以实际为准。,最大可支持2520×1080像素 备注：不同拍摄模式的视频像素可能有差异，请以实际为准。,最大可支持 4608×3456像素 备注：不同拍照模式的照片像素可能有差异，请以实际为准。,最大支持1080P(2520×1080)视频录制，支持EIS视频防抖,"5400万像素广角摄像头(f/1.9光圈) 
5000万像素超广角摄像头(f/2.0光圈)  
800万像素长焦摄像头（f/2.4光圈，OIS光学防抖） 备注：不同拍照模式的照片像素可能有差异，请以实际为准。",最大30倍数码变焦 备注：不同模式下可能有差异，请以实际为准。,最大可支持3840×2160像素 备注：不同拍摄模式的视频像素可能有差异，请以实际为准。,最大可支持8768×6144像素 备注：不同拍照模式的照片像素可能有差异，请以实际为准。,最大支持4K（3840×2160）视频录制，支持EIS视频防抖,人像模式、滤镜、笑脸抓拍、自拍镜像、声控拍照、定时拍摄、手势拍照、夜景模式、水印模式,EIS+OIS,,,,,,,,,,1×Cortex-X2 3.0GHz+3×Cortex-A710 2.5GHz+4×Cortex-A510 1.8GHz,Snapdragon<sup>®</sup> 8+ Gen 1 Mobile Platform（第一代骁龙8+移动平台）,八核,Adreno 730,,支持,3gp/mp4,DTS:X<sup>®</sup> Ultra音效,mp3/mp4/3gp/ogg/amr/aac/flac/wav/midi,折叠态：12.9mm；展开态：6.1mm,折叠态：72.6mm；展开态：141.5mm,"素皮版：约261克（含电池）
玻璃版：约267克（含电池） 备注：实际尺寸/重量依配置、制造工艺、测量方法的不同可能有所差异。展开态厚度，不包含屏幕边框。重量及整机尺寸不包含内外屏保护膜",160.3mm,,,,"内屏：2272×1984像素
外屏：2560×1080像素 备注：该分辨率对应标准矩形，实际屏幕有效像素略少。",,,"内屏：7.9英寸
外屏：6.45英寸 备注：显示屏采用圆角设计，按照标准矩形测量时，内屏幕的对角线长度是 7.9 英寸（实际可视区域略小），外屏幕的对角线长度是 6.45 英寸（实际可视区域略小）。",,,"内屏：可折叠柔性OLED屏，最高支持90Hz刷新率
外屏：OLED，最高支持120Hz刷新率",10.7亿色，DCI-P3广色域,多点触控，最多支持10点触控,,,手机支持最大11V/6A超级快充，兼容10V/4A 备注：最大支持66W有线超级快充，需搭配原装超级快充充电器使用。实际充电功率会随不同场景智能变化，请以实际为准。,5000mAh（典型值） 备注：电池额定容量为 4900mAh（内置不可拆卸）。,锂聚合物电池,MagicOS 7.0 （基于Android 12）,"支持移动/电信 5G/4G+/4G/2G，联通5G/4G+/4G/3G/2G，广电5G/4G+/4G 备注：
*主卡指SIM卡管理中开通默认移动数据的卡。
*卡槽1、2可以任意切换为默认移动数据卡。
*如果两张都是电信卡，副卡（非默认移动数据卡）必须开通电信VoLTE业务，才能同时使用电信双卡。
*5G/4G网络使用，需要根据运营商网络和相关业务部署情况确定是否支持。",,,,,支持北斗（B1I+B1C+B2a三频）/双频GPS（L1+L5）/AGPS/Glonass/伽利略（E1 + E5a双频）,BT5.2，支持BLE、SBC、AAC、LDAC、APTX、APTX HD
荣耀Magic4 至臻版,Magic系列,,honor-magic4-ultimate,https://www.honor.com/cn/phones/honor-magic4-ultimate/,62,"支持读卡器模式, 卡模拟模式（钱包支付，SIM卡支付*，HCE支付） 备注： * SIM卡支付所使用的SIM卡只能放在SIM1卡槽。",,,支持（反向供电时最大输出电流1A/5V）,,支持,,,,,,,,,802.11 a/b/g/n/ac/ax，2x2 MIMO，HE160 备注：需要相应的路由器支持；需要搭配 160MHz带宽的WiFi6路由器。,支持,支持,支持,2.4GHz和5GHz,,,,,,,,,,,,,,,,,,,,,,,,,,,,,,,,,,,,,,,,,,,,,,,,,,,,,,,,,,,,,,,,,,,,,,,,,,,,,,,,,,,,,,,,,,,,,,,,,,,,,,,,,,,,,,,,,,,,,,,,,,,,,,,,,,,,,,,,,,,93.5% 备注：数据来源于荣耀实验室，仅供参考。,,支持,支持（屏内指纹），支持指纹解锁,支持,"USB Type-C，USB 3.1 GEN1，支持DP1.2 备注：
*USB 3.1 GEN1功能需搭配支持USB 3.1 GEN1的数据线（非标配，需另行购买）使用。
*标配数据线支持USB 2.0。","荣耀100W超级快充充电器；
荣耀超级快充车载充电器（Max 66W） 备注：车载充电器需要单独购买",,支持,支持 备注：支持遥控发射，不支持自学习功能,支持 备注：支持遥控发射，不支持自学习功能,,USB Type-C,支持,支持（运营商和第三方软件） 备注：运营商功能因不同国家或地区运营商的支持情况而异，详情请咨询网络运营商。,支持,支持,支持,,,换机克隆/名片扫描/智慧多窗/YOYO智慧语音/智慧视觉/智慧识屏/AI 字幕/支付保护中心/应用锁/应用分身/隐私空间/密码保险箱/备份与恢复/服务维修模式/深色模式/电子书模式/YOYO建议/多屏协同/智慧分屏,手势导航（默认）、屏幕内三键导航、悬浮导航,支持 3D人脸识别,1200万像素广角摄像头（f/2.4 光圈）+3D深感摄像头 备注：不同模式的照片和视频的像素可能有差异，请以实际为准。,最大可支持 3840 × 2160像素 备注：不同拍摄模式的视频像素可能有差异，请以实际为准。,最大可支持 4096 × 3072 像素 备注：不同拍照模式的照片像素可能有差异，请以实际为准。,最大支持4K（3840 × 2160）视频录制，支持EIS防抖,5000万像素广角摄像头（f/1.6 光圈， OIS防抖）+ 5000万像素光谱增强摄像头（f/2.0光圈）+6400万像素超广角摄像头（f/2.2 光圈）+6400万像素100倍潜望式长焦摄像头（f/3.5 光圈， OIS防抖) 备注：不同模式的照片和视频的像素可能有差异，请以实际为准。,最大100倍数字变焦 备注：不同模式下可能有差异，请以实际为准。,最大可支持 3840 × 2160像素 备注：不同拍摄模式的视频像素可能有差异，请以实际为准。,最大可支持 9216 × 6912 像素 备注：不同拍照模式的照片像素可能有差异，请以实际为准。,最大支持4K（3840 × 2160）视频录制，支持EIS视频防抖,人像模式、滤镜、笑脸抓拍、自拍镜像、声控拍照、定时拍摄、手势拍照、夜景模式、水印模式,EIS+OIS,,,,,,,,,,1×Cortex-X2 3.0GHz+3×Cortex-A710 2.5GHz+4×Cortex-A510 1.8GHz 备注：实际运行频率因应用负载智能调整。,Snapdragon 8 Gen 1（全新一代骁龙8移动平台）,八核,Adreno 730,,支持,3gp/mp4,DTS:X<sup>®</sup> Ultra音效,mp3/mp4/3gp/ogg/amr/aac/flac/wav/midi,机身主体厚度9.0mm，相机凸起部分11.4mm,74.7mm,约242克（含电池） 备注：实际尺寸/重量依配置、制造工艺、测量方法的不同可能有所差异。,163.6mm,,,,FHD+ 1312*2848 像素 备注：该分辨率对应标准矩形，实际屏幕有效像素略少。,,,6.81英寸 备注：显示屏采用圆角设计，按照标准矩形测量时，屏幕的对角线长度是 6.81 英寸（实际可视区域略小）。,,,OLED,真10.7亿色，DCI-P3广色域,多点触控，最多支持10点触控,手机支持50W超级快充 备注：实际充电功率会随不同场景智能变化，请以实际为准。无线充电底座需单独购买。,,手机支持最大20V/5A超级快充，兼容11V/6A、10V/4A或10V/2.25A超级快充，兼容10V/2A快充。 备注：实际充电功率会随不同场景智能变化，请以实际为准。,4600mAh（典型值） 备注：电池额定容量为 4500mAh。（电池内置不可拆卸）,锂聚合物电池,Magic UI 6.0 （基于Android 12）,"支持移动/电信 5G/4G+/4G/2G，联通5G/4G+/4G/3G/2G，广电5G/4G+/4G 备注：
*主卡指SIM卡管理中开通默认移动数据的卡。
*卡槽1、2可以任意切换为默认移动数据卡。
*如果两张都是电信卡，副卡（非默认移动数据卡）必须开通电信VoLTE业务，才能同时使用电信双卡。
*5G/4G网络使用，需要根据运营商网络和相关业务部署情况确定是否支持。",,,,,支持 GPS(L1+L5双频)/AGPS/GLONASS/北斗（B1I+B1C+B2a三频）/ 伽利略（E1 + E5a双频）,BT5.2，支持BLE、SBC、AAC、LDAC、APTX、APTX HD
荣耀Magic4 Pro,Magic系列,,honor-magic4-pro,https://www.honor.com/cn/phones/honor-magic4-pro/,62,"支持读卡器模式, 卡模拟模式（钱包支付，SIM卡支付*，HCE支付） 备注： * SIM卡支付所使用的SIM卡只能放在SIM1卡槽。",,,支持（反向供电时最大输出电流1A/5V）,,支持,,,,,,,,,802.11 a/b/g/n/ac/ax，2x2 MIMO，HE160 备注：需要相应的路由器支持；需要搭配 160MHz带宽的WiFi6路由器。,支持,支持,支持,2.4GHz和5GHz,,,,,,,,,,,,,,,,,,,,,,,,,,,,,,,,,,,,,,,,,,,,,,,,,,,,,,,,,,,,,,,,,,,,,,,,,,,,,,,,,,,,,,,,,,,,,,,,,,,,,,,,,,,,,,,,,,,,,,,,,,,,,,,,,,,,,,,,,,,93.5% 备注：数据来源于荣耀实验室，仅供参考。,,支持,支持（屏内指纹），支持指纹解锁,支持,"USB Type-C，USB 3.1 GEN1，支持DP1.2 备注：
*USB 3.1 GEN1功能需搭配支持USB 3.1 GEN1的数据线（非标配，需另行购买）使用。
*标配数据线支持USB 2.0。","荣耀100W超级快充充电器；
荣耀超级快充车载充电器（Max 66W） *车载充电器需要单独购买。",,支持,支持 备注：支持遥控发射，不支持自学习功能,支持 备注：支持遥控发射，不支持自学习功能,,USB Type-C 备注：支持Type-C数字耳机,支持,支持（运营商和第三方软件） 备注：运营商功能因不同国家或地区运营商的支持情况而异，详情请咨询网络运营商。,支持,支持,支持,,,换机克隆/名片扫描/智慧多窗/YOYO智慧语音/智慧视觉/智慧识屏/AI 字幕/支付保护中心/应用锁/应用分身/隐私空间/密码保险箱/备份与恢复/服务维修模式/深色模式/电子书模式/YOYO建议/多屏协同/智慧分屏,手势导航（默认）、屏幕内三键导航、悬浮导航,支持 3D人脸识别,1200 万像素广角摄像头（f/2.4 光圈）+3D深感摄像头 备注：不同模式的照片和视频的像素可能有差异，请以实际为准。,最大可支持 3840 × 2160像素 备注：不同拍摄模式的视频像素可能有差异，请以实际为准。,最大可支持 4096×3072 像素 备注：不同拍照模式的照片像素可能有差异，请以实际为准。,最大支持4K（3840 × 2160）视频录制，支持EIS防抖,5000万像素广角摄像头（f/1.8 光圈）+5000万像素超广角摄像头（f/2.2 光圈）+6400万像素100倍潜望式长焦摄像头（f/3.5 光圈， OIS防抖) 备注：不同模式的照片和视频的像素可能有差异，请以实际为准。,最大100倍数字变焦 备注：不同模式下可能有差异，请以实际为准。,最大可支持 3840 × 2160像素 备注：不同拍摄模式的视频像素可能有差异，请以实际为准。,最大可支持 9216×6912 像素 备注：不同拍照模式的照片像素可能有差异，请以实际为准。,最大支持4K（3840×2160）视频录制，支持EIS视频防抖,人像模式、滤镜、笑脸抓拍、自拍镜像、声控拍照、定时拍摄、手势拍照、夜景模式、水印模式,EIS+OIS,,,,,,,,,,1×Cortex-X2 3.0GHz+3×Cortex-A710 2.5GHz+4×Cortex-A510 1.8GHz 备注：实际运行频率因应用负载智能调整。,Snapdragon 8 Gen 1（全新一代骁龙8移动平台）,八核,Adreno 730,,支持,3gp/mp4,DTS:X<sup>®</sup> Ultra音效,mp3/mp4/3gp/ogg/amr/aac/flac/wav/midi,玻璃版：9.15mm    素皮版：9.10mm,74.7mm,玻璃版：约215克（含电池）<br>素皮版：约209克（含电池） 备注：实际尺寸/重量依配置、制造工艺、测量方法的不同可能有所差异。,163.6mm,,,,FHD+ 1312*2848 像素 备注：该分辨率对应标准矩形，实际屏幕有效像素略少。,,,6.81英寸 备注：显示屏采用圆角设计，按照标准矩形测量时，屏幕的对角线长度是 6.81 英寸（实际可视区域略小）。,,,OLED,真10.7亿色，DCI-P3广色域,多点触控，最多支持10点触控,手机支持50W超级快充 备注：实际充电功率会随不同场景智能变化，请以实际为准。无线充电底座需单独购买。,,手机支持最大20V/5A超级快充，兼容11V/6A、10V/4A或10V/2.25A超级快充，兼容10V/2A快充。 备注：实际充电功率会随不同场景智能变化，请以实际为准。,4600mAh（典型值） 备注：电池额定容量为 4500mAh。（电池内置不可拆卸）,锂聚合物电池,Magic UI 6.0 （基于Android 12）,"支持移动/电信 5G/4G+/4G/2G，联通5G/4G+/4G/3G/2G，广电5G/4G+/4G 备注：
*主卡指SIM卡管理中开通默认移动数据的卡。
*卡槽1、2可以任意切换为默认移动数据卡。
*如果两张都是电信卡，副卡（非默认移动数据卡）必须开通电信VoLTE业务，才能同时使用电信双卡。
*5G/4G网络使用，需要根据运营商网络和相关业务部署情况确定是否支持。",,,,,支持 GPS(L1+L5双频)/AGPS/GLONASS/北斗（B1I+B1C+B2a三频）/ 伽利略（E1 + E5a双频）,BT5.2，支持BLE、SBC、AAC、LDAC、APTX、APTX HD
荣耀Magic4,Magic系列,,honor-magic4,https://www.honor.com/cn/phones/honor-magic4/,61,"支持读卡器模式, 卡模拟模式（钱包支付，SIM卡支付*，HCE支付） 备注： * SIM卡支付所使用的SIM卡只能放在SIM1卡槽。",,,支持（反向供电时最大输出电流1A/5V）,,支持,,,,,,,,,802.11 a/b/g/n/ac/ax，2x2 MIMO，HE160 备注：需要相应的路由器支持；需要搭配 160MHz带宽的WiFi6路由器。,支持,支持,支持,2.4GHz和5GHz,,,,,,,,,,,,,,,,,,,,,,,,,,,,,,,,,,,,,,,,,,,,,,,,,,,,,,,,,,,,,,,,,,,,,,,,,,,,,,,,,,,,,,,,,,,,,,,,,,,,,,,,,,,,,,,,,,,,,,,,,,,,,,,,,,,,,,,,,,,94.2% 备注：数据来源于荣耀实验室，仅供参考。,,支持,支持（屏内指纹），支持指纹解锁,支持,"USB Type-C，USB 3.1 GEN1，支持DP1.2 备注：
*USB 3.1 GEN1功能需搭配支持USB 3.1 GEN1的数据线（非标配，需另行购买）使用。
*标配数据线支持USB 2.0。","荣耀66W超级快充充电器；
荣耀超级快充车载充电器（Max 66W） *车载充电器需要单独购买。",,支持,支持 备注：支持遥控发射，不支持自学习功能,支持 备注：支持遥控发射，不支持自学习功能,,USB Type-C 备注：支持Type-C数字耳机,支持,支持（运营商和第三方软件） 备注：运营商功能因不同国家或地区运营商的支持情况而异，详情请咨询网络运营商。,支持,支持,支持,,,换机克隆/名片扫描/智慧多窗/YOYO智慧语音/智慧视觉/智慧识屏/AI 字幕/支付保护中心/应用锁/应用分身/隐私空间/密码保险箱/备份与恢复/服务维修模式/深色模式/电子书模式/YOYO建议/多屏协同/智慧分屏,手势导航（默认）、屏幕内三键导航、悬浮导航,支持2D人脸识别,1200 万像素广角摄像头（f/2.4 光圈） 备注：不同模式的照片和视频的像素可能有差异，请以实际为准。,最大可支持 3840 × 2160像素 备注：不同拍摄模式的视频像素可能有差异，请以实际为准。,最大可支持4096×3072 像素 备注：不同拍照模式的照片像素可能有差异，请以实际为准。,最大支持4K（3840 × 2160）视频录制，支持EIS防抖,5000万像素广角摄像头（f/1.8光圈）+ 5000万像素超广角摄像头（f/2.2光圈）+ 800万像素50倍潜望式长焦摄像头（f/3.4 光圈， OIS防抖) 备注：不同模式的照片和视频的像素可能有差异，请以实际为准。,最大50倍数字变焦 备注：不同模式下可能有差异，请以实际为准。,最大可支持 3840 × 2160像素 备注：不同拍摄模式的视频像素可能有差异，请以实际为准。,最大可支持8192×6144 像素 备注：不同拍照模式的照片像素可能有差异，请以实际为准。,最大支持4K（3840×2160）视频录制，支持EIS视频防抖,人像模式、滤镜、笑脸抓拍、自拍镜像、声控拍照、定时拍摄、手势拍照、夜景模式、水印模式,EIS+OIS,,,,,,,,,,1×Cortex-X2 3.0GHz+3×Cortex-A710 2.5GHz+4×Cortex-A510 1.8GHz 备注：实际运行频率因应用负载智能调整。,Snapdragon 8 Gen 1（全新一代骁龙8移动平台）,八核,Adreno 730,,支持,3gp/mp4,DTS:X<sup>®</sup> Ultra音效,mp3/mp4/3gp/ogg/amr/aac/flac/wav/midi,8.80mm,74.5mm,约199克（含电池） 备注：实际尺寸/重量依配置、制造工艺、测量方法的不同可能有所差异。,163.6mm,,,,FHD+ 1224*2664 像素 备注：该分辨率对应标准矩形，实际屏幕有效像素略少。,,,6.81英寸 备注：显示屏采用圆角设计，按照标准矩形测量时，屏幕的对角线长度是 6.81 英寸（实际可视区域略小）。,,,OLED,真10.7亿色，DCI-P3广色域,多点触控，最多支持10点触控,,,手机支持最大11V/6A超级快充，兼容10V/4A或10V/2.25A超级快充，兼容10V/2A快充。 备注：实际充电功率会随不同场景智能变化，请以实际为准。,4800mAh（典型值） 备注：电池额定容量为 4700mAh。（电池内置不可拆卸）,锂聚合物电池,Magic UI 6.0 （基于Android 12）,"支持移动/电信 5G/4G+/4G/2G，联通5G/4G+/4G/3G/2G，广电5G/4G+/4G 备注：
*主卡指SIM卡管理中开通默认移动数据的卡。
*卡槽1、2可以任意切换为默认移动数据卡。
*如果两张都是电信卡，副卡（非默认移动数据卡）必须开通电信VoLTE业务，才能同时使用电信双卡。
*5G/4G网络使用，需要根据运营商网络和相关业务部署情况确定是否支持。",,,,,支持 GPS(L1+L5双频)/AGPS/GLONASS/北斗（B1I+B1C+B2a三频）/ 伽利略（E1 + E5a双频）,BT5.2，支持BLE、SBC、AAC、LDAC、APTX、APTX HD
荣耀Magic V,Magic系列,,honor-magic-v,https://www.honor.com/cn/phones/honor-magic-v/,58,"支持读卡器模式, 卡模拟模式（钱包支付，SIM卡支付*，HCE支付） 备注：SIM卡支付所使用的SIM卡只能放在SIM1卡槽。",,,支持（反向供电时最大输出电流1A/5V）,,支持,,,,,,,,,802.11 a/b/g/n/ac/ax，2x2 MIMO，HE160 备注：需要相应的路由器支持；需要搭配 160MHz带宽的WiFi6路由器。,支持,支持,支持,2.4GHz和5GHz,,,,,,,,,,,,,,,,,,,,,,,,,,,,,,,,,,,,,,,,,,,,,,,,,,,,,,,,,,,,,,,,,,,,,,,,,,,,,,,,,,,,,,,,,,,,,,,,,,,,,,,,,,,,,,,,,,,,,,,,,,,,,,,,,,,,,,,,,,,,,支持,支持（侧指纹），支持指纹解锁,支持,"USB Type-C，USB 3.1 GEN1，支持DP1.2 备注：
*USB 3.1 GEN1功能需搭配支持USB 3.1 GEN1的数据线（非标配，需另行购买）使用。
*标配数据线支持USB 2.0。","荣耀66W超级快充充电器；
荣耀超级快充车载充电器（Max 66W）",,支持,支持 备注：支持遥控发射，不支持自学习功能,支持 备注：支持遥控发射，不支持自学习功能,,USB Type-C 备注：支持Type-C数字耳机,支持,支持（运营商和第三方软件） 备注：运营商功能因不同国家或地区运营商的支持情况而异，详情请咨询网络运营商。,支持,支持,,,,换机克隆/名片扫描/智慧多窗/YOYO智慧语音/智慧视觉/智慧识屏/AI 字幕/支付保护中心/应用锁/应用分身/隐私空间/密码保险箱/备份与恢复/服务维修模式/深色模式/电子书模式/YOYO建议/多屏协同/智慧分屏,,支持2D人脸识别,4200万像素摄像头（f/2.4光圈） 备注：不同模式的照片和视频的像素可能有差异，请以实际为准。,最大可支持3840×2160像素 备注：不同拍摄模式的视频像素可能有差异，请以实际为准。,最大可支持 7552×5664像素 备注：不同拍照模式的照片像素可能有差异，请以实际为准。,最大支持4K（3840 × 2160）视频录制，支持EIS防抖,5000万像素广角摄像头(f/1.9光圈) + 5000万像素光谱增强摄像头(f/2.0光圈) + 5000万像素超广角摄像头(f/2.2光圈) 备注：不同模式的照片和视频的像素可能有差异，请以实际为准。,最大10倍数字变焦 备注：不同模式下可能有差异，请以实际为准。,最大可支持 3840 × 2160像素 备注：不同拍摄模式的视频像素可能有差异，请以实际为准。,最大可支持8192×6144 像素 备注：不同拍照模式的照片像素可能有差异，请以实际为准。,最大支持4K（3840×2160）视频录制，支持EIS视频防抖,前置摄像头：人像模式、滤镜、笑脸抓拍、自拍镜像、声控拍照、定时拍摄、手势拍照、夜景模式、高像素模式、水印模式,电子防抖,,,,,,,,,,1 × Cortex-X2 2.995GHz + 3 × Cortex-A710 2.496GHz + 4 × Cortex-A510 1.785GHz 备注：实际运行频率因应用负载智能调整。,全新一代骁龙8移动平台,八核,Adreno™ 730,,支持,3gp/mp4,DTS:X<sup>®</sup> Ultra音效,mp3/mp4/3gp/ogg/amr/aac/flac/wav/midi,折叠态：14.3mm；展开态：6.7mm,折叠态：72.7mm；展开态：141.1mm,素皮版：约288克（含电池）；玻璃版：约293克（含电池） 备注：实际尺寸/重量依配置、制造工艺、测量方法的不同可能有所差异。展开态厚度，不包含屏幕边框。,160.4mm,,,,"内屏：2272 × 1984 像素
外屏：2560 × 1080 像素 备注：该分辨率对应标准矩形，实际屏幕有效像素略少。",,,"内屏：7.9英寸
外屏：6.45英寸 备注：显示屏采用圆角设计，按照标准矩形测量时，内屏屏幕的对角线长度是 7.9 英寸（实际可视区域略小）；外屏屏幕的对角线长度是 6.45 英寸（实际可视区域略小）。",,,"内屏：可折叠柔性OLED屏，最高支持90Hz刷新率
外屏：OLED，最高支持120Hz刷新率",10.7亿色，DCI-P3广色域,多点触控，最多支持10点触控,,,手机支持最大11V/6A超级快充，兼容10V/4A或10V/2.25A超级快充，兼容10V/2A快充。 备注：实际充电功率会随不同场景智能变化，请以实际为准。,4750mAh（典型值） 备注：电池额定容量为 4650mAh。（电池内置不可拆卸）,锂聚合物电池,Magic UI 6.0 （基于Android 12）,"支持移动/电信 5G/4G+/4G/2G，联通5G/4G+/4G/3G/2G，广电5G/4G+/4G 备注： 
*主卡指SIM卡管理中开通默认移动数据的卡。
*卡槽1、2可以任意切换为默认移动数据卡。
*如果两张都是电信卡，副卡（非默认移动数据卡）必须开通电信VoLTE业务，才能同时使用电信双卡。
*5G/4G网络使用，需要根据运营商网络和相关业务部署情况确定是否支持。",,,,,支持 GPS/AGPS/GLONASS/北斗/ 伽利略,BT5.2，支持BLE、SBC、AAC、LDAC、APTX、APTX HD
荣耀Magic3 至臻版,Magic系列,,honor-magic3-pro-plus,https://www.honor.com/cn/phones/honor-magic3-pro-plus/,63,"支持读卡器模式, 点对点模式, 卡模拟模式（钱包支付，SIM卡支付*，HCE支付） 备注： * SIM卡支付所使用的SIM卡只能放在SIM1卡槽。",,,支持（反向供电时最大输出电流1A/5V）,,支持,,,,,,,,,"802.11 a/b/g/n/ac/ax,2x2 MIMO,HE160 备注：需要相应的路由器支持；需要搭配 160MHz带宽的WiFi6路由器。",支持,支持,支持,2.4GHz和5GHz,,,,,,,,,,,,,,,,,,,,,,,,,,,,,,,,,,,,,,,,,,,,,,,,,,,,,,,,,,,,,,,,,,,,,,,,,,,,,,,,,,,,,,,,,,,,,,,,,,,,,,,,,,,,,,,,,,,,,,,,,,,,,,,,,,,,,,,,,,3D 备注：正面采用了超曲纳米微晶面板,,,支持,支持（屏内指纹），支持指纹解锁,支持,USB Type-C，USB 3.1 GEN1，支持DP1.2 备注：*USB 3.1 GEN1功能需搭配支持USB 3.1 GEN1的数据线（非标配，需另行购买）使用。*标配数据线支持USB 2.0。,支持11V/6A或10V/4A或10V/2.25A或10V/2A或9V/2A或5V/2A输出 备注：最大支持66W有线超级快充，需搭配原装超级快充充电器使用。实际充电功率会随不同场景智能变化，请以实际使用情况为准。,,支持,支持 备注：支持遥控发射，不支持自学习功能,支持 备注：支持遥控发射，不支持自学习功能,,USB Type-C,支持,支持（运营商和第三方软件） 备注：运营商功能因不同国家或地区运营商的支持情况而异，详情请咨询网络运营商。,支持,支持,,X轴线性马达,,电影模式/多镜录像/注视来电音量减弱/注视不熄屏/AI商旅助手/个人事务中心/状态互动AOD/纯净文件管理/多屏协同/有线投屏/无线投屏/荣耀分享/换机克隆/名片扫描/智慧多窗/YOYO智慧语音/智慧视觉/智慧识屏/情景智能/AI 字幕/支付保护中心/应用权限最小化/应用锁/应用分身/隐私空间/密码保险箱/备份与恢复/服务维修模式/深色模式/电子书模式,手势导航（默认）、屏幕内三键导航、悬浮导航,支持3D人脸识别,1300万像素广角摄像头（f/2.4光圈）+ 3D深感摄像头 备注：不同拍照模式的照片像素可能有差异，请以实际为准,最大可支持3840×2160像素 备注：不同拍摄模式的视频像素可能有差异，请以实际为准。,最大可支持 4160×3120像素 备注：不同拍照模式的照片像素可能有差异，请以实际为准。,最大支持4K（3840 × 2160）视频录制，支持EIS防抖,5000万像素广角摄像头(f/1.9光圈，OIS光学防抖) + 6400万像素黑白摄像头(f/1.8光圈) +6400万像素潜望式长焦摄像头(f/3.5光圈，OIS光学防抖) +6400万像素超广角摄像头(f/2.4光圈) 备注：不同拍照模式的照片像素可能有差异，请以实际为准。,支持3.5倍光学变焦（3.5倍变焦为近似值，镜头焦段分别为11mm，23mm，26mm，90mm）、10倍混合变焦（三个摄像头通过不同组合实现各种环境下出色的10倍变焦效果）、100倍数字变焦 备注：不同模式下可能有差异，请以实际为准。,最大可支持 3840 × 2160像素 备注：不同拍摄模式的视频像素可能有差异，请以实际为准。,最大可支持8192×6144 像素 备注：不同拍照模式的照片像素可能有差异，请以实际为准。,最大支持4K（3840×2160）视频录制，支持EIS视频防抖,前置摄像头：人像模式、滤镜、笑脸抓拍、自拍镜像、声控拍照、定时拍摄、手势拍照,电子防抖/光学防抖 备注：长焦摄像头拍照预览防抖支持OIS+EIS，录像防抖支持EIS,,,,,,,,,,1×Cortex-X1 3.0GHz + 3×Cortex-A78 2.42GHz+ 4×Cortex-A55 1.8GHz 备注：CPU实际主频最高可达2.995GHz,骁龙888 Plus,八核,Adreno 660,,支持,3gp/mp4,DTS:X® Ultra音效,mp3/mp4/3gp/ogg/amr/aac/flac/wav/midi,9.94mm,74.9mm,约236克（含电池） 备注：实际尺寸/重量依配置、制造工艺、测量方法的不同可能有所差异。,162.8mm,,,456 PPI 备注：像素密度根据屏幕尺寸计算得出，为近似值，请以实际使用为准,FHD+ 2772 × 1344 像素 备注：该分辨率对应标准矩形，实际屏幕有效像素略少。,,,6.76英寸 备注：显示屏采用圆角设计，按照标准矩形测量时，屏幕的对角线长度是 6.76 英寸（实际可视区域略小）。,,,OLED，最高支持120Hz刷新率,真10.7亿色，DCI-P3广色域,多点触控，最多支持10点触控,"支持50W无线超级快充，支持无线反向充电。 备注：
*支持最大50W无线快充 
*无线充电底座需另行购买。",,支持,4600mAh（典型值） 备注：电池额定容量为 4500mAh,锂离子聚合物电池,Magic UI 5.0（基于Android 11）,"支持联通/电信5G/4G+/4G/3G/2G，移动 5G/4G+/4G/2G，广电5G/4G+/4G 备注：
*主卡指双卡管理中开通默认移动数据的卡。
*卡槽1、2可以任意切换为默认移动数据卡。
*如果两张都是电信卡，副卡（非默认移动数据卡）必须开通电信VoLTE业务，才能同时使用电信双卡。
*5G/4G网络使用，需要根据运营商网络和相关业务部署情况确定是否支持。",,,,,支持 GPS (L1+L5)/AGPS/GLONASS/北斗 (B1I+B1C+B2a三频)/ 伽利略 (E1 + E5a双频),BT5.2，支持BLE、SBC、AAC、LDAC、APTX、APTX HD
荣耀Magic3 Pro,Magic系列,,honor-magic3-pro-series,https://www.honor.com/cn/phones/honor-magic3-pro-series/,63,"支持读卡器模式, 点对点模式, 卡模拟模式（钱包支付，SIM卡支付*，HCE支付） 备注： * SIM卡支付所使用的SIM卡只能放在SIM1卡槽。",,,支持（反向供电时最大输出电流1A/5V）,,支持,,,,,,,,,"802.11 a/b/g/n/ac/ax,2x2 MIMO,HE160 备注：需要相应的路由器支持；需要搭配 160MHz带宽的WiFi6路由器。",支持,支持,支持,2.4GHz和5GHz,,,,,,,,,,,,,,,,,,,,,,,,,,,,,,,,,,,,,,,,,,,,,,,,,,,,,,,,,,,,,,,,,,,,,,,,,,,,,,,,,,,,,,,,,,,,,,,,,,,,,,,,,,,,,,,,,,,,,,,,,,,,,,,,,,,,,,,,,,,,电影模式/多镜录像/注视来电音量减弱/注视不熄屏/AI商旅助手/个人事务中心/状态互动AOD/纯净文件管理/多屏协同/有线投屏/无线投屏/荣耀分享/换机克隆/名片扫描/智慧多窗/YOYO智慧语音/智慧视觉/智慧识屏/情景智能/AI 字幕/支付保护中心/应用权限最小化/应用锁/应用分身/隐私空间/密码保险箱/备份与恢复/服务维修模式/深色模式/电子书模式,支持,支持（屏内指纹），支持指纹解锁,支持,USB Type-C，USB 3.1 GEN1，支持DP1.2 备注：*USB 3.1 GEN1功能需搭配支持USB 3.1 GEN1的数据线（非标配，需另行购买）使用。*标配数据线支持USB 2.0。,支持11V/6A或10V/4A或10V/2.25A或10V/2A或9V/2A或5V/2A输出 备注：最大支持66W有线超级快充，需搭配原装超级快充充电器使用。实际充电功率会随不同场景智能变化，请以实际使用情况为准。,,支持,支持 备注：支持遥控发射，不支持自学习功能,支持 备注：支持遥控发射，不支持自学习功能,,USB Type-C 备注： 支持Type-C模拟和数字耳机,支持,支持（运营商和第三方软件） 备注：运营商功能因不同国家或地区运营商的支持情况而异，详情请咨询网络运营商。,支持,支持,,X轴线性马达,,电影模式/多镜录像/注视来电音量减弱/注视不熄屏/AI商旅助手/个人事务中心/状态互动AOD/纯净文件管理/多屏协同/有线投屏/无线投屏/荣耀分享/换机克隆/名片扫描/智慧多窗/YOYO智慧语音/智慧视觉/智慧识屏/情景智能/AI 字幕/支付保护中心/应用权限最小化/应用锁/应用分身/隐私空间/密码保险箱/备份与恢复/服务维修模式/深色模式/电子书模式,手势导航（默认）、屏幕内三键导航、悬浮导航,支持3D人脸识别,1300万像素广角摄像头（f/2.4光圈）+ 3D深感摄像头 备注：不同拍照模式的照片像素可能有差异，请以实际为准,最大可支持3840×2160像素 备注：不同拍摄模式的视频像素可能有差异，请以实际为准。,最大可支持 4160×3120像素 备注：不同拍照模式的照片像素可能有差异，请以实际为准。,最大支持4K（3840 × 2160）视频录制，支持EIS防抖,5000万像素广角摄像头(f/1.9光圈) + 6400万像素黑白摄像头(f/1.8光圈) +6400万像素潜望式长焦摄像头(f/3.5光圈，OIS光学防抖) +1300万像素超广角摄像头(f/2.2光圈) 备注：不同拍照模式的照片像素可能有差异，请以实际为准。,支持3.5倍光学变焦（3.5倍变焦为近似值，镜头焦段分别为13mm，23mm，26mm，90mm）、10倍混合变焦（三个摄像头通过不同组合实现各种环境下出色的10倍变焦效果）、100倍数字变焦 备注：不同模式下可能有差异，请以实际为准。,最大可支持 3840 × 2160像素 备注：不同拍摄模式的视频像素可能有差异，请以实际为准。,最大可支持8192×6144 像素 备注：不同拍照模式的照片像素可能有差异，请以实际为准。,最大支持4K（3840×2160）视频录制，支持EIS视频防抖,前置摄像头：人像模式、滤镜、笑脸抓拍、自拍镜像、声控拍照、定时拍摄、手势拍照,电子防抖/光学防抖 备注：长焦摄像头拍照预览防抖支持OIS+EIS，录像防抖支持EIS,,,,,,,,,,1×Cortex-X1 3.0GHz + 3×Cortex-A78 2.42GHz+ 4×Cortex-A55 1.8GHz 备注：CPU实际主频最高可达2.995GHz,骁龙888 Plus,八核,Adreno 660,,支持,mp3/mp4/3gp/ogg/amr/aac/flac/wav/midi,DTS:X® Ultra音效,mp3/mp4/3gp/ogg/amr/aac/flac/wav/midi,"玻璃版：8.99mm
素皮版：9.5mm",74.9mm,"玻璃版：约213克（含电池） 
素皮版：约212克（含电池） 备注：实际尺寸/重量依配置、制造工艺、测量方法的不同可能有所差异。",162.8mm,,,456 PPI 备注：像素密度根据屏幕尺寸计算得出，为近似值，请以实际使用为准,FHD+ 2772 × 1344 像素 备注：该分辨率对应标准矩形，实际屏幕有效像素略少。,,,6.76英寸 备注：显示屏采用圆角设计，按照标准矩形测量时，屏幕的对角线长度是 6.76 英寸（实际可视区域略小）。,,,OLED，最高支持120Hz刷新率,真10.7亿色，DCI-P3广色域,多点触控，最多支持10点触控,"支持50W无线超级快充，支持无线反向充电。 备注：
*支持最大50W无线快充 
*无线充电底座需另行购买",,手机支持最大11V/6A超级快充，兼容10V/4A或10V/2.25A超级快充，兼容10V/2A或9V/2A快充。手机同时支持50W无线超级快充，支持无线反向充电。 备注：最大支持66W有线超级快充，需搭配原装超级快充充电器使用。最大支持50W无线超级快充，需单独购买荣耀超级快充立式无线充电器2（Max 50W）或荣耀超级快充无线车充2（Max 50W）。实际充电功率会随不同场景智能变化，请以实际使用情况为准。,4600mAh（典型值） 备注：电池额定容量为 4500mAh,锂离子聚合物电池,Magic UI 5.0（基于Android 11）,"支持联通/电信5G/4G+/4G/3G/2G，移动 5G/4G+/4G/2G，广电5G/4G+/4G 备注：
*主卡指双卡管理中开通默认移动数据的卡。
*卡槽1、2可以任意切换为默认移动数据卡。
*如果两张都是电信卡，副卡（非默认移动数据卡）必须开通电信VoLTE业务，才能同时使用电信双卡。
*5G/4G网络使用，需要根据运营商网络和相关业务部署情况确定是否支持。",,,,,支持 GPS (L1+L5)/AGPS/GLONASS/北斗 (B1I+B1C+B2a三频)/ 伽利略 (E1 + E5a双频),BT5.2，支持BLE、SBC、AAC、LDAC、APTX、APTX HD
荣耀Magic3,Magic系列,,honor-magic3,https://www.honor.com/cn/phones/honor-magic3/,62,"支持读卡器模式, 点对点模式, 卡模拟模式（钱包支付，SIM卡支付*，HCE支付） 备注： * SIM卡支付所使用的SIM卡只能放在SIM1卡槽。",,,支持（反向供电时最大输出电流1A/5V）,,支持,,,,,,,,,支持,支持,支持,支持,"802.11 a/b/g/n/ac/ax,2x2 MIMO,HE160 备注：需要相应的路由器支持；需要搭配 160MHz带宽的WiFi6路由器。",,,,,,,,,,,,,,,,,,,,,,,,,,,,,,,,,,,,,,,,,,,,,,,,,,,,,,,,,,,,,,,,,,,,,,,,,,,,,,,,,,,,,,,,,,,,,,,,,,,,,,,,,,,,,,,,,,,,,,,,,,,,,,,,,,,,,,,,,,,,支持,支持,支持（屏内指纹），支持指纹解锁,支持,USB Type-C，USB 3.1 GEN1，支持DP1.2 备注：*USB 3.1 GEN1功能需搭配支持USB 3.1 GEN1的数据线（非标配，需另行购买）使用。*标配数据线支持USB 2.0。,支持11V/6A或10V/4A或10V/2.25A或10V/2A或9V/2A或5V/2A输出 备注：最大支持66W有线超级快充，需搭配原装超级快充充电器使用。实际充电功率会随不同场景智能变化，请以实际使用情况为准。,,支持,支持 备注：支持遥控发射，不支持自学习功能,支持 备注：支持遥控发射，不支持自学习功能,,USB Type-C,支持,支持（运营商和第三方软件） 备注：运营商功能因不同国家或地区运营商的支持情况而异，详情请咨询网络运营商。,支持,支持,,X轴线性马达,,电影模式/多镜录像/注视来电音量减弱/注视不熄屏/AI商旅助手/个人事务中心/状态互动AOD/纯净文件管理/多屏协同/有线投屏/无线投屏/荣耀分享/换机克隆/名片扫描/智慧多窗/YOYO智慧语音/智慧视觉/智慧识屏/情景智能/AI 字幕/支付保护中心/应用权限最小化/应用锁/应用分身/隐私空间/密码保险箱/备份与恢复/服务维修模式/深色模式/电子书模式,手势导航（默认）、屏幕内三键导航、悬浮导航,支持2D人脸识别,1300万像素广角摄像头（f/2.4光圈） 备注：不同拍照模式的照片像素可能有差异，请以实际为准,最大可支持3840×2160像素 备注：不同拍摄模式的视频像素可能有差异，请以实际为准。,最大可支持 4160×3120像素 备注：不同拍照模式的照片像素可能有差异，请以实际为准。,最大支持4K（3840 × 2160）视频录制，支持EIS防抖,5000万像素广角摄像头(f/1.9光圈) + 6400万像素黑白摄像头(f/1.8光圈) + 1300万像素超广角摄像头(f/2.2光圈) 备注：不同拍照模式的照片像素可能有差异，请以实际为准。,最大10倍数字变焦 备注：不同模式下可能有差异，请以实际为准。,最大可支持 3840 × 2160像素 备注：不同拍摄模式的视频像素可能有差异，请以实际为准。,最大可支持8192×6144 像素 备注：不同拍照模式的照片像素可能有差异，请以实际为准。,最大支持4K（3840×2160）视频录制，支持EIS视频防抖,前置摄像头：人像模式、滤镜、笑脸抓拍、自拍镜像、声控拍照、定时拍摄、手势拍照,电子防抖,,,,,,,,,,1×Cortex-X1 2.84GHz + 3×Cortex-A78 2.42GHz+ 4×Cortex-A55 1.8GHz,骁龙888,八核,Adreno 660,,支持,3gp/mp4,DTS:X® Ultra音效,mp3/mp4/3gp/ogg/amr/aac/flac/wav/midi,"玻璃版：8.99mm
素皮版：9.5mm",74.9mm,"玻璃版：约203克（含电池）
素皮版：约202克（含电池） 备注：实际尺寸/重量依配置、制造工艺、测量方法的不同可能有所差异。",162.8mm,,,456 PPI 备注：像素密度根据屏幕尺寸计算得出，为近似值，请以实际使用为准,FHD+ 2772 × 1344 像素 备注：该分辨率对应标准矩形，实际屏幕有效像素略少。,,,6.76英寸 备注：显示屏采用圆角设计，按照标准矩形测量时，屏幕的对角线长度是 6.76 英寸（实际可视区域略小）。,,,OLED，最高支持120Hz刷新率,真10.7亿色，DCI-P3广色域,多点触控，最多支持10点触控,,,手机支持最大11V/6A超级快充，兼容10V/4A或10V/2.25A超级快充，兼容10V/2A或9V/2A快充。 备注：实际充电功率会随不同场景智能变化，请以实际为准。,4600mAh（典型值） 备注：电池额定容量为 4500mAh,锂离子聚合物电池,Magic UI 5.0（基于Android 11）,"支持联通/电信5G/4G+/4G/3G/2G，移动 5G/4G+/4G/2G，广电5G/4G+/4G 备注：
*主卡指双卡管理中开通默认移动数据的卡。
*卡槽1、2可以任意切换为默认移动数据卡。
*如果两张都是电信卡，副卡（非默认移动数据卡）必须开通电信VoLTE业务，才能同时使用电信双卡。
*5G/4G网络使用，需要根据运营商网络和相关业务部署情况确定是否支持。",,,,,支持 GPS (L1+L5)/AGPS/GLONASS/北斗 (B1I+B1C+B2a三频)/ 伽利略 (E1 + E5a双频),2.4GHz和5GHz
荣耀500,数字系列,,honor-500,https://www.honor.com/cn/phones/honor-500/,48,"支持读/写模式、卡模拟模式（荣耀钱包，NFC-SIM，HCE） 备注：
1. NFC-SIM需放在SIM1卡槽使用。
2. NFC感应区在手机背部中上位置。",重力传感器、红外传感器、指纹传感器、陀螺仪、指南针、环境光传感器、接近光传感器、加速度传感器,,,,,,,,,,,,,,,,,,,,,,,,,,,,,,,,,,,,,,,,,,,,,,,,,,,,,,,,,,,,,,,,,,,,,,,,,,,,,,,,,,,,,,,,,,,,,,,,,,,,,,,,,,,,,,,,,,,,,,,,,,,,,,,,,,,,,,,,,,,,,,,,,,,,,,,,,,,,,,,,,,,,,,,,,,,,,,,AI换脸检测、隐私时刻、手机盾、密码保险箱、模糊位置、隐私空间、隐私助手、反诈防护、应用锁、支付保护中心、平行空间 备注：AI换脸检测仅支持视频通话和会议场景，不支持直播/在线视频和离线视频与图片检测。,"YOYO智能体、AI换脸识别、AI翻译、魔方个性化、魔法形象、互动主题、AI文档、AI笔记、灵动胶囊、魔法锁屏、荣耀任意门、全屏熄屏显示、桌面大文件夹自定义、YOYO记忆、平行空间、个人事务中心、YOYO助理、个性化锁屏、反诈防火墙、气息唤醒、YOYO建议、Magic 文本、OS Turbo X、GPU Turbo X、智慧互联、智慧运存、语音控制呼叫、多屏协同、电脑模式、智慧视觉、智慧识屏、全屏翻译、语音翻译、AI字幕、智慧多窗、深色模式、电子书模式、状态互动AOD、纯净文件管理、荣耀分享、快捷启动及手势、应用分身、换机克隆、名片扫描、备份与恢复、服务维修模式 备注：
1. 快捷启动及手势：含指关节截屏、双指关节录屏、拿起手机亮屏、双击亮屏、双击熄屏、YOYO记忆、全局批注、翻转手机静音、拿起手机减弱音量、电源键唤醒智慧语音。
2. 智慧视觉：含智能抠图、文字提取、扫码、智能识别、翻译、文档扫描、卡证扫描。",手势导航（默认）、屏幕内三键导航、悬浮导航,支持2D人脸识别,5000万像素广角摄像头（f/2.0光圈） 备注：不同拍照模式的照片像素可能有差异，请以实际为准。,最大可支持3840x2160像素 备注：不同拍摄模式的视频像素可能有差异，请以实际为准。,最大可支持8192x6144像素 备注：不同拍照模式的照片像素可能有差异，请以实际为准。,最大支持4K（3840x2160）视频录制,"2亿像素广角摄像头（f/1.9光圈，支持OIS光学防抖）
1200万像素超广角微距摄像头（f/2.2光圈），支持自动对焦 备注：不同拍照模式的照片像素可能有差异，请以实际为准。",最大30倍数字变焦。 备注：不同模式下可能有差异，请以实际为准。,最大可支持3840x2160像素 备注：不同拍摄模式的视频像素可能有差异，请以实际为准。,最大可支持16384x12288像素 备注：不同拍照模式的照片像素可能有差异，请以实际为准。,最大支持4K（3840x2160）视频录制,动态照片、人像模式、夜景模式、滤镜、笑脸抓拍、自拍镜像、声控拍照、定时拍摄、手势拍照、高像素模式、自拍环形补光、多镜录像等,电子防抖、光学防抖,,,,,,,,,,1*Hunter-ELP(X4) 3.2GHz + 3*A720 3.0GHz + 2*A720 2.8GHz+ 2*A720 2.0GHz 备注：实际运行频率因应用负载智能调整。,第四代骁龙8s移动平台,八核,Adreno 825,VoIP/CS通话AI降噪、蓝牙耳机远程录音 备注：VoIP通话AI降噪和蓝牙耳机远程录音功能需配合相应的应用使用，请以实际体验为准。,支持,3gp、mp4,HONOR Sound,mp3、mp4、3gp、ogg、amr、aac、flac、wav、midi,7.75mm,74.2mm,约198克（含电池） 备注：实际尺寸/重量依配置、制造工艺、测量方法的不同可能有所差异。,155.8mm,800nits（典型值）1800nits（全局最大亮度）6000nits（峰值亮度） 备注：800nits典型值需OTA升级支持，6000nits局部峰值亮度仅在相应视频源全屏下生效。,,,FHD+ 2736x1264 像素 备注：该分辨率对应标准矩形，实际屏幕有效像素略少。,,,6.55英寸 备注：显示屏采用圆角设计，按照标准矩形测量屏幕的对角线长度为6.55英寸（实际可视区域略小）。,护眼统计、护眼监测、照明闪烁检测、3840Hz超高频PWM调光、离焦视力舒缓、干眼友好、护眼模式、类自然光护眼、助眠显示、硬件级低蓝光 备注：本产品非医疗器械，不具有治疗功能。,HDR显示（图片和视频）、超动态显示、臻彩显示,AMOLED,真10.7亿色，DCI-P3广色域,多点触控，最多支持10点触控,,支持,"80W荣耀超级快充
支持27W有线反向快充 备注：80W 荣耀超级快充，指充电器输出功率为 80W，实际充电功率会随不同场景智能变化，请以实际使用情况为准。需搭配原装有线超级快充充电器及原装充电线缆使用。
最大支持27W有线反向充电，支持对通过荣耀实验室测试的设备进行反向充电。",8000mAh（典型值） 备注：电池额定容量为 7800mAh。,锂离子聚合物电池（荣耀青海湖电池）,MagicOS 10（基于Android 16）,"支持移动 5GA/5G/4G+/4G/2G，电信 5GA/5G/4G+/4G，联通5GA/5G/4G+/4G/3G/2G，广电5GA/5G/4G+/4G
支持 4×4 MIMO天线技术 / 载波聚合技术 / HPUE / HO RxD
支持双卡双通 备注：1. 主卡指SIM卡管理中开通默认移动数据的卡。
2. 卡槽1、2可以任意切换为默认移动数据卡。
3. 如果两张都是电信卡，副卡（非默认移动数据卡）必须开通电信VoLTE业务，才能同时使用电信双卡。
4. 5G/4G网络使用，需要根据运营商网络和相关业务部署情况确定是否支持。
5. 双卡双通功能跟频段组合和网络覆盖相关。
6. 支持5G SA。",,,"支持Wi-Fi 7（802.11 be），Wi-Fi 6（802.11 ax）和802.11 a/b/g/n/ac
支持2x2 MIMO，MLO，4096 QAM，160MHz，MU-MIMO
支持2.4GHz和5GHz WLAN
支持WLAN热点、WLAN直连 备注：Wi-Fi 7需要搭配相应的Wi-Fi 7路由器使用。","无线投屏
红外遥控
PC数据同步
视频通话（运营商和第三方软件）
OTG（反向供电时最大输出电流1A/5V）
数据线接口：USB Type-C，USB 2.0
耳机接口：USB Type-C 备注：
1. 红外遥控支持遥控发射，不支持自学习功能。
2. 运营商视频通话功能因不同国家或地区运营商的支持情况而异，详情请咨询网络运营商。
3. 标配数据线支持USB 2.0。
4. 仅支持 Type-C 数字耳机。","支持北斗（B1I+B1C+B2a+B2b四频）、GPS（L1+L5双频）、GLONASS（G1）、Galileo（E1+E5a+E5b三频）、QZSS（L1+L5双频）、NavIC（L1+L5双频）、A-GNSS
支持蜂窝网络定位、WLAN网络定位",BT6.0，支持低功耗蓝牙（BLE）、LE Audio、Auracast，支持SBC、AAC、LDAC、aptX、aptX HD、aptX Adaptive、aptX Lossless、LC3、LHDC5.0，支持ASHA、LE Audio助听器协议
荣耀400 Pro,数字系列,,honor-400-pro,https://www.honor.com/cn/phones/honor-400-pro/,50,"支持读/写模式、卡模拟模式（荣耀钱包，NFC-SIM，HCE） 备注：
1：NFC-SIM需放在SIM1卡槽使用。
2：NFC感应区在手机背部摄像头右侧。",重力传感器、红外传感器、指纹传感器、陀螺仪、指南针、环境光传感器、接近光传感器（非实体器件，使用超声代替）、加速度传感器,,,,,,,,,,,,,,,,,,,,,,,,,,,,,,,,,,,,,,,,,,,,,,,,,,,,,,,,,,,,,,,,,,,,,,,,,,,,,,,,,,,,,,,,,,,,,,,,,,,,,,,,,,,,,,,,,,,,,,,,,,,,,,,,,,,,,,,,,,,,,,,,,,,,,,,,,,,,,,,,,,,,,,,,,,,,,,,AI换脸检测、隐私时刻、手机盾、密码保险箱、模糊位置、隐私空间、隐私助手、反诈防护、应用锁、支付保护中心、平行空间 备注：仅支持视频通话场景AI换脸识别，不支持直播场景AI换脸识别。,"YOYO智能体、AI换脸识别、AI翻译、魔方个性化、魔法形象、互动主题、AI文档、AI笔记、灵动胶囊、魔法锁屏、荣耀任意门、全屏熄屏显示、桌面大文件夹自定义、收藏空间、平行空间、个人事务中心、YOYO助理、个性化锁屏、反诈防火墙、智慧识码、隔空滑动屏幕、隔空截屏、智能旋转屏幕和辅助拍照、气息唤醒、YOYO建议、Magic 文本、OS Turbo X、GPU Turbo X、智慧互联、智慧运存、语音控制呼叫、多屏协同、电脑模式、智慧视觉、智慧识屏、全屏翻译、语音翻译、AI字幕、智慧多窗、深色模式、电子书模式、状态互动AOD、纯净文件管理、注视不熄屏、注视来电音量减弱、荣耀分享、快捷启动及手势、应用分身、换机克隆、名片扫描、备份与恢复、服务维修模式 备注：1、快捷启动及手势：含指关节截屏、双指关节录屏、拿起手机亮屏、双击亮屏、双击熄屏、全局收藏、全局批注、翻转手机静音、拿起手机减弱音量、电源键唤醒智慧语音。
2、智慧视觉：含智能抠图、文字提取、扫码、智能识别、翻译、文档扫描、卡证扫描。",手势导航（默认）、屏幕内三键导航、悬浮导航,支持2D人脸识别,5000万像素广角摄像头（f/2.0光圈） 备注：不同拍照模式的照片像素可能有差异，请以实际为准。,最大可支持3840×2160像素 备注：不同拍照模式的照片像素可能有差异，请以实际为准。,最大可支持8192×6144像素 备注：不同拍照模式的照片像素可能有差异，请以实际为准。,最大支持4K（3840 × 2160）视频录制,"2亿像素广角摄像头(f/1.9光圈，支持OIS光学防抖) 
5000万像素长焦摄像头(f/2.4光圈，支持OIS光学防抖) 
1200万像素超广角微距摄像头(f/2.2光圈) ，支持自动对焦 备注：不同拍照模式的照片像素可能有差异，请以实际为准。",最大50倍数字变焦 备注：不同模式下可能有差异，请以实际为准。,最大可支持3840×2160像素 备注：不同拍照模式的照片像素可能有差异，请以实际为准。,最大可支持16384 x 12288像素 备注：不同拍照模式的照片像素可能有差异，请以实际为准。,最大可支持4K（3840 x 2160）像素,AI超级长焦、舞台模式、鹰眼精彩抓拍、鹰眼自动抓拍、雅顾人像艺术风格、胶片模拟、智能追焦、主角追焦、动态照片、延时摄影、AI摄影、广角、大光圈、多镜录像、夜景模式、人像模式（含美颜美妆）、专业模式、慢动作、全景、录像、HDR拍照、微电影、滤镜、水印、文档扫描、超级微距、笑脸抓拍、声控拍照、定时拍摄、智能广角、长焦画中画、月亮模式、超级夜景视频、连拍、高像素模式等,电子防抖、光学防抖,,,,,,,,,,1×Cortex-X4 3.3GHz+3×Cortex-A720 3.2GHz+2×Cortex-A720 3.0GHz+2×Cortex-A520 2.3GHz 备注：实际运行频率因应用负载智能调整。,第三代骁龙8移动平台,八核,Adreno 750,VoIP/CS通话AI降噪、蓝牙耳机远程录音 备注：VoIP通话AI降噪和蓝牙耳机远程录音功能需配合相应的应用使用，请以实际体验为准。,支持,3gp、mp4,HONOR Sound,mp3、mp4、3gp、ogg、amr、aac、flac、wav、midi,7.8mm,74.7mm,约204克（含电池） 备注：实际尺寸/重量依配置、制造工艺、测量方法的不同可能有所差异。,156.3mm,,铝硅玻璃,,FHD+ 2736x1264  像素 备注：该分辨率对应标准矩形，实际屏幕有效像素略少。,,,6.55英寸 备注：显示屏采用圆角设计，按照标准矩形测量屏幕的对角线长度为6.55英寸（实际可视区域略小）。,3840Hz超高频PWM调光、干眼友好、离焦视力舒缓、自然色彩显示、护眼模式、类自然光护眼、助眠显示 备注：本产品非医疗器械，不具有治疗功能。,HDR显示（图片和视频）、超动态显示、臻彩显示,AMOLED,真10.7亿色，DCI-P3广色域,多点触控，最多支持10点触控,支持50W荣耀无线超级快充，支持无线反向充电。 备注：最大支持50W无线超级快充，需单独购买荣耀超级快充无线充电器或无线车充。实际充电功率会随不同场景智能变化，请以实际使用情况为准。,支持,90W荣耀超级快充 备注：90W 荣耀超级快充，指充电器输出功率为 90W，实际充电功率会随不同场景智能变化，请以实际使用情况为准。需搭配原装有线超级快充充电器及原装充电线缆使用。,7200mAh（典型值） 备注：电池额定容量为 7020mAh。,锂离子聚合物电池（荣耀青海湖电池）,MagicOS 9.0（基于Android 15）,"支持移动 5GA/5G/4G+/4G/2G，电信 5GA/5G/4G+/4G，联通5GA/5G/4G+/4G/3G/2G，广电5GA/5G/4G+/4G
支持 4×4 MIMO天线技术 / 载波聚合技术 / HPUE / HO RxD
支持双卡双通 备注：
1、主卡指SIM卡管理中开通默认移动数据的卡。
2、卡槽1、2可以任意切换为默认移动数据卡。
3、如果两张都是电信卡，副卡（非默认移动数据卡）必须开通电信VoLTE业务，才能同时使用电信双卡。
4、5G/4G网络使用，需要根据运营商网络和相关业务部署情况确定是否支持。
5、双卡双通功能跟频段组合和网络覆盖相关。
6、支持5G SA。","荣耀优速通、环球行、智慧选网、Link Turbo X网络加速、双WLAN下载 备注：
1.荣耀优速通功能在网络拥塞下根据使用场景智能生效，且限期免费使用，该功能实现与运营业务部署相关，请以实际体验为准。
2. 双WLAN下载功能，在Wi-Fi限速场景下，会根据实际连接网络状态和使用业务智能启动，根据现场网络条件等差异，实际体验可能有所不同，请以实际使用情况为准。",,"支持Wi-Fi 7（802.11 be），Wi-Fi 6（802.11 ax）和802.11 a/b/g/n/ac
支持2x2 MIMO，MLO，4096 QAM，160MHz，MU-MIMO，2.4G&5G双路并发
支持2.4GHz和5GHz WLAN
支持WLAN热点、WLAN直连 备注：Wi-Fi 7需要搭配相应的Wi-Fi 7路由器使用。","无线投屏
红外遥控
PC数据同步
视频通话（运营商和第三方软件）
OTG（反向供电时最大输出电流1A/5V）
数据线接口：USB Type-C，USB 2.0
耳机接口：USB Type-C 备注：
1. 红外遥控支持遥控发射，不支持自学习功能。
2. 运营商视频通话功能因不同国家或地区运营商的支持情况而异，详情请咨询网络运营商。
3. 标配数据线支持USB 2.0。
4. 仅支持 Type-C 数字耳机。","支持北斗(B1I+B1C+B2a+B2b四频)、GPS(L1+L5双频)、GLONASS(G1)、Galileo(E1+E5a+E5b三频)、QZSS(L1+L5双频)、NavIC(L5)、A-GNSS
支持蜂窝网络定位、WLAN网络定位","BT5.4，支持低功耗蓝牙(BLE)，
支持SBC、AAC、LDAC、aptX、aptX HD、aptX Adaptive"
荣耀400,数字系列,,honor-400,https://www.honor.com/cn/phones/honor-400/,49,"支持读/写模式、卡模拟模式（荣耀钱包，NFC-SIM，HCE） 备注：
1：NFC-SIM需放在SIM1卡槽使用。
2：NFC感应区在手机背部摄像头右侧。",重力传感器、红外传感器、指纹传感器、陀螺仪、指南针、环境光传感器、接近光传感器（非实体器件，使用超声代替）、加速度传感器,,,,,,,,,,,,,,,,,,,,,,,,,,,,,,,,,,,,,,,,,,,,,,,,,,,,,,,,,,,,,,,,,,,,,,,,,,,,,,,,,,,,,,,,,,,,,,,,,,,,,,,,,,,,,,,,,,,,,,,,,,,,,,,,,,,,,,,,,,,,,,,,,,,,,,,,,,,,,,,,,,,,,,,,,,,,,,,AI换脸检测、隐私时刻、手机盾、密码保险箱、模糊位置、隐私空间、隐私助手、反诈防护、应用锁、支付保护中心、平行空间 备注：仅支持视频通话场景AI换脸识别，不支持直播场景AI换脸识别。,"YOYO智能体、AI换脸识别、AI翻译、魔方个性化、魔法形象、互动主题、AI文档、AI笔记、灵动胶囊、魔法锁屏、荣耀任意门、全屏熄屏显示、桌面大文件夹自定义、收藏空间、平行空间、个人事务中心、YOYO助理、个性化锁屏、反诈防火墙、智慧识码、气息唤醒、YOYO建议、Magic 文本、OS Turbo X、GPU Turbo X、智慧互联、智慧运存、语音控制呼叫、多屏协同、电脑模式、智慧视觉、智慧识屏、全屏翻译、语音翻译、AI字幕、智慧多窗、深色模式、电子书模式、状态互动AOD、纯净文件管理、荣耀分享、快捷启动及手势、应用分身、换机克隆、名片扫描、备份与恢复、服务维修模式 备注：1、快捷启动及手势：含指关节截屏、双指关节录屏、拿起手机亮屏、双击亮屏、双击熄屏、全局收藏、全局批注、翻转手机静音、拿起手机减弱音量、电源键唤醒智慧语音。
2、智慧视觉：含智能抠图、文字提取、扫码、智能识别、翻译、文档扫描、卡证扫描。",手势导航（默认）、屏幕内三键导航、悬浮导航,支持2D人脸识别,5000万像素广角摄像头（f/2.0光圈） 备注：不同拍照模式的照片像素可能有差异，请以实际为准。,最大可支持3840×2160像素 备注：不同拍照模式的照片像素可能有差异，请以实际为准。,最大可支持8192×6144像素 备注：不同拍照模式的照片像素可能有差异，请以实际为准。,最大支持4K（3840 × 2160）视频录制,2亿像素广角摄像头(f/1.9光圈，支持OIS光学防抖) +  1200万像素超广角微距摄像头(f/2.2光圈) ，支持自动对焦 备注：不同拍照模式的照片像素可能有差异，请以实际为准。,最大30倍数字变焦 备注：不同拍照模式的照片像素可能有差异，请以实际为准。,最大可支持3840×2160像素 备注：不同拍照模式的照片像素可能有差异，请以实际为准。,最大可支持16384 x 12288像素 备注：不同拍照模式的照片像素可能有差异，请以实际为准。,最大可支持4K（3840 x 2160）像素,AI超级长焦、雅顾人像艺术风格、胶片模拟、动态照片、延时摄影、AI摄影、广角、大光圈、多镜录像、夜景模式、人像模式（含美颜美妆）、专业模式、慢动作、全景、录像、HDR拍照、微电影、滤镜、水印、文档扫描、超级微距、笑脸抓拍、声控拍照、定时拍摄、智能广角、长焦画中画、月亮模式、连拍、高像素模式等,电子防抖,,,,,,,,,,1×Cortex-A720 2.8GHz + 4×Cortex-A720 2.4GHz + 3×Cortex-A520 1.8GHz 备注：实际运行频率因应用负载智能调整。,第四代骁龙7移动平台,八核,Adreno 722,VoIP/CS通话AI降噪、蓝牙耳机远程录音 备注：VoIP通话AI降噪和蓝牙耳机远程录音功能需配合相应的应用使用，请以实际体验为准。,支持,3gp、mp4,HONOR Sound,mp3、mp4、3gp、ogg、amr、aac、flac、wav、midi,7.8mm,74.7mm,约196克（含电池） 备注：实际尺寸/重量依配置、制造工艺、测量方法的不同可能有所差异。,156.3mm,,铝硅玻璃,,FHD+ 2736x1264  像素 备注：该分辨率对应标准矩形，实际屏幕有效像素略少。,,,6.55英寸 备注：显示屏采用圆角设计，按照标准矩形测量屏幕的对角线长度为6.55英寸（实际可视区域略小）。,3840Hz超高频PWM调光、离焦视力舒缓、护眼模式、类自然光护眼、助眠显示 备注：本产品非医疗器械，不具有治疗功能。,HDR显示（图片和视频）、超动态显示、臻彩显示,AMOLED,真10.7亿色，DCI-P3广色域,多点触控，最多支持10点触控,,支持,80W荣耀超级快充 备注：80W 荣耀超级快充，指充电器输出功率为 80W，实际充电功率会随不同场景智能变化，请以实际使用情况为准。需搭配原装有线超级快充充电器及原装充电线缆使用。,7200mAh（典型值） 备注：电池额定容量为 7020mAh。,锂离子聚合物电池（荣耀青海湖电池）,MagicOS 9.0（基于Android 15）,"支持移动 5GA/5G/4G+/4G/2G，电信 5GA/5G/4G+/4G，联通5GA/5G/4G+/4G/3G/2G，广电5GA/5G/4G+/4G
支持 4×4 MIMO天线技术 / 载波聚合技术 / HPUE / HO RxD
支持双卡双通 备注：
1、主卡指SIM卡管理中开通默认移动数据的卡。
2、卡槽1、2可以任意切换为默认移动数据卡。
3、如果两张都是电信卡，副卡（非默认移动数据卡）必须开通电信VoLTE业务，才能同时使用电信双卡。
4、5G/4G网络使用，需要根据运营商网络和相关业务部署情况确定是否支持。
5、双卡双通功能跟频段组合和网络覆盖相关。
6、支持5G SA。",荣耀优速通、环球行、智慧选网、Link Turbo X网络加速 备注：荣耀优速通功能在网络拥塞下根据使用场景智能生效，且限期免费使用，该功能实现与运营商业务部署相关，请以实际体验为准。,,"支持Wi-Fi 6（802.11 ax）和802.11 a/b/g/n/ac，
支持2x2 MIMO，4096 QAM，160MHz，MU-MIMO，
支持2.4GHz和5GHz，
WLAN 支持WLAN热点、WLAN直连","无线投屏
红外遥控
PC数据同步
视频通话（运营商和第三方软件）
OTG（反向供电时最大输出电流1A/5V）
数据线接口：USB Type-C，USB 2.0
耳机接口：USB Type-C 备注：
1. 红外遥控支持遥控发射，不支持自学习功能。
2. 运营商视频通话功能因不同国家或地区运营商的支持情况而异，详情请咨询网络运营商。
3. 标配数据线支持USB 2.0。
4. 仅支持 Type-C 数字耳机。","支持北斗(B1I+B1C)、GPS(L1)、GLONASS(G1)、Galileo(E1)、QZSS(L1)、NavIC(L1)、A-GNSS
支持蜂窝网络定位、WLAN网络定位",BT5.4，支持BLE、SBC、AAC、LDAC、aptX、aptX HD、aptX Adaptive
荣耀300 Ultra,数字系列,,honor-300-ultra,https://www.honor.com/cn/phones/honor-300-ultra/,48,,"重力传感器、红外传感器、超声波指纹传感器、陀螺仪、指南针、环境光传感器、接近光传感器（非实体器件，使用超声代替）、加速度传感器、线性马达

NFC
支持读/写模式、卡模拟模式（荣耀钱包，NFC-SIM，HCE） 备注：
1. NFC-SIM需放在SIM1卡槽使用。
2. NFC感应区在手机背部摄像头旁边位置。
3. 荣耀钱包OTA升级支持。",,,,,,,,,,,,,,,,,,,,,,,,,,,,,,,,,,,,,,,,,,,,,,,,,,,,,,,,,,,,,,,,,,,,,,,,,,,,,,,,,,,,,,,,,,,,,,,,,,,,,,,,,,,,,,,,,,,,,,,,,,,,,,,,,,,,,,,,,,,,,,,,,,,,,,,,,,,,,,,,,,,,,,,,,,,,,,,AI换脸检测、密码保险箱、模糊位置、隐私助手、平行空间、反诈防火墙、应用锁、支付保护中心、隐私时刻、工信部安全一级（提供了骚扰拦截、病毒查杀、权限管理等功能） 备注：仅支持视频通话场景AI换脸识别，不支持直播场景AI换脸识别。,"YOYO智能体、AI换脸识别、AI翻译、魔方个性化、魔法形象、AI文档、AI笔记、灵动胶囊、魔法锁屏、荣耀任意门、晕动舒缓显示、全屏熄屏显示、桌面大文件夹自定义、收藏空间、平行空间、个人事务中心、YOYO助理、个性化锁屏、反诈防火墙、智慧识码、隔空滑动屏幕、隔空截屏、智能旋转屏幕和辅助拍照、气息唤醒、YOYO建议、Magic 文本、OS Turbo X、GPU Turbo X、智慧互联、智慧运存、语音控制呼叫、多屏协同、电脑模式、智慧视觉、智慧识屏、全屏翻译、语音翻译、AI字幕、智慧多窗、深色模式、电子书模式、纯净文件管理、注视不熄屏、注视来电音量减弱、荣耀分享、快捷启动及手势、应用分身、换机克隆、名片扫描、备份与恢复、服务维修模式 备注：1. 快捷启动及手势：含指关节截屏、双指关节录屏、拿起手机亮屏、双击亮屏、全局收藏、全局批注、翻转手机静音、拿起手机减弱音量。
2. 智慧视觉：含智能抠图、文字提取、扫码、智能识别、翻译、文档扫描、卡证扫描。
3. YOYO智能体、晕动舒缓显示等需OTA升级支持。",手势导航（默认）、屏幕内三键导航、悬浮导航,支持2D人脸识别,5000万像素广角摄像头（f/2.1光圈） 备注：不同拍照模式的照片像素可能有差异，请以实际为准。,最大可支持3840x2160像素 备注：不同拍摄模式的视频像素可能有差异，请以实际为准。,最大可支持8192x6144像素 备注：不同拍照模式的照片像素可能有差异，请以实际为准。,最大支持4K（3840x2160）视频录制,"5000万像素广角摄像头(f/1.95光圈，支持OIS光学防抖)
5000万像素潜望式长焦摄像头（f/3.0光圈，支持OIS光学防抖）
1200万像素超广角微距摄像头（f/2.2光圈），支持自动对焦 备注：不同拍照模式的照片像素可能有差异，最高像素需进入“高像素”拍照模式体验，请以实际为准。",最大100倍数字变焦 备注：不同模式下可能有差异，请以实际为准。,最大可支持3840x2160像素 备注：不同拍摄模式的视频像素可能有差异，请以实际为准。,最大可支持8192x6144像素 备注：不同拍照模式的照片像素可能有差异，请以实际为准。,最大可支持4K（3840x2160）像素,动态照片、人像模式、自然美颜、经典美颜、滤镜、笑脸抓拍、自拍镜像、声控拍照、定时拍摄、手势拍照、夜景模式、水印模式、高像素模式、多镜录像,电子防抖、光学防抖,,,,,,,,,,1×Cortex-X4 3.0GHz+5×Cortex-A720 2.95GHz+2×Cortex-A520 2.0GHz 备注：实际运行频率因应用负载智能调整。,第三代骁龙8移动平台,八核,Adreno™750,,支持,3gp、mp4,HONOR Histen 7.3,mp3、mp4、3gp、ogg、amr、aac、flac、wav、midi,8.2 mm,75.3  mm,"素皮版：约198g（含电池）
玻璃版：约199g（含电池） 备注：墨岩黑是玻璃版，山茶白是素皮版。实际尺寸/重量依配置、制造工艺、测量方法的不同可能有所差异。",163.8 mm,"局部峰值亮度：4000nits
全局峰值亮度：1200nits",巨犀玻璃,,FHD+ 2700*1224像素 备注：该分辨率对应标准矩形，实际屏幕有效像素略少。,,,6.78英寸 备注：显示屏采用圆角设计，按照标准矩形测量时，屏幕的对角线长度是6.78英寸（实际可视区域略小）。,圆偏振光护眼、3840Hz PWM零风险调光、类自然光护眼、硬件级低蓝光、自然色彩显示、AI助眠显示、AI离焦护眼、AI干眼友好 备注：本产品非医疗器械，不具有治疗功能。,"显示技术：
HDR显示（图片和视频）、超动态显示、臻彩显示
显示认证：
德国莱茵TÜV圆偏振显示认证
德国莱茵TÜV全局护眼4.0认证
德国莱茵TÜV无频闪认证
帧享超高清认证 备注：该功能需要配合相应视频资源使用，请以实际体验为准。",AMOLED,真10.7亿色，DCI-P3广色域,多点触控，最多支持10点触控,80W荣耀无线超级快充，支持无线反向充电。 备注：最大支持80W无线超级快充，需单独购买充电规格不小于80W的荣耀超级快充无线充电器。实际充电功率会随不同场景智能变化，请以实际使用情况为准。,支持,100W荣耀超级快充 备注：最大支持100W有线超级快充，需搭配原装有线超级快充充电器及原装充电线缆使用。实际充电功率会随不同场景智能变化，请以实际使用情况为准。,5300mAh（典型值） 备注：电池额定容量为5170mAh（内置不可拆卸）。,锂离子聚合物电池（荣耀青海湖电池）,MagicOS 9.0（基于Android 15）,"支持移动 5G/4G+/4G/2G，电信 5G/4G+/4G，联通5G/4G+/4G/3G/2G，广电5G/4G+/4G 备注：
1. 主卡指SIM卡管理中开通默认移动数据的卡。
2. 卡槽1、2可以任意切换为默认移动数据卡。
3. 如果两张都是电信卡，副卡（非默认移动数据卡）必须开通电信VoLTE业务，才能同时使用电信双卡。
4. 5G/4G网络使用，需要根据运营商网络和相关业务部署情况确定是否支持。",,,"支持802.11 a/b/g/n/ac/ax/be，2x2 MIMO
支持2.4GHz和5GHz WLAN
支持WLAN热点、WLAN直连 备注：需要搭配相应的Wi-Fi7路由器使用。","无线投屏
红外遥控
PC数据同步
视频通话（运营商和第三方软件）
OTG（反向供电时最大输出电流1A/5V）
数据线接口：USB Type-C，USB 2.0
耳机接口：USB Type-C 备注：
1. 红外遥控支持遥控发射，不支持自学习功能。
2. 运营商视频通话功能因不同国家或地区运营商的支持情况而异，详情请咨询网络运营商。
3. 标配数据线支持USB 2.0。
4. 仅支持Type-C数字耳机。","支持北斗（B1I+B1C双频）、GPS、AGPS、Glonass、伽利略
支持蜂窝网络定位、WLAN网络定位",BT5.3，支持BLE、SBC、AAC、LDAC、APTX、APTX HD
荣耀300,数字系列,,honor-300,https://www.honor.com/cn/phones/honor-300/,46,,"重力传感器、红外传感器、指纹传感器、陀螺仪、指南针、环境光传感器、接近光传感器（非实体器件，使用超声代替）、加速度传感器

NFC
支持读/写模式、卡模拟模式（荣耀钱包，NFC-SIM，HCE） 备注：
1. NFC-SIM需放在SIM1卡槽使用。
2. NFC感应区在手机背部摄像头旁边位置。
3. 荣耀钱包OTA升级支持。",,,,,,,,,,,,,,,,,,,,,,,,,,,,,,,,,,,,,,,,,,,,,,,,,,,,,,,,,,,,,,,,,,,,,,,,,,,,,,,,,,,,,,,,,,,,,,,,,,,,,,,,,,,,,,,,,,,,,,,,,,,,,,,,,,,,,,,,,,,,,,,,,,,,,,,,,,,,,,,,,,,,,,,,,,,,,,,AI换脸检测、密码保险箱、模糊位置、隐私助手、平行空间、反诈防火墙、应用锁、支付保护中心、隐私时刻、工信部安全四级（提供了骚扰拦截、病毒查杀、权限管理等功能） 备注：仅支持视频通话场景AI换脸识别，不支持直播场景AI换脸识别。,"YOYO智能体、AI换脸识别、AI翻译、魔方个性化、魔法形象、AI文档、AI笔记、灵动胶囊、魔法锁屏、荣耀任意门、晕动舒缓显示、全屏熄屏显示、桌面大文件夹自定义、收藏空间、平行空间、个人事务中心、YOYO助理、个性化锁屏、反诈防火墙、智慧识码、气息唤醒、YOYO建议、Magic 文本、OS Turbo X、GPU Turbo X、智慧互联、智慧运存、语音控制呼叫、多屏协同、电脑模式、智慧视觉、智慧识屏、全屏翻译、语音翻译、AI字幕、智慧多窗、深色模式、电子书模式、纯净文件管理、荣耀分享、快捷启动及手势、应用分身、换机克隆、名片扫描、备份与恢复、服务维修模式 备注：1. 快捷启动及手势：含指关节截屏、双指关节录屏、拿起手机亮屏、双击亮屏、全局收藏、全局批注、翻转手机静音、拿起手机减弱音量。
2. 智慧视觉：含智能抠图、文字提取、扫码、智能识别、翻译、文档扫描、卡证扫描。
3. YOYO智能体、晕动舒缓显示、魔法形象等需OTA升级支持。",手势导航（默认）、屏幕内三键导航、悬浮导航,支持2D人脸识别,5000万像素广角摄像头（f/2.1光圈） 备注：不同拍照模式的照片像素可能有差异，请以实际为准。,最大可支持3840x2160像素 备注：不同拍摄模式的视频像素可能有差异，请以实际为准。,最大可支持8192x6144像素 备注：不同拍照模式的照片像素可能有差异，请以实际为准。,最大支持4K（3840x2160）视频录制,"5000万像素广角摄像头（f/1.95光圈，支持OIS光学防抖）
1200万像素超广角微距摄像头（f/2.2光圈），支持自动对焦 备注：不同拍照模式的照片像素可能有差异，最高像素需进入“高像素”拍照模式体验，请以实际为准。",最大20倍数字变焦 备注：不同模式下可能有差异，请以实际为准。,最大可支持3840x2160像素 备注：不同拍摄模式的视频像素可能有差异，请以实际为准。,最大可支持8192x6144像素 备注：不同拍照模式的照片像素可能有差异，请以实际为准。,最大可支持4K（3840x2160）像素,动态照片、人像模式、自然美颜、经典美颜、滤镜、笑脸抓拍、自拍镜像、声控拍照、定时拍摄、手势拍照、夜景模式、水印模式、高像素模式、多镜录像,电子防抖、光学防抖,,,,,,,,,,1×Cortex-A715 2.63GHz + 3×Cortex-A715 2.4GHz + 4×Cortex-A510 1.8GHz 备注：实际运行频率因应用负载智能调整。,第三代骁龙7移动平台,八核,Adreno™720,,支持,3gp、mp4,HONOR Histen 7.3,mp3、mp4、3gp、ogg、amr、aac、flac、wav、midi,6.97 mm,74.2 mm,约175g（含电池） 备注：实际尺寸/重量依配置、制造工艺、测量方法的不同可能有所差异。,161 mm,"局部峰值亮度：4000nits
全局峰值亮度：1200nits",,,FHD+ 2664*1200像素 备注：该分辨率对应标准矩形，实际屏幕有效像素略少。,,,6.7英寸 备注：显示屏采用圆角设计，按照标准矩形测量时，屏幕的对角线长度是6.7英寸（实际可视区域略小）。,3840Hz PWM零风险调光、类自然光护眼、硬件级低蓝光、AI助眠显示、AI离焦护眼 备注：本产品非医疗器械，不具有治疗功能。,"显示技术：
HDR显示（图片和视频）、超动态显示、臻彩显示
显示认证：
支持德国莱茵TÜV无频闪认证
帧享超高清认证 备注：该功能需要配合相应视频资源使用，请以实际体验为准。",AMOLED,真10.7亿色，DCI-P3广色域,多点触控，最多支持10点触控,,支持,100W荣耀超级快充 备注：最大支持100W有线超级快充，需搭配原装有线超级快充充电器及原装充电线缆使用。实际充电功率会随不同场景智能变化，请以实际使用情况为准。,5300mAh（典型值） 备注：电池额定容量为5200mAh（内置不可拆卸）。,锂离子聚合物电池（荣耀青海湖电池）,MagicOS 9.0（基于Android 15）,"支持移动 5G/4G+/4G/2G，电信 5G/4G+/4G，联通5G/4G+/4G/3G/2G，广电5G/4G+/4G 备注：
1. 主卡指SIM卡管理中开通默认移动数据的卡。
2. 卡槽1、2可以任意切换为默认移动数据卡。
3. 如果两张都是电信卡，副卡（非默认移动数据卡）必须开通电信VoLTE业务，才能同时使用电信双卡。
4. 5G/4G网络使用，需要根据运营商网络和相关业务部署情况确定是否支持。",,,"支持802.11 a/b/g/n/ac/ax，2x2 MIMO
支持2.4GHz和5GHz WLAN
支持WLAN热点、WLAN直连","无线投屏
红外遥控
PC数据同步
视频通话（运营商和第三方软件）
OTG（反向供电时最大输出电流1A/5V）
数据线接口：USB Type-C，USB 2.0
耳机接口：USB Type-C 备注：
1. 红外遥控支持遥控发射，不支持自学习功能。
2. 运营商视频通话功能因不同国家或地区运营商的支持情况而异，详情请咨询网络运营商。
3. 标配数据线支持USB 2.0。
4. 仅支持Type-C数字耳机。","支持北斗（B1I+B1C双频）、GPS、AGPS、Glonass、伽利略
支持蜂窝网络定位、WLAN网络定位",BT5.3，支持BLE、SBC、AAC、LDAC、APTX、APTX HD
荣耀300 Pro,数字系列,,honor-300-pro,https://www.honor.com/cn/phones/honor-300-pro/,47,,"重力传感器、红外传感器、指纹传感器、陀螺仪、指南针、环境光传感器、接近光传感器（非实体器件，使用超声代替）、加速度传感器、线性马达

NFC
支持读/写模式、卡模拟模式（荣耀钱包，NFC-SIM，HCE） 备注：
1. NFC-SIM需放在SIM1卡槽使用。
2. NFC感应区在手机背部摄像头旁边位置。
3. 荣耀钱包OTA升级支持。",,,,,,,,,,,,,,,,,,,,,,,,,,,,,,,,,,,,,,,,,,,,,,,,,,,,,,,,,,,,,,,,,,,,,,,,,,,,,,,,,,,,,,,,,,,,,,,,,,,,,,,,,,,,,,,,,,,,,,,,,,,,,,,,,,,,,,,,,,,,,,,,,,,,,,,,,,,,,,,,,,,,,,,,,,,,,,,AI换脸检测、密码保险箱、模糊位置、隐私助手、平行空间、反诈防火墙、应用锁、支付保护中心、隐私时刻、工信部安全一级（提供了骚扰拦截、病毒查杀、权限管理等功能） 备注：仅支持视频通话场景AI换脸识别，不支持直播场景AI换脸识别。,"YOYO智能体、AI换脸识别、AI翻译、魔方个性化、魔法形象、AI文档、AI笔记、灵动胶囊、魔法锁屏、荣耀任意门、晕动舒缓显示、全屏熄屏显示、桌面大文件夹自定义、收藏空间、平行空间、个人事务中心、YOYO助理、个性化锁屏、反诈防火墙、智慧识码、隔空滑动屏幕、隔空截屏、智能旋转屏幕和辅助拍照、气息唤醒、YOYO建议、Magic 文本、OS Turbo X、GPU Turbo X、智慧互联、智慧运存、语音控制呼叫、多屏协同、电脑模式、智慧视觉、智慧识屏、全屏翻译、语音翻译、AI字幕、智慧多窗、深色模式、电子书模式、纯净文件管理、注视不熄屏、注视来电音量减弱、荣耀分享、快捷启动及手势、应用分身、换机克隆、名片扫描、备份与恢复、服务维修模式 备注：1. 快捷启动及手势：含指关节截屏、双指关节录屏、拿起手机亮屏、双击亮屏、全局收藏、全局批注、翻转手机静音、拿起手机减弱音量。
2. 智慧视觉：含智能抠图、文字提取、扫码、智能识别、翻译、文档扫描、卡证扫描。
3. YOYO智能体、晕动舒缓显示等需OTA升级支持。",手势导航（默认）、屏幕内三键导航、悬浮导航,支持2D人脸识别,5000万像素广角摄像头（f/2.1光圈） 备注：不同拍照模式的照片像素可能有差异，请以实际为准。,最大可支持3840x2160像素 备注：不同拍摄模式的视频像素可能有差异，请以实际为准。,最大可支持8192x6144像素 备注：不同拍照模式的照片像素可能有差异，请以实际为准。,最大支持4K（3840x2160）视频录制,"5000万像素广角摄像头（f/1.95光圈，支持OIS光学防抖）
5000万像素长焦摄像头（f/2.4光圈，支持OIS光学防抖）
1200万像素超广角微距摄像头（f/2.2光圈），支持自动对焦 备注：不同拍照模式的照片像素可能有差异，最高像素需进入“高像素”拍照模式体验，请以实际为准。",最大50倍数字变焦 备注：不同模式下可能有差异，请以实际为准。,最大可支持3840x2160像素 备注：不同拍摄模式的视频像素可能有差异，请以实际为准。,最大可支持8192x6144像素 备注：不同拍照模式的照片像素可能有差异，请以实际为准。,最大可支持4K（3840x2160）像素,动态照片、人像模式、自然美颜、经典美颜、滤镜、笑脸抓拍、自拍镜像、声控拍照、定时拍摄、手势拍照、夜景模式、水印模式、高像素模式、多镜录像,电子防抖、光学防抖,,,,,,,,,,1×Cortex-X4 3.0GHz+5×Cortex-A720 2.95GHz+2×Cortex-A520 2.0GHz 备注：实际运行频率因应用负载智能调整。,第三代骁龙8移动平台,八核,Adreno™750,,支持,3gp、mp4,HONOR Histen 7.3,mp3、mp4、3gp、ogg、amr、aac、flac、wav、midi,8.2 mm,75.3 mm,约199g（含电池） 备注：实际尺寸/重量依配置、制造工艺、测量方法的不同可能有所差异。,163.8 mm,"局部峰值亮度：4000nits
全局峰值亮度：1200nits",,,FHD+ 2700*1224像素 备注：该分辨率对应标准矩形，实际屏幕有效像素略少。,,,6.78英寸 备注：显示屏采用圆角设计，按照标准矩形测量时，屏幕的对角线长度是6.78英寸（实际可视区域略小）。,3840Hz PWM零风险调光、类自然光护眼、硬件级低蓝光、自然色彩显示、AI助眠显示、AI离焦护眼、AI干眼友好 备注：本产品非医疗器械，不具有治疗功能。,"显示技术：
HDR显示（图片和视频）、超动态显示、臻彩显示
显示认证：
德国莱茵TÜV全局护眼3.0认证
德国莱茵TÜV无频闪认证
帧享超高清认证 备注：该功能需要配合相应视频资源使用，请以实际体验为准。",AMOLED,真10.7亿色，DCI-P3广色域,多点触控，最多支持10点触控,80W荣耀无线超级快充，支持无线反向充电。 备注：最大支持80W无线超级快充，需单独购买充电规格不小于80W的荣耀超级快充无线充电器。实际充电功率会随不同场景智能变化，请以实际使用情况为准。,支持,100W荣耀超级快充 备注：最大支持100W有线超级快充，需搭配原装有线超级快充充电器及原装充电线缆使用。实际充电功率会随不同场景智能变化，请以实际使用情况为准。,5300mAh（典型值） 备注：电池额定容量为5170mAh（内置不可拆卸）。,锂离子聚合物电池（荣耀青海湖电池）,MagicOS 9.0（基于Android 15）,"支持移动 5G/4G+/4G/2G，电信 5G/4G+/4G，联通5G/4G+/4G/3G/2G，广电5G/4G+/4G 备注：
1. 主卡指SIM卡管理中开通默认移动数据的卡。
2. 卡槽1、2可以任意切换为默认移动数据卡。
3. 如果两张都是电信卡，副卡（非默认移动数据卡）必须开通电信VoLTE业务，才能同时使用电信双卡。
4. 5G/4G网络使用，需要根据运营商网络和相关业务部署情况确定是否支持。",,,"支持802.11 a/b/g/n/ac/ax/be，2x2 MIMO
支持2.4GHz和5GHz WLAN
支持WLAN热点、WLAN直连 备注：需要搭配相应的Wi-Fi7路由器使用。","无线投屏
红外遥控
PC数据同步
视频通话（运营商和第三方软件）
OTG（反向供电时最大输出电流1A/5V）
数据线接口：USB Type-C，USB 2.0
耳机接口：USB Type-C 备注：
1. 红外遥控支持遥控发射，不支持自学习功能。
2. 运营商视频通话功能因不同国家或地区运营商的支持情况而异，详情请咨询网络运营商。
3. 标配数据线支持USB 2.0。
4. 仅支持Type-C数字耳机。","支持北斗（B1I+B1C双频）、GPS、AGPS、Glonass、伽利略
支持蜂窝网络定位、WLAN网络定位",BT5.3，支持BLE、SBC、AAC、LDAC、APTX、APTX HD
荣耀200 Pro,数字系列,,honor-200-pro,https://www.honor.com/cn/phones/honor-200-pro/,60,"支持读/写模式、卡模拟模式（荣耀卡包，NFC-SIM，HCE） 备注：
*NFC-SIM需放在SIM1卡槽使用
*NFC感应区在手机背部摄像头右侧",,,支持（反向供电时最大输出电流1A/5V）,,支持,,,,,,,,,802.11 a/b/g/n/ac/ax，2x2 MIMO,支持,支持,支持,2.4GHz和5GHz,,,,,,,,,,,,,,,,,,,,,,,,,,,,,,,,,,,,,,,,,,,,,,,,,,,,,,,,,,,,,,,,,,,,,,,,,,,,,,,,,,,,,,,,,,,,,,,,,,,,,,,,,,,,,,,,,,,,,,,,,,,,,,,,,,,,,,,,,,,,支持无线投屏,支持,支持（屏内指纹），支持指纹解锁,非实体器件，使用超声代替,USB Type-C，USB 2.0 备注：标配数据线支持USB 2.0。,,,支持,支持,支持,,USB Type-C,支持,支持（运营商和第三方软件） 备注：运营商功能因不同国家或地区运营商的支持情况而异，详情请咨询网络运营商。,支持,支持,,,,一键大片、图库语义搜索、灵动胶囊、魔法锁屏、任意门、全屏熄屏显示、桌面大文件夹自定义、收藏空间、平行空间、个人事务中心、YOYO助理、个性化锁屏、反诈防火墙、智慧识码、隔空滑动屏幕、隔空截屏、智能旋转屏幕和辅助拍照、气息唤醒、YOYO建议、Magic 文本、OS Turbo X、GPU Turbo X、智慧互联、智慧运存、语音控制呼叫、多屏协同、电脑模式、智慧视觉、智慧识屏、全屏翻译、语音翻译、AI字幕、智慧多窗、深色模式、电子书模式、状态互动AOD、纯净文件管理、注视不熄屏、注视来电音量减弱、荣耀分享、快捷启动及手势、应用分身、换机克隆、名片扫描、备份与恢复、服务维修模式,,支持2D人脸识别,5000万像素广角摄像头（f/2.1光圈） 备注：不同模式的照片和视频的像素可能有差异，请以实际为准。,最大可支持3840×2160像素 备注：不同拍摄模式的视频像素可能有差异，请以实际为准。,最大可支持8192×6144像素 备注：不同拍照模式的照片像素可能有差异，请以实际为准。,最大支持4K（3840×2160）视频录制,"5000万像素广角摄像头(f/1.9光圈，支持OIS光学防抖)
5000万像素长焦摄像头(f/2.4光圈，支持OIS光学防抖)
1200万像素超广角微距摄像头(f/2.2光圈) ，支持自动对焦 备注：不同模式的照片和视频的像素可能有差异，请以实际为准。",最大50倍数字变焦 备注：不同模式下可能有差异，请以实际为准。,最大可支持3840×2160像素 备注：不同拍摄模式的视频像素可能有差异，请以实际为准。,最大可支持8192×6144像素 备注：不同拍照模式的照片像素可能有差异，请以实际为准。,最大支持4K（3840×2160）视频录制,动态照片、人像模式、延时摄影、滤镜、笑脸抓拍、自拍镜像、声控拍照、定时拍摄、手势拍照、夜景模式、水印模式、高像素模式、多镜录像,光学防抖、电子防抖,,,,,,,,,,1×Cortex-X4 3.0GHz+4×Cortex-A720 2.8GHz+3×Cortex-A520 2.0GHz 备注：实际运行频率因应用负载智能调整。,第三代骁龙8s移动平台,八核,Adreno 735,,支持,3gp/mp4,HONOR Histen 7.1,mp3/mp4/3gp/ogg/amr/aac/flac/wav/midi,8.2 mm,75.2 mm,约199克（含电池） 备注：实际尺寸/重量依配置、制造工艺、测量方法的不同可能有所差异。,163.3 mm,,,,FHD+ 2700*1224  像素 备注：该分辨率对应标准矩形，实际屏幕有效像素略少。,,,6.78英寸 备注：显示屏采用圆角设计，按照标准矩形测量时，屏幕的对角线长度是 6.78英寸（实际可视区域略小）,3840Hz超高频PWM调光、护眼模式、类自然光护眼、助眠显示 备注：本产品非医疗器械，不具有治疗功能。,,AMOLED,真10.7亿色，DCI-P3广色域,多点触控，最多支持10点触控,66W荣耀无线超级快充，支持无线反向充电 备注：最大支持66W无线超级快充，需单独购买荣耀超级快充无线充电器或无线车充。实际充电功率会随不同场景智能变化，请以实际使用情况为准。,,"荣耀100W超级快充
手机支持最大20V/5A超级快充，兼容11V/6A或10V/4A超级快充。 备注：100W超级快充指充电器最高输出功率为100W。需搭配原装有线超级快充充电器与充电线使用，实际充电功率会随不同场景智能变化，请以实际使用情况为准。",5200mAh（典型值） 备注：电池额定容量为5100mAh。（内置不可拆卸）,锂离子聚合物电池（荣耀青海湖电池）,MagicOS 8.0（基于Android 14）,"支持移动/电信 5G/4G+/4G/2G，联通5G/4G+/4G/3G/2G，广电5G/4G+/4G 备注：
*主卡指SIM卡管理中开通默认移动数据的卡。
*卡槽1、2可以任意切换为默认移动数据卡。
*如果两张都是电信卡，副卡（非默认移动数据卡）必须开通电信VoLTE业务，才能同时使用电信双卡。
*5G/4G网络使用，需要根据运营商网络和相关业务部署情况确定是否支持。",,,,,支持 GPS/AGPS/GLONASS/北斗/ 伽利略,BT5.3，支持BLE、SBC、AAC、LDAC、APTX、APTX HD
荣耀200焕新版,数字系列,,honor-200,https://www.honor.com/cn/phones/honor-200/,59,"цФпцМБшп╗/хЖЩцибх╝ПуАБхНбцибцЛЯцибх╝Пя╝ИшНгшААхНбхМЕя╝МNFC-SIMя╝МHCEя╝Й хдЗц│ия╝Ъ
*NFC-SIMщЬАцФ╛хЬиSIM1хНбцз╜ф╜┐чФи
*NFCцДЯх║ФхМ║хЬицЙЛцЬ║шГМщГицСДхГПхд┤хП│ф╛з",,,цФпцМБя╝ИхПНхРСф╛ЫчФ╡цЧ╢цЬАхдзш╛УхЗ║чФ╡ц╡Б1A/5Vя╝Й,цФпцМБ,,,,,802.11 a/b/g/n/ac/axя╝М2x2 MIMO,цФпцМБ,цФпцМБ,цФпцМБ,2.4GHzхТМ5GHz,,,,,,,,,,,,,,,,,,,,,,,,,,,,,,,,,,,,,,,,,,,,,,,,,,,,,,,,,,,,,,,,,,,,,,,,,,,,,,цФпцМБ2Dф║║шД╕шпЖхИл,,,5000ф╕ЗхГПч┤ах╣┐шзТцСДхГПхд┤я╝Иf/2.1хЕЙхЬИя╝Й хдЗц│ия╝Ъф╕НхРМцибх╝ПчЪДчЕзчЙЗхТМшзЖщвСчЪДхГПч┤ахПпшГ╜цЬЙх╖ох╝Вя╝Мшп╖ф╗ехоЮщЩЕф╕║хЗЖуАВ,цЬАхдзхПпцФпцМБ3840├Ч2160хГПч┤а хдЗц│ия╝Ъф╕НхРМцЛНцСДцибх╝ПчЪДшзЖщвСхГПч┤ахПпшГ╜цЬЙх╖ох╝Вя╝Мшп╖ф╗ехоЮщЩЕф╕║хЗЖуАВ,цЬАхдзхПпцФпцМБ8192├Ч6144хГПч┤а хдЗц│ия╝Ъф╕НхРМцЛНчЕзцибх╝ПчЪДчЕзчЙЗхГПч┤ахПпшГ╜цЬЙх╖ох╝Вя╝Мшп╖ф╗ехоЮщЩЕф╕║хЗЖуАВ,цЬАхдзцФпцМБ4Kя╝И3840├Ч2160я╝ЙшзЖщвСх╜ХхИ╢,7.7 mm,"5000ф╕ЗхГПч┤ах╣┐шзТцСДхГПхд┤(f/1.95хЕЙхЬИя╝МцФпцМБOISхЕЙхнжщШ▓цКЦ) 
5000ф╕ЗхГПч┤ащХ┐чДжцСДхГПхд┤(f/2.4хЕЙхЬИя╝МцФпцМБOISхЕЙхнжщШ▓цКЦ) 
1200ф╕ЗхГПч┤аш╢Ех╣┐шзТх╛ош╖ЭцСДхГПхд┤(f/2.2хЕЙхЬИ) я╝МцФпцМБшЗкхКихп╣чДж хдЗц│ия╝Ъф╕НхРМцибх╝ПчЪДчЕзчЙЗхТМшзЖщвСчЪДхГПч┤ахПпшГ╜цЬЙх╖ох╝Вя╝Мшп╖ф╗ехоЮщЩЕф╕║хЗЖуАВ",цЬАхдз50хАНцХ░хнЧхПШчДж хдЗц│ия╝Ъф╕НхРМцибх╝Пф╕ЛхПпшГ╜цЬЙх╖ох╝Вя╝Мшп╖ф╗ехоЮщЩЕф╕║хЗЖуАВ,цЬАхдзхПпцФпцМБ3840├Ч2160хГПч┤а хдЗц│ия╝Ъф╕НхРМцЛНцСДцибх╝ПчЪДшзЖщвСхГПч┤ахПпшГ╜цЬЙх╖ох╝Вя╝Мшп╖ф╗ехоЮщЩЕф╕║хЗЖуАВ,цЬАхдзхПпцФпцМБ8192├Ч6144хГПч┤а хдЗц│ия╝Ъф╕НхРМцЛНчЕзцибх╝ПчЪДчЕзчЙЗхГПч┤ахПпшГ╜цЬЙх╖ох╝Вя╝Мшп╖ф╗ехоЮщЩЕф╕║хЗЖуАВ,цЬАхдзцФпцМБ4Kя╝И3840├Ч2160я╝ЙшзЖщвСх╜ХхИ╢,,цФпцМБ GPS/AGPS/GLONASS/хМЧцЦЧ/ ф╝╜хИйчХе,74.6 mm,,,FHD+ 2664*1200  хГПч┤а хдЗц│ия╝ЪшпехИЖш╛ичОЗхп╣х║ФцаЗхЗЖчЯйх╜вя╝МхоЮщЩЕх▒Пх╣ХцЬЙцХИхГПч┤ачХех░СуАВ,6.7шЛ▒хп╕ хдЗц│ия╝ЪцШ╛чд║х▒ПщЗЗчФихЬЖшзТшо╛шобя╝МцМЙчЕзцаЗхЗЖчЯйх╜вц╡ЛщЗПцЧ╢я╝Мх▒Пх╣ХчЪДхп╣шзТч║┐щХ┐х║жцШп 6.7шЛ▒хп╕я╝ИхоЮщЩЕхПпшзЖхМ║хЯЯчХех░Пя╝Й,3840Hzш╢ЕщлШщвСPWMш░ГхЕЙуАБцКдчЬ╝цибх╝ПуАБч▒╗шЗкчД╢хЕЙцКдчЬ╝уАБхКйчЬацШ╛чд║ хдЗц│ия╝ЪцЬмф║зхУБщЭЮхМ╗чЦЧхЩицв░я╝Мф╕НхЕ╖цЬЙц▓╗чЦЧхКЯшГ╜уАВ,,AMOLED,чЬЯ10.7ф║┐шЙ▓я╝МDCI-P3х╣┐шЙ▓хЯЯ,хдЪчВ╣шзжцОзя╝МцЬАхдЪцФпцМБ10чВ╣шзжцОз,цФпцМБцЧач║┐цКХх▒П,хКицАБчЕзчЙЗуАБф║║хГПцибх╝ПуАБх╗╢цЧ╢цСДх╜▒уАБц╗дщХЬуАБчмСшД╕цКУцЛНуАБшЗкцЛНщХЬхГПуАБхг░цОзцЛНчЕзуАБхоЪцЧ╢цЛНцСДуАБцЙЛхК┐цЛНчЕзуАБхдЬцЩпцибх╝ПуАБц░┤хН░цибх╝ПуАБщлШхГПч┤ацибх╝ПуАБхдЪщХЬх╜ХхГП,,цФпцМБ,цФпцМБя╝Их▒ПхЖЕцМЗч║╣я╝Йя╝МцФпцМБцМЗч║╣шзгщФБ,щЭЮхоЮф╜УхЩиф╗╢я╝Мф╜┐чФиш╢Ехг░ф╗гцЫ┐,MagicOS 8.0я╝ИхЯ║ф║ОAndroid 14я╝Й,USB Type-Cя╝МUSB 2.0 хдЗц│ия╝ЪцаЗщЕНцХ░цНоч║┐цФпцМБUSB 2.0уАВ,,,,"шНгшАА100Wш╢Еч║зх┐лхЕЕ
цЙЛцЬ║цФпцМБцЬАхдз20V/5Aш╢Еч║зх┐лхЕЕя╝МхЕ╝хо╣11V/6AцИЦ10V/4Aш╢Еч║зх┐лхЕЕуАВ хдЗц│ия╝Ъ100Wш╢Еч║зх┐лхЕЕцМЗхЕЕчФ╡хЩицЬАщлШш╛УхЗ║хКЯчОЗф╕║100WуАВщЬАцРнщЕНхОЯшгЕцЬЙч║┐ш╢Еч║зх┐лхЕЕхЕЕчФ╡хЩиф╕ОхЕЕчФ╡ч║┐ф╜┐чФия╝МхоЮщЩЕхЕЕчФ╡хКЯчОЗф╝ЪщЪПф╕НхРМхЬ║цЩпцЩ║шГ╜хПШхМЦя╝Мшп╖ф╗ехоЮщЩЕф╜┐чФицГЕхЖ╡ф╕║хЗЖуАВ",ф╕АщФохдзчЙЗуАБхЫ╛х║Ушпнф╣ЙцРЬч┤вуАБчБ╡хКишГ╢хЫКуАБщнФц│ХщФБх▒ПуАБф╗╗цДПщЧиуАБхЕих▒ПчЖДх▒ПцШ╛чд║уАБцбМщЭвхдзцЦЗф╗╢хд╣шЗкхоЪф╣ЙуАБцФ╢шЧПчй║щЧ┤уАБх╣│шбМчй║щЧ┤уАБф╕кф║║ф║ЛхКбф╕нх┐ГуАБYOYOхКйчРЖуАБф╕кцАзхМЦщФБх▒ПуАБхПНшпИщШ▓чБлхвЩуАБцЩ║цЕзшпЖчаБуАБц░ФцБпхФдщЖТуАБYOYOх╗║шооуАБMagic цЦЗцЬмуАБOS Turbo XуАБGPU Turbo XуАБцЩ║цЕзф║ТшБФуАБцЩ║цЕзш┐РхнШуАБшпнщЯ│цОзхИ╢хС╝хПлуАБхдЪх▒ПхНПхРМуАБчФ╡шДСцибх╝ПуАБцЩ║цЕзшзЖшзЙуАБцЩ║цЕзшпЖх▒ПуАБхЕих▒Пч┐╗шпСуАБшпнщЯ│ч┐╗шпСуАБAIхнЧх╣ХуАБцЩ║цЕзхдЪчкЧуАБц╖▒шЙ▓цибх╝ПуАБчФ╡хнРф╣жцибх╝ПуАБчК╢цАБф║ТхКиAODуАБч║пхЗАцЦЗф╗╢чобчРЖуАБшНгшААхИЖф║луАБх┐лцН╖хРпхКихПКцЙЛхК┐уАБх║ФчФихИЖш║луАБцНвцЬ║хЕЛщЪЖуАБхРНчЙЗцЙлцППуАБхдЗф╗╜ф╕ОцБвхдНуАБцЬНхКбч╗┤ф┐оцибх╝П,,цФпцМБ,5200mAhя╝ИхЕ╕хЮЛхА╝я╝Й хдЗц│ия╝ЪчФ╡ц▒ащвЭхоЪхо╣щЗПф╕║5100mAhуАВя╝ИхЖЕч╜оф╕НхПпцЛЖхН╕я╝Й,щФВчж╗хнРшБЪхРИчЙйчФ╡ц▒ая╝ИшНгшААщЭТц╡╖ц╣ЦчФ╡ц▒ая╝Й,цФпцМБ,цФпцМБ,цФпцМБ,"цФпцМБчз╗хКи/чФ╡ф┐б 5G/4G+/4G/2Gя╝МшБФщАЪ5G/4G+/4G/3G/2Gя╝Мх╣┐чФ╡5G/4G+/4G хдЗц│ия╝Ъ
*ф╕╗хНбцМЗSIMхНбчобчРЖф╕нх╝АщАЪщ╗Шшодчз╗хКицХ░цНочЪДхНбуАВ
*хНбцз╜1уАБ2хПпф╗еф╗╗цДПхИЗцНвф╕║щ╗Шшодчз╗хКицХ░цНохНбуАВ
*хжВцЮЬф╕дх╝ащГ╜цШпчФ╡ф┐бхНбя╝МхЙпхНбя╝ИщЭЮщ╗Шшодчз╗хКицХ░цНохНбя╝Йх┐Ещб╗х╝АщАЪчФ╡ф┐бVoLTEф╕ЪхКбя╝МцЙНшГ╜хРМцЧ╢ф╜┐чФичФ╡ф┐бхПМхНбуАВ
*5G/4Gч╜Сч╗Ьф╜┐чФия╝МщЬАшжБца╣цНош┐РшРехХЖч╜Сч╗ЬхТМчЫ╕хЕ│ф╕ЪхКбщГич╜▓цГЕхЖ╡чбохоЪцШпхРжцФпцМБуАВ",,USB Type-C,BT5.3я╝МцФпцМБBLEуАБSBCуАБAACуАБLDACуАБAPTXуАБAPTX HD,цФпцМБ,3gp/mp4,цФпцМБя╝Иш┐РшРехХЖхТМчммф╕ЙцЦ╣ш╜пф╗╢я╝Й хдЗц│ия╝Ъш┐РшРехХЖхКЯшГ╜хЫаф╕НхРМхЫ╜хо╢цИЦхЬ░хМ║ш┐РшРехХЖчЪДцФпцМБцГЕхЖ╡шАМх╝Вя╝МшпжцГЕшп╖хТишпвч╜Сч╗Ьш┐РшРехХЖуАВ,цФпцМБ,ч║ж187хЕЛя╝ИхРлчФ╡ц▒ая╝Й хдЗц│ия╝ЪхоЮщЩЕх░║хп╕/щЗНщЗПф╛ЭщЕНч╜оуАБхИ╢щАах╖ешЙ║уАБц╡ЛщЗПцЦ╣ц│ХчЪДф╕НхРМхПпшГ╜цЬЙцЙАх╖ох╝ВуАВ,,161.5 mm,хЕЙхнжщШ▓цКЦуАБчФ╡хнРщШ▓цКЦ,цФпцМБ,HONOR Histen 7.1,mp3/mp4/3gp/ogg/amr/aac/flac/wav/midi,,,,,,,,,,,,,,,,,,,,,,,,,,,,,,,,,,,,,,,,,,,,,,,1├ЧCortex-A715 2.63GHz + 3├ЧCortex-A715 2.4GHz + 4├ЧCortex-A510 1.8GHz хдЗц│ия╝ЪхоЮщЩЕш┐РшбМщвСчОЗхЫах║ФчФиш┤Яш╜╜цЩ║шГ╜ш░ГцХ┤уАВ,чммф╕Йф╗гщкБщ╛Щ7чз╗хКих╣│хП░,хЕлца╕,,,,Adreno 720,,,,,,,,,,,,,,,,,,,,,,,,,,,,,,,,,,
荣耀100 Pro,数字系列,,honor-100-pro,https://www.honor.com/cn/phones/honor-100-pro/,59,支持读卡器模式，卡模拟模式（SIM卡支付*，HCE支付） 备注：* SIM卡支付所使用的SIM卡只能放在SIM1卡槽。,,,支持（反向供电时最大输出电流1A/5V）,,支持,,,,,,,,,802.11 a/b/g/n/ac/ax，2x2 MIMO,支持,支持,支持,2.4GHz和5GHz,,,,,,,,,,,,,,,,,,,,,,,,,,,,,,,,,,,,,,,,,,,,,,,,,,,,,,,,,,,,,,,,,,,,,,,,,,,,,,,,,,,,,,,,,,,,,,,,,,,,,,,,,,,,,,,,,,,,,,,,,,,,,,,,,,,,,,,,,,,,支持无线投屏,支持,支持（屏内指纹），支持指纹解锁,非实体器件，使用超声代替,Type-C，支持USB 2.0,荣耀100W超级快充充电器,,支持,,,,USB Type-C,支持,支持（运营商和第三方软件） 备注：运营商功能因不同国家或地区运营商的支持情况而异，详情请咨询网络运营商。,支持,支持,,,,气息唤醒/助眠显示/HDR图片高动态显示/YOYO建议/Magic 文本/多镜录像/多屏协同/无线投屏/荣耀分享/换机克隆/名片扫描/智慧多窗/YOYO智慧语音/智慧视觉/智慧识屏/AI 字幕/支付保护中心/应用锁/应用分身/隐私空间/密码保险箱/备份与恢复/服务维修模式/深色模式/电子书模式,手势导航/屏幕内三键导航/悬浮导航,支持,索尼IMX816单反级写真镜头(5000万像素，f/2.0光圈，支持自动对焦) 备注：不同模式的照片和视频的像素可能有差异，请以实际为准。,最大可支持 3840×2160像素 备注：不同拍摄模式的视频像素可能有差异，请以实际为准。,最大可支持8128×6096 像素 备注：不同拍照模式的照片像素可能有差异，请以实际为准。,最大支持4K（3840×2160）视频录制，支持EIS防抖,"索尼IMX906单反级写真主摄（5000万像素，f/1.95光圈，支持OIS光学防抖）
112°超广角微距镜头（1200万像素，f/2.2光圈）
50倍长焦光学防抖镜头（3200万像素，f/2.4光圈，支持OIS光学防抖） 备注：不同模式的照片和视频的像素可能有差异，请以实际为准。",最大50倍数字变焦 备注：不同模式下可能有差异，请以实际为准。,后置摄像头：最大可支持 3840×2160像素 备注：不同拍摄模式的视频像素可能有差异，请以实际为准。,最大可支持8192×6144像素 备注：不同拍照模式的照片像素可能有差异，请以实际为准。,最大支持4K（3840×2160）视频录制，支持EIS+OIS视频防抖,动态照片、人像模式、延时摄影、夜景模式、滤镜、笑脸抓拍、自拍镜像、声控拍照、定时拍摄、手势拍照、水印模式、高像素模式等,电子防抖、光学防抖,,,,,,,,,,1×Cortex-X3 3.19GHz+2×Cortex-A715 2.8GHz+2×Cortex-A710 2.8GHz+3×Cortex-A510 2.0GHz 备注：实际运行频率因应用负载智能调整。,第二代骁龙8移动平台,八核,Adreno™ 740,,支持,3gp/mp4,HONOR Histen音效,mp3/mp4/3gp/ogg/amr/aac/flac/wav/midi,"玻璃版：8.2 mm
素皮版：8.5 mm",74.7 mm,约195克（含电池） 备注：实际尺寸/重量依配置、制造工艺、测量方法的不同可能有所差异。,163.7 mm,,,,2700×1224 像素 备注：该分辨率对应标准矩形，实际屏幕有效像素略少。,,,6.78英寸 备注：显示屏采用圆角设计，按照标准矩形测量时，屏幕的对角线长度是 6.78英寸（实际可视区域略小）,,,OLED,真10.7亿色，DCI-P3广色域,多点触控，最多支持10点触控,支持66W荣耀无线超级快充，支持无线反向充电。 备注：最大支持66W无线超级快充，需单独购买充电规格不小于66W的荣耀超级快充无线充电器。实际充电功率会随不同场景智能变化，请以实际使用情况为准。,,手机支持最大20V/5A超级快充，兼容11V/6A或10V/4A超级快充。手机同时支持66W无线超级快充，支持无线反向充电。 备注：最大支持100W有线超级快充，需搭配100W荣耀超级快充充电套装使用。最大支持66W无线超级快充，需单独购买充电规格不小于66W的荣耀超级快充无线充电器。实际充电功率会随不同场景智能变化，请以实际使用情况为准。,5000mAh（典型值） 备注：电池额定容量为4900mAh。,锂离子聚合物电池,MagicOS 7.2（基于Android 13）,"支持移动/电信5G/4G+/4G/2G，联通5G/4G+/4G/3G/2G，广电5G/4G+/4G 备注：*卡槽1, 2可以任意切换为默认移动数据卡。
*如果两张都是电信卡，副卡（非默认移动数据卡）必须开通电信VoLTE业务，才能同时使用电信双卡。 
*实际网络使用，需要根据运营商网络和相关业务部署情况确定是否支持。",,,,,支持 GPS/AGPS/GLONASS/北斗/伽利略/QZSS,Bluetooth 5.3，支持低功耗蓝牙、SBC、AAC、LDAC、APTX、APTX HD
荣耀100,数字系列,,honor-100,https://www.honor.com/cn/phones/honor-100/,58,支持读卡器模式，卡模拟模式（SIM卡支付*，HCE支付） 备注：* SIM卡支付所使用的SIM卡只能放在SIM1卡槽。,,,支持（反向供电时最大输出电流1A/5V）,,支持,,,,,,,,,802.11 a/b/g/n/ac/ax，2x2 MIMO,支持,支持,支持,2.4GHz和5GHz,,,,,,,,,,,,,,,,,,,,,,,,,,,,,,,,,,,,,,,,,,,,,,,,,,,,,,,,,,,,,,,,,,,,,,,,,,,,,,,,,,,,,,,,,,,,,,,,,,,,,,,,,,,,,,,,,,,,,,,,,,,,,,,,,,,,,,,,,,,,支持无线投屏,支持,支持（屏内指纹），支持指纹解锁,非实体器件，使用超声代替,Type-C，支持USB 2.0,荣耀100W超级快充充电器,,支持,,,,USB Type-C,支持,支持（运营商和第三方软件） 备注：运营商功能因不同国家或地区运营商的支持情况而异，详情请咨询网络运营商。,支持,支持,,,,气息唤醒/助眠显示/HDR图片高动态显示/YOYO建议/Magic 文本/多镜录像/多屏协同/无线投屏/荣耀分享/换机克隆/名片扫描/智慧多窗/YOYO智慧语音/智慧视觉/智慧识屏/AI 字幕/支付保护中心/应用锁/应用分身/隐私空间/密码保险箱/备份与恢复/服务维修模式/深色模式/电子书模式,手势导航/屏幕内三键导航/悬浮导航,支持,5000万像素写真镜头(f/2.1光圈) 备注：不同模式的照片和视频的像素可能有差异，请以实际为准。,最大可支持 3840×2160像素 备注：不同拍摄模式的视频像素可能有差异，请以实际为准。,最大可支持8192×6144 像素 备注：不同拍照模式的照片像素可能有差异，请以实际为准。,最大支持4K（3840×2160）视频录制，支持EIS防抖,"索尼IMX906单反级写真主摄（5000万像素，f/1.95光圈，支持OIS光学防抖）

112°超广角微距镜头（1200万像素，f/2.2光圈） 备注：不同模式的照片和视频的像素可能有差异，请以实际为准。",最大10倍数字变焦 备注：不同模式下可能有差异，请以实际为准。,后置摄像头：最大可支持 3840×2160像素 备注：不同拍摄模式的视频像素可能有差异，请以实际为准。,最大可支持8192×6144 像素 备注：不同拍照模式的照片像素可能有差异，请以实际为准。,最大支持4K（3840×2160）视频录制，支持EIS+OIS视频防抖,动态照片、人像模式、延时摄影、夜景模式、滤镜、笑脸抓拍、自拍镜像、声控拍照、定时拍摄、手势拍照、水印模式、高像素模式等,电子防抖、光学防抖,,,,,,,,,,1×Cortex-A715 2.63GHz+3×Cortex-A715 2.4GHz+4×Cortex-A510 1.8GHz 备注：实际运行频率因应用负载智能调整。,第三代骁龙7移动平台,八核,Adreno™ 720,,支持,3gp/mp4,HONOR Histen音效,mp3/mp4/3gp/ogg/amr/aac/flac/wav/midi,7.8 mm,74.1 mm,约183克（含电池） 备注：实际尺寸/重量依配置、制造工艺、测量方法的不同可能有所差异。,161.9 mm,,,,2664×1200 像素 备注：该分辨率对应标准矩形，实际屏幕有效像素略少。,,,6.7英寸 备注：显示屏采用圆角设计，按照标准矩形测量时，屏幕的对角线长度是 6.7英寸（实际可视区域略小）,,,OLED,真10.7亿色，DCI-P3广色域,多点触控，最多支持10点触控,,,手机支持最大20V/5A超级快充，兼容11V/6A或10V/4A超级快充。 备注：最大支持100W有线超级快充，需搭配100W荣耀超级快充充电套装使用。实际充电功率会随不同场景智能变化，请以实际使用情况为准。,5000mAh（典型值） 备注：电池额定容量为4900mAh。,锂离子聚合物电池,MagicOS 7.2（基于Android 13）,"支持移动/电信5G/4G+/4G/2G，联通5G/4G+/4G/3G/2G，广电5G/4G+/4G 备注：*卡槽1, 2可以任意切换为默认移动数据卡。
*如果两张都是电信卡，副卡（非默认移动数据卡）必须开通电信VoLTE业务，才能同时使用电信双卡。 
*实际网络使用，需要根据运营商网络和相关业务部署情况确定是否支持。",,,,,支持 GPS/AGPS/GLONASS/北斗/伽利略/QZSS,Bluetooth 5.3，支持低功耗蓝牙、SBC、AAC、LDAC、APTX、APTX HD
荣耀90 GT,数字系列,,honor-90-gt,https://www.honor.com/cn/phones/honor-90-gt/,62,支持读卡器模式，卡模拟（SIM卡支付*，HCE支付） 备注： SIM卡支付所使用的SIM卡只能放在SIM1卡槽。,,,支持（反向供电时最大输出电流1A/5V）,,支持,,,,,,,,,802.11 a/b/g/n/ac/ax，2x2 MIMO,支持,支持,支持,2.4GHz和5GHz,,,,,,,,,,,,,,,,,,,,,,,,,,,,,,,,,,,,,,,,,,,,,,,,,,,,,,,,,,,,,,,,,,,,,,,,,,,,,,,,,,,,,,,,,,,,,,,,,,,,,,,,,,,,,,,,,,,,,,,,,,,,,,,,,,,,,,,,支持,,,,支持,支持,支持（屏内指纹），支持指纹解锁,非实体器件，使用超声代替,"USB Type-C，USB 2.0 备注：
*标配数据线支持USB 2.0。",荣耀100W超级快充充电器,,支持,支持,支持,,USB Type-C,支持,支持（运营商和第三方软件） 备注：运营商功能因不同国家或地区运营商的支持情况而异，详情请咨询网络运营商。,支持,支持,,,,气息唤醒/助眠显示/HDR图片高动态显示/YOYO建议/Magic 文本/多镜录像/多屏协同/无线投屏/荣耀分享/换机克隆/名片扫描/智慧多窗/YOYO智慧语音/智慧视觉/智慧识屏/AI 字幕/支付保护中心/应用锁/应用分身/隐私空间/密码保险箱/备份与恢复/服务维修模式/深色模式/电子书模式,手势导航（默认）、屏幕内三键导航、悬浮导航,支持2D人脸识别,1600万像素摄像头（f/2.4光圈） 备注：不同拍照模式的照片像素可能有差异，请以实际为准。,最大可支持2520 × 1080像素 备注：不同拍摄模式的视频像素可能有差异，请以实际为准。,最大可支持4608×3456像素 备注：不同拍照模式的照片像素可能有差异，请以实际为准。,最大支持1080P（2520 × 1080）视频录制，支持EIS视频防抖,"索尼IMX906超大底旗舰主摄（5000万像素，f/1.95光圈，支持OIS光学防抖）
112°超广角微距镜头（1200万像素，f/2.2光圈） 备注：不同拍照模式的照片像素可能有差异，请以实际为准。",最大10倍数字变焦 备注：不同模式下可能有差异，请以实际为准。,最大可支持3840×2160像素 备注：不同拍摄模式的视频像素可能有差异，请以实际为准。,最大可支持8192×6144像素 备注：不同拍照模式的照片像素可能有差异，请以实际为准。,最大支持4K（3840×2160）视频录制，支持EIS+OIS视频防抖,动态照片、人像模式、延时摄影、夜景模式、滤镜、笑脸抓拍、自拍镜像、声控拍照、定时拍摄、手势拍照、水印模式、高像素模式等,电子防抖、光学防抖,,,,,,,,,,1×Cortex-X3 3.19GHz+2×Cortex-A715 2.8GHz+2×Cortex-A710 2.8GHz+3×Cortex-A510 2.0GHz 备注：实际运行频率因应用负载智能调整。,第二代骁龙8移动平台,八核,Adreno™ 740,,支持,3gp/mp4,HONOR Histen 7.1,mp3/mp4/3gp/ogg/amr/aac/flac/wav/midi,7.9 mm,74.2 mm,约185克（含电池） 备注：实际尺寸/重量依配置、制造工艺、测量方法的不同可能有所差异。,161 mm,,,,FHD+ 2664x1200像素 备注：该分辨率对应标准矩形，实际屏幕有效像素略少。,,5000000:1,6.7英寸 备注：显示屏采用圆角设计，按照标准矩形测量时，屏幕的对角线长度是 6.7 英寸（实际可视区域略小）。,,,AMOLED,真10.7亿色，DCI-P3广色域,多点触控，最多支持10点触控,,,"100W有线超级快充
支持最大100W（20V/5A）超级快充，兼容11V/6A，10V/4A超级快充。 备注：最大支持100W有线超级快充，需搭配100W荣耀超级快充充电套装使用。实际充电功率会随不同场景智能变化，请以实际使用情况为准。",5000mAh（典型值） 备注：电池额定容量为4900mAh（内置不可拆卸）。,锂离子聚合物电池,MagicOS 7.2 （基于Android 13）,"支持移动/电信 5G/4G+/4G/2G，联通5G/4G+/4G/3G/2G，广电5G/4G+/4G 备注：
*主卡指SIM卡管理中开通默认移动数据的卡。
*卡槽1、2可以任意切换为默认移动数据卡。
*如果两张都是电信卡，副卡（非默认移动数据卡）必须开通电信VoLTE业务，才能同时使用电信双卡。
*电信双卡时，副卡（非默认移动数据卡）不支持电信2G
*5G/4G网络使用，需要根据运营商网络和相关业务部署情况确定是否支持。",,,,,支持北斗（B1I+B1C双频）/GPS/AGPS/Glonass/伽利略,Bluetooth 5.3，支持低功耗蓝牙、SBC、AAC、LDAC、APTX、APTX HD
荣耀90 Pro,数字系列,,honor-90-pro,https://www.honor.com/cn/phones/honor-90-pro/,57,"支持读卡器模式, 卡模拟模式（钱包支付，SIM卡支付*，HCE支付） 备注：* SIM卡支付所使用的SIM卡只能放在SIM1卡槽。",,,支持（反向供电时最大输出电流1A/5V）,,支持,,,,,,,,,802.11 a/b/g/n/ac/ax，2x2 MIMO,支持,支持,支持,2.4GHz和5GHz,,,,,,,,,,,,,,,,,,,,,,,,,,,,,,,,,,,,,,,,,,,,,,,,,,,,,,,,,,,,,,,,,,,,,,,,,,,,,,,,,,,,,,,,,,,,,,,,,,,,,,,,,,,,,,,,,,,,,,,,,,,,,,,,,,,,,,,,,,,,支持无线投屏,支持,支持（屏内指纹），支持指纹解锁,非实体器件，使用超声代替,USB Type-C，USB 2.0,荣耀100W超级快充充电器 备注：附送的电源适配器规格 20V/5A MAX，手机实际支持 20V/4.5A MAX。,,支持,,,,USB Type-C,支持,支持（运营商和第三方软件） 备注：运营商功能因不同国家或地区运营商的支持情况而异，详情请咨询网络运营商。,支持,支持,,,,气息唤醒/助眠显示/HDR图片高动态显示/YOYO建议/Magic 文本/多镜录像/多屏协同/无线投屏/荣耀分享/换机克隆/名片扫描/智慧多窗/YOYO智慧语音/智慧视觉/智慧识屏/AI 字幕/支付保护中心/应用锁/应用分身/隐私空间/密码保险箱/备份与恢复/服务维修模式/深色模式/电子书模式,手势导航/屏幕内三键导航/悬浮导航,支持,5000万像素写真人像镜头(f/2.4光圈) + 200万像素景深镜头(f/2.4光圈) 备注：不同模式的照片和视频的像素可能有差异，请以实际为准。,前置摄像头：最大可支持 3840×2160像素 备注：不同拍摄模式的视频像素可能有差异，请以实际为准。,最大可支持 8160×6112 像素 备注：不同拍照模式的照片像素可能有差异，请以实际为准。,最大支持4K（3840×2160）视频录制，支持EIS防抖,"2亿像素超清大底主摄(f/1.9光圈) 
1200万像素超广角微距镜头(f/2.2光圈) 
3200万像素长焦人像镜头(f/2.4光圈，支持OIS光学防抖) 备注：不同模式的照片和视频的像素可能有差异，请以实际为准。",最大50倍数字变焦 备注：不同模式下可能有差异，请以实际为准。,最大可支持 3840×2160像素 备注：不同拍摄模式的视频像素可能有差异，请以实际为准。,最大可支持 16256×12192像素 备注：不同拍照模式的照片像素可能有差异，请以实际为准。,最大支持4K（3840×2160）视频录制，支持EIS视频防抖,动态照片、人像模式、延时摄影、夜景模式、滤镜、笑脸抓拍、自拍镜像、声控拍照、定时拍摄、手势拍照、水印模式、高像素模式等,电子防抖、光学防抖,,,,,,,,,,1×Cortex-X2 3.0GHz + 3×Cortex-A710 2.5GHz + 4×Cortex-A510 1.8GHz 备注：实际运行频率因应用负载智能调整。,第一代骁龙8+移动平台,八核,Adreno™ 730,,,3gp/mp4,HONOR Histen音效,mp3/mp4/3gp/ogg/amr/aac/flac/wav/midi,8.1 mm,74.8 mm,约192克（含电池） 备注：实际尺寸/重量依配置、制造工艺、测量方法的不同可能有所差异。,163.8mm,,,,2700×1224 像素 备注：该分辨率对应标准矩形，实际屏幕有效像素略少。,,,6.78英寸 备注：显示屏采用圆角设计，按照标准矩形测量时，屏幕的对角线长度是 6.78英寸（实际可视区域略小）,,,OLED,10.7亿色，DCI-P3广色域,多点触控，最多支持10点触控,,,手机支持最大20V/4.5A超级快充，兼容11V/6A超级快充。 备注：实际充电功率会随不同场景智能变化，请以实际为准。,5000mAh（典型值） 备注：电池额定容量为4900mAh。,锂离子聚合物电池,MagicOS 7.1（基于Android 13）,"支持移动/电信5G/4G+/4G/2G，联通5G/4G+/4G/3G/2G，广电5G/4G+/4G 备注：*卡槽1, 2可以任意切换为默认移动数据卡。
*如果两张都是电信卡，副卡（非默认移动数据卡）必须开通电信VoLTE业务，才能同时使用电信双卡。 
*实际网络使用，需要根据运营商网络和相关业务部署情况确定是否支持。",,,,,支持 GPS/AGPS/GLONASS/北斗/伽利略/QZSS,Bluetooth 5.2，支持低功耗蓝牙、SBC、AAC、LDAC、APTX、APTX HD
荣耀90,数字系列,,honor-90,https://www.honor.com/cn/phones/honor-90/,57,"支持读卡器模式, 卡模拟模式（钱包支付，SIM卡支付*，HCE支付） 备注：* SIM卡支付所使用的SIM卡只能放在SIM1卡槽。",,,支持（反向供电时最大输出电流1A/5V）,,支持,,,,,,,,,802.11 a/b/g/n/ac/ax，2x2 MIMO,支持,支持,支持,2.4GHz和5GHz,,,,,,,,,,,,,,,,,,,,,,,,,,,,,,,,,,,,,,,,,,,,,,,,,,,,,,,,,,,,,,,,,,,,,,,,,,,,,,,,,,,,,,,,,,,,,,,,,,,,,,,,,,,,,,,,,,,,,,,,,,,,,,,,,,,,,,,,,,,,支持无线投屏,支持,支持（屏内指纹），支持指纹解锁,非实体器件，使用超声代替,USB Type-C，USB 2.0,荣耀66W超级快充充电器,,支持,,,,USB Type-C,支持,支持（运营商和第三方软件） 备注：运营商功能因不同国家或地区运营商的支持情况而异，详情请咨询网络运营商。,支持,支持,,,,助眠显示/HDR图片高动态显示/YOYO建议/Magic 文本/多镜录像/多屏协同/无线投屏/荣耀分享/换机克隆/名片扫描/智慧多窗/YOYO智慧语音/智慧视觉/智慧识屏/AI 字幕/支付保护中心/应用锁/应用分身/隐私空间/密码保险箱/备份与恢复/服务维修模式/深色模式/电子书模式,手势导航/屏幕内三键导航/悬浮导航,支持,5000万像素写真人像镜头(f/2.4光圈) 备注：不同模式的照片和视频的像素可能有差异，请以实际为准。,前置摄像头：最大可支持 3840×2160像素 备注：不同拍摄模式的视频像素可能有差异，请以实际为准。,最大可支持 8160×6112 像素 备注：不同拍照模式的照片像素可能有差异，请以实际为准。,最大支持4K（3840×2160）视频录制，支持EIS防抖,"2亿像素超清大底主摄(f/1.9光圈) 
1200万像素超广角微距镜头(f/2.2光圈) 
200万像素景深镜头(f/2.4光圈) 备注：不同模式的照片和视频的像素可能有差异，请以实际为准。",最大10倍数字变焦 备注：不同模式下可能有差异，请以实际为准。,后置摄像头：最大可支持 3840×2160像素 备注：不同拍摄模式的视频像素可能有差异，请以实际为准。,最大可支持 16256×12192像素 备注：不同拍照模式的照片像素可能有差异，请以实际为准。,最大支持4K（3840×2160）视频录制，支持EIS视频防抖,动态照片、人像模式、延时摄影、夜景模式、滤镜、笑脸抓拍、自拍镜像、声控拍照、定时拍摄、手势拍照、水印模式、高像素模式等,电子防抖（EIS）,,,,,,,,,,1×Cortex-A710 2.5GHz + 3×Cortex-A710 2.36GHz + 4×Cortex-A510 1.8GHz 备注：实际运行频率因应用负载智能调整。,第一代骁龙7（增强版）移动平台,八核,Adreno™ 644,,,3gp/mp4,HONOR Histen音效,mp3/mp4/3gp/ogg/amr/aac/flac/wav/midi,7.8 mm,74.1 mm,约183克（含电池） 备注：实际尺寸/重量依配置、制造工艺、测量方法的不同可能有所差异。,161.9 mm,,,,2664×1200 像素 备注：该分辨率对应标准矩形，实际屏幕有效像素略少。,,,6.7英寸 备注：显示屏采用圆角设计，按照标准矩形测量时，屏幕的对角线长度是 6.7英寸（实际可视区域略小）,,,OLED,10.7亿色，DCI-P3广色域,多点触控，最多支持10点触控,,,手机支持最大超级快充11V/6A，兼容10V/4A超级快充。 备注：实际充电功率会随不同场景智能变化，请以实际为准。,5000mAh（典型值） 备注：电池额定容量为4900mAh。,锂离子聚合物电池,MagicOS 7.1（基于Android 13）,"支持移动/电信5G/4G+/4G/2G，联通5G/4G+/4G/3G/2G，广电5G/4G+/4G 备注：*卡槽1, 2可以任意切换为默认移动数据卡。
*如果两张都是电信卡，副卡（非默认移动数据卡）必须开通电信VoLTE业务，才能同时使用电信双卡。 
*实际网络使用，需要根据运营商网络和相关业务部署情况确定是否支持。",,,,,支持 GPS/AGPS/GLONASS/北斗/伽利略/QZSS,Bluetooth 5.2，支持低功耗蓝牙、SBC、AAC、LDAC、APTX、APTX HD
荣耀80 Pro 直屏版,数字系列,,honor-80-pro-flat,https://www.honor.com/cn/phones/honor-80-pro-flat/,59,"支持读卡器模式, 卡模拟模式（钱包支付，SIM卡支付*，HCE支付） 备注：* SIM卡支付所使用的SIM卡只能放在SIM1卡槽。",,,支持（反向供电时最大输出电流1A/5V）,,支持,,,,,,,,,"802.11 a/b/g/n/ac/ax, MIMO",支持,支持,支持,2.4GHz和5GHz,,,,,,,,,,,,,,,,,,,,,,,,,,,,,,,,,,,,,,,,,,,,,,,,,,,,,,,,,,,,,,,,,,,,,,,,,,,,,,,,,,,,,,,,,,,,,,,,,,,,,,,,,,,,,,,,,,,,,,,,,,,,,,,,,,,,,,,,,,,,支持无线投屏,支持,支持（屏内指纹），支持指纹解锁,,Type-C，支持USB 2.0,荣耀66W超级快充充电器,,支持,,支持,,USB Type-C,支持,支持（运营商和第三方软件） 备注：运营商功能因不同国家或地区运营商的支持情况而异，详情请咨询网络运营商。,支持,支持,,,,换机克隆/名片扫描/智慧多窗/YOYO智慧语音/智慧视觉/智慧识屏/AI 字幕/支付保护中心/应用锁/应用分身/隐私空间/密码保险箱/备份与恢复/服务维修模式/深色模式/电子书模式/YOYO建议/多屏协同/智慧分屏,手势导航/屏幕内三键导航/悬浮导航,支持,3200万像素AI人像主摄像头（f/2.4光圈） 备注：不同模式的照片和视频的像素可能有差异，请以实际为准。,前置摄像头：最大可支持 2520 × 1080像素 备注：不同拍摄模式的视频像素可能有差异，请以实际为准。,最大可支持 6528 × 4896 像素 备注：不同拍照模式的照片像素可能有差异，请以实际为准。,最大支持1080P（2520 × 1080）视频录制，支持EIS视频防抖,1.6亿像素超清主摄像头（f/1.8光圈）+ 800万像素超广角摄像头（f/2.2光圈）+ 200万像素微距摄像头（f/2.4光圈） 备注：不同模式的照片和视频的像素可能有差异，请以实际为准。,最大10倍数字变焦 备注：不同模式下可能有差异，请以实际为准。,后置摄像头：最大可支持 3840 × 2160像素 备注：不同拍摄模式的视频像素可能有差异，请以实际为准。,最大可支持10944 × 14592 备注：不同拍照模式的照片像素可能有差异，请以实际为准。,最大支持4K（3840×2160）视频录制，支持EIS视频防抖,人像模式、延时摄影、滤镜、水印、笑脸抓拍、自拍镜像、声控拍照、定时拍摄、手势拍照、夜景、高像素、录像、多镜录像,电子防抖（EIS）,,,,,,,,,,1 × Cortex-X2 3.0GHz + 3 ×  Cortex-A710 2.5GHz + 4 × Cortex-A510 1.8GHz 备注：实际运行频率因应用负载智能调整。,第一代骁龙8+移动平台,八核,Adreno™ 730,,支持,3gp/mp4,HONOR Histen音效,mp3/mp4/3gp/ogg/amr/aac/flac/wav/midi,7.9mm,75.3mm,"亮黑色：约186克（含电池）
墨玉青/粉映晨辉：约193克（含电池） 备注：实际尺寸/重量依配置、制造工艺、测量方法的不同可能有所差异。",162.5mm,,,,2400 × 1080 像素 备注：该分辨率对应标准矩形，实际屏幕有效像素略少。,,,6.67英寸 备注：显示屏采用圆角设计，按照标准矩形测量时，屏幕的对角线长度是 6.67英寸（实际可视区域略小）,,,OLED,10.7亿色，DCI-P3广色域,多点触控，最多支持10点触控,,,手机支持最大超级快充11V/6A，兼容10V/4A超级快充。 备注：实际充电功率会随不同场景智能变化，请以实际为准。,4800mAh（典型值） 备注：电池额定容量为4700mAh。（内置不可拆卸）,锂聚合物电池,MagicOS 7.0 （基于Android 12）,"支持移动/电信5G/4G+/4G/2G，联通5G/4G+/4G/3G/2G，广电5G/4G+/4G 备注：*卡槽1, 2可以任意切换为默认移动数据卡。
*如果两张都是电信卡，副卡（非默认移动数据卡）必须开通电信VoLTE业务，才能同时使用电信双卡。 
*实际网络使用，需要根据运营商网络和相关业务部署情况确定是否支持。",,"主卡：
5G NR：n1/n5/n8/n28A/n41/n77/n78
LTE FDD：B1/B3/B4/B5/B8/B19/B28A
TD-LTE：B34/B38/B39/B40/B41
WCDMA：B1/B4/B5/B8/B19 
CDMA（主副卡二选一）：BC0（仅限中国电信（中国大陆+澳门）
GSM：B3/B5/B8



副卡：
5G NR：n1/n5/n8/n28A/n41/n77/n78
LTE FDD：B1/B3/B4/B5/B8/B19/B28A
TD-LTE：B34/B38/B39/B40/B41
WCDMA：B1/B4/B5/B8/B19 
CDMA（主副卡二选一）：BC0（仅限中国电信（中国大陆+澳门）
GSM：B3/B5/B8 备注：各个地区的网络和频段可能有所不同，具体取决于当地运营商以及您所在的位置。",,,支持 GPS/AGPS/GLONASS/北斗/伽利略/QZSS,BT 5.2，支持BLE，支持SBC、AAC，支持LDAC高清音频，支持aptX，aptX HD
荣耀80 Pro,数字系列,,honor-80-pro,https://www.honor.com/cn/phones/honor-80-pro/,56,"支持读卡器模式, 卡模拟模式（钱包支付，SIM卡支付*，HCE支付） 备注：* SIM卡支付所使用的SIM卡只能放在SIM1卡槽。",,,支持（反向供电时最大输出电流1A/5V）,,支持,,,,,,,,,"802.11 a/b/g/n/ac/ax, MIMO",支持,支持,支持,2.4GHz和5GHz,,,,,,,,,,,,,,,,,,,,,,,,,,,,,,,,,,,,,,,,,,,,,,,,,,,,,,,,,,,,,,,,,,,,,,,,,,,,,,,,,,,,,,,,,,,,,,,,,,,,,,,,,,,,,,,,,,,,,,,,,,,,,,,,,,,,,,,,,,,,支持无线投屏,支持,支持（屏内指纹），支持指纹解锁,,Type-C，支持USB 2.0,荣耀66W超级快充充电器,,支持,,,,USB Type-C,支持,支持（运营商和第三方软件） 备注：运营商功能因不同国家或地区运营商的支持情况而异，详情请咨询网络运营商。,支持,支持,,,,换机克隆/名片扫描/智慧多窗/YOYO智慧语音/智慧视觉/智慧识屏/AI 字幕/支付保护中心/应用锁/应用分身/隐私空间/密码保险箱/备份与恢复/服务维修模式/深色模式/电子书模式/YOYO建议/多屏协同/智慧分屏,手势导航/屏幕内三键导航/悬浮导航,支持,"5000万像素AI人像主摄像头（f/2.4光圈）
200万像素景深镜头（f/2.4光圈） 备注：不同模式的照片和视频的像素可能有差异，请以实际为准。",最大可支持 3840×2160像素 备注：不同拍摄模式的视频像素可能有差异，请以实际为准。,最大可支持 6112×8160像素 备注：不同拍照模式的照片像素可能有差异，请以实际为准。,最大支持4K（3840×2160）视频录制，支持EIS视频防抖,"1.6亿像素超清主摄像头（f/1.8光圈）
5000万像素AI超广角微距主摄像头（f/2.0光圈）
200万像素景深镜头（f/2.4光圈） 备注：不同模式的照片和视频的像素可能有差异，请以实际为准。",最大10倍数字变焦 备注：不同模式下可能有差异，请以实际为准。,最大可支持 3840×2160像素 备注：不同拍摄模式的视频像素可能有差异，请以实际为准。,最大可支持10944×14592像素 备注：不同拍照模式的照片像素可能有差异，请以实际为准。,最大支持4K（3840×2160）视频录制，支持EIS视频防抖,人像模式、延时摄影、滤镜、水印、笑脸抓拍、自拍镜像、声控拍照、定时拍摄、手势拍照、夜景、高像素、录像、多镜录像,电子防抖（EIS）,,,,,,,,,,1xCortex-X2 3.0GHz + 3xCortex-A710 2.5GHz + 4xCortex-A510 1.8GHz 备注：实际运行频率因应用负载智能调整。,第一代骁龙8+移动平台,八核,Adreno™ 730,,,3gp/mp4,HONOR Histen音效,mp3/mp4/3gp/ogg/amr/aac/flac/wav/midi,7.8mm,74.9mm,约188克（含电池） 备注：实际尺寸/重量依配置、制造工艺、测量方法的不同可能有所差异。,163.3mm,,,,2700×1224像素 备注：该分辨率对应标准矩形，实际屏幕有效像素略少。,,,6.78英寸 备注：显示屏采用圆角设计，按照标准矩形测量时，屏幕的对角线长度是 6.78英寸（实际可视区域略小）,,,OLED,10.7亿色，DCI-P3广色域,多点触控，最多支持10点触控,,,手机支持最大超级快充11V/6A，兼容10V/4A超级快充 备注：实际充电功率会随不同场景智能变化，请以实际为准。,4800mAh（典型值） 备注：电池额定容量为4700mAh。（内置不可拆卸）,锂聚合物电池,MagicOS 7.0 （基于Android 12）,"支持移动/电信5G/4G+/4G/2G，联通5G/4G+/4G/3G/2G，广电5G/4G+/4G 备注：*卡槽1, 2可以任意切换为默认移动数据卡。
*如果两张都是电信卡，副卡（非默认移动数据卡）必须开通电信VoLTE业务，才能同时使用电信双卡。 
*实际网络使用，需要根据运营商网络和相关业务部署情况确定是否支持。",,,,,支持 GPS/AGPS/GLONASS/北斗/伽利略/QZSS,BT 5.2，支持BLE，支持SBC、AAC，支持LDAC高清音频，支持aptX，aptX HD
荣耀80,数字系列,,honor-80,https://www.honor.com/cn/phones/honor-80/,56,"支持读卡器模式, 卡模拟模式（钱包支付，SIM卡支付*，HCE支付） 备注：* SIM卡支付所使用的SIM卡只能放在SIM1卡槽。",,,支持（反向供电时最大输出电流1A/5V）,,支持,,,,,,,,,"802.11 a/b/g/n/ac/ax, MIMO",支持,支持,支持,2.4GHz和5GHz,,,,,,,,,,,,,,,,,,,,,,,,,,,,,,,,,,,,,,,,,,,,,,,,,,,,,,,,,,,,,,,,,,,,,,,,,,,,,,,,,,,,,,,,,,,,,,,,,,,,,,,,,,,,,,,,,,,,,,,,,,,,,,,,,,,,,,,,,,,,支持无线投屏,支持,支持（屏内指纹），支持指纹解锁,,Type-C，支持USB 2.0,荣耀66W超级快充充电器,,支持,,,,USB Type-C,支持,支持（运营商和第三方软件） 备注：运营商功能因不同国家或地区运营商的支持情况而异，详情请咨询网络运营商。,支持,支持,,,,换机克隆/名片扫描/智慧多窗/YOYO智慧语音/智慧视觉/智慧识屏/AI 字幕/支付保护中心/应用锁/应用分身/隐私空间/密码保险箱/备份与恢复/服务维修模式/深色模式/电子书模式/YOYO建议/多屏协同/智慧分屏,手势导航/屏幕内三键导航/悬浮导航,支持,3200万像素AI人像主摄像头（f/2.4光圈） 备注：不同模式的照片和视频的像素可能有差异，请以实际为准。,最大可支持 2520×1080像素 备注：不同拍摄模式的视频像素可能有差异，请以实际为准。,最大可支持 6528×4896像素 备注：不同拍照模式的照片像素可能有差异，请以实际为准。,最大支持1080P（2520×1080）视频录制，支持EIS视频防抖,"1.6亿像素超清主摄像头（f/1.8光圈）
800万像素超广角摄像头（f/2.2光圈）
200万像素微距摄像头（f/2.4光圈） 备注：不同模式的照片和视频的像素可能有差异，请以实际为准。",最大10倍数字变焦 备注：不同模式下可能有差异，请以实际为准。,最大可支持 3840×2160像素 备注：不同拍摄模式的视频像素可能有差异，请以实际为准。,最大可支持10944×14592像素 备注：不同拍照模式的照片像素可能有差异，请以实际为准。,最大支持4K（3840×2160）视频录制，支持EIS视频防抖,人像模式、延时摄影、滤镜、水印、笑脸抓拍、自拍镜像、声控拍照、定时拍摄、手势拍照、夜景、高像素、录像、多镜录像,电子防抖（EIS）,,,,,,,,,,1 × Cortex-A78 2.7GHz + 3 × Cortex-A78 2.4GHz + 4 × Cortex-A55 1.8GHz 备注：实际运行频率因应用负载智能调整。,高通骁龙782G移动平台,八核,Adreno™ 642L,,,3gp/mp4,HONOR Histen音效,mp3/mp4/3gp/ogg/amr/aac/flac/wav/midi,7.7mm,73.9mm,约180克（含电池） 备注：实际尺寸/重量依配置、制造工艺、测量方法的不同可能有所差异。,161.6mm,,,,2400×1080像素 备注：该分辨率对应标准矩形，实际屏幕有效像素略少。,,,6.67英寸 备注：显示屏采用圆角设计，按照标准矩形测量时，屏幕的对角线长度是 6.67英寸（实际可视区域略小）,,,OLED,10.7亿色，DCI-P3广色域,多点触控，最多支持10点触控,,,手机支持最大超级快充11V/6A，兼容10V/4A超级快充 备注：实际充电功率会随不同场景智能变化，请以实际为准。,4800mAh（典型值） 备注：电池额定容量为4700mAh。（内置不可拆卸）,锂聚合物电池,MagicOS 7.0 （基于Android 12）,"支持移动/电信5G/4G+/4G/2G，联通5G/4G+/4G/3G/2G，广电5G/4G+/4G 备注：*卡槽1, 2可以任意切换为默认移动数据卡。
*如果两张都是电信卡，副卡（非默认移动数据卡）必须开通电信VoLTE业务，才能同时使用电信双卡。 
*实际网络使用，需要根据运营商网络和相关业务部署情况确定是否支持。",,,,,支持 GPS/AGPS/GLONASS/北斗/伽利略/QZSS,BT 5.2，支持BLE，支持SBC、AAC，支持LDAC高清音频，支持aptX，aptX HD
荣耀80 GT,数字系列,,honor-80-gt,https://www.honor.com/cn/phones/honor-80-gt/,59,"支持读卡器模式, 卡模拟模式（钱包支付，SIM卡支付*，HCE支付） 备注：* SIM卡支付所使用的SIM卡只能放在SIM1卡槽。",,,支持（反向供电时最大输出电流1A/5V）,,支持,,,,,,,,,"802.11 a/b/g/n/ac/ax, MIMO",支持,支持,支持,2.4GHz和5GHz,,,,,,,,,,,,,,,,,,,,,,,,,,,,,,,,,,,,,,,,,,,,,,,,,,,,,,,,,,,,,,,,,,,,,,,,,,,,,,,,,,,,,,,,,,,,,,,,,,,,,,,,,,,,,,,,,,,,,,,,,,,,,,,,,,,,,,,,,,,,支持无线投屏,支持,支持（屏内指纹），支持指纹解锁,,Type-C，支持USB 2.0,荣耀66W超级快充充电器,,支持,支持,,,USB Type-C,支持,支持（运营商和第三方软件） 备注：运营商功能因不同国家或地区运营商的支持情况而异，详情请咨询网络运营商。,支持,支持,,,,换机克隆/名片扫描/智慧多窗/YOYO智慧语音/智慧视觉/智慧识屏/AI 字幕/支付保护中心/应用锁/应用分身/隐私空间/密码保险箱/备份与恢复/服务维修模式/深色模式/电子书模式/YOYO建议/多屏协同/智慧分屏,手势导航/屏幕内三键导航/悬浮导航,支持,1600万像素摄像头（f/2.4光圈） 备注：不同模式的照片和视频的像素可能有差异，请以实际为准。,最大可支持 2520 × 1080像素 备注：不同拍摄模式的视频像素可能有差异，请以实际为准。,最大可支持 4608×3456 像素 备注：不同拍照模式的照片像素可能有差异，请以实际为准。,最大支持1080P（2520 × 1080）视频录制，支持EIS视频防抖,"5400万像素超清主摄像头（f/1.9光圈）
800万像素超广角摄像头（f/2.2光圈）
200万像素微距摄像头（f/2.4光圈） 备注：不同模式的照片和视频的像素可能有差异，请以实际为准。",最大10倍数字变焦 备注：不同模式下可能有差异，请以实际为准。,最大可支持 3840 × 2160像素 备注：不同拍摄模式的视频像素可能有差异，请以实际为准。,最大可支持8768× 6144 备注：不同拍照模式的照片像素可能有差异，请以实际为准。,最大支持4K（3840×2160）视频录制，支持EIS视频防抖,人像模式、延时摄影、滤镜、水印、笑脸抓拍、自拍镜像、声控拍照、定时拍摄、手势拍照、夜景、高像素、录像、多镜录像,电子防抖（EIS）,,,,,,,,,,1 x  Cortex-X2 3.0GHz + 3 x Cortex-A710 2.5GHz + 4 x Cortex-A510 1.8GHz 备注：实际运行频率因应用负载智能调整。,第一代骁龙8+移动平台,八核,Adreno™ 730,,支持,3gp/mp4,HONOR Histen音效,mp3/mp4/3gp/ogg/amr/aac/flac/wav/midi,7.9 mm,75.3 mm,星际黑：约187克（含电池）光雨流星/流光幻镜：约195克（含电池） 备注：实际尺寸/重量依配置、制造工艺、测量方法的不同可能有所差异。,162.5mm,,,,2400 × 1080 像素 备注：该分辨率对应标准矩形，实际屏幕有效像素略少。,,,6.67英寸 备注：显示屏采用圆角设计，按照标准矩形测量时，屏幕的对角线长度是 6.67英寸（实际可视区域略小）,,,AMOLED,10.7亿色，DCI-P3广色域,多点触控，最多支持10点触控,,,手机支持最大超级快充11V/6A，兼容10V/4A超级快充。 备注：实际充电功率会随不同场景智能变化，请以实际为准。,4800mAh（典型值） 备注：电池额定容量为4700mAh。（内置不可拆卸）,锂聚合物电池,MagicOS 7.0 （基于Android 12）,"支持移动/电信5G/4G+/4G/2G，联通5G/4G+/4G/3G/2G，广电5G/4G+/4G 备注：*卡槽1, 2可以任意切换为默认移动数据卡。
*如果两张都是电信卡，副卡（非默认移动数据卡）必须开通电信VoLTE业务，才能同时使用电信双卡。 
*实际网络使用，需要根据运营商网络和相关业务部署情况确定是否支持。",,"主卡：
5G NR：n1/n5/n8/n28A/n41/n77/n78
LTE FDD：B1/B3/B4/B5/B8/B19/B28A
TD-LTE：B34/B38/B39/B40/B41
WCDMA：B1/B4/B5/B8/B19 
CDMA（主副卡二选一）：BC0（仅限中国电信（中国大陆+澳门）
GSM：B3/B5/B8


副卡：
5G NR：n1/n5/n8/n28A/n41/n77/n78
LTE FDD：B1/B3/B4/B5/B8/B19/B28A
TD-LTE：B34/B38/B39/B40/B41
WCDMA：B1/B4/B5/B8/B19 
CDMA（主副卡二选一）：BC0（仅限中国电信（中国大陆+澳门）
GSM：B3/B5/B8 备注：各个地区的网络和频段可能有所不同，具体取决于当地运营商以及您所在的位置。",,,支持 GPS/AGPS/GLONASS/北斗/伽利略/QZSS,BT 5.2，支持BLE，支持SBC、AAC，支持LDAC高清音频，支持aptX，aptX HD
荣耀80 SE,数字系列,,honor-80-se,https://www.honor.com/cn/phones/honor-80-se/,56,,,支持,支持,,支持,,,,,,,,,802.11 a/b/g/n/ac,支持,支持,支持,2.4GHz和5GHz,,,,,,,,,,,,,,,,,,,,,,,,,,,,,,,,,,,,,,,,,,,,,,,,,,,,,,,,,,,,,,,,,,,,,,,,,,,,,,,,,,,,,,,,,,,,,,,,,,,,,,,,,,,,,,,,,,,,,,,,,,,,,,,,,,,,,,,,,,,,支持,支持,支持,支持,Type-C， USB2.0,标配66W充电器,,支持,,,,Type-C（数字+模拟）,支持,支持（运营商和第三方软件） 备注：运营商功能因不同国家或地区运营商的支持情况而异，详情请咨询网络运营商。,支持,,,,,换机克隆/智慧多窗/YOYO智慧语音/智慧识屏/AI 字幕/支付保护中心/应用锁/应用分身/密码保险箱/备份与恢复/服务维修模式/深色模式/电子书模式/YOYO建议/智慧分屏,手势导航/屏幕内三键导航/悬浮导航,支持,3200万像素摄像头 备注：不同模式的照片和视频的像素可能有差异，请以实际为准。,最大可支持 2520×1080像素 备注：不同拍摄模式的视频像素可能有差异，请以实际为准。,最大可支持 6528×4896 像素 备注：不同拍照模式的照片像素可能有差异，请以实际为准。,最大可支持1080P视频录制,6400万像素高清主摄（f/1.8光圈）+500万像素广角（f/2.2光圈） + 200万感光微距（f/2.4光圈） 备注：不同模式的照片和视频的像素可能有差异，请以实际为准。,最大支持10倍数字变焦 备注：不同模式下可能有差异，请以实际为准。,最大可支持 3840×2160像素 备注：不同拍摄模式的视频像素可能有差异，请以实际为准。,最大可支持9216×6912像素 备注：不同拍照模式的照片像素可能有差异，请以实际为准。,最大可支持4K视频录制,前置摄像头：人像模式/延时摄影/滤镜/水印/笑脸抓拍/自拍镜像/声控拍照/定时拍摄/手势拍照/夜景/录像/双景录像,,,,,,,,,,,2.4GHz Cortex-A78*2 + 2.0GHz Cortex-A55*6 备注：实际运行频率因应用负载智能调整,天玑900（MT6877）,八核,Mali-G68,,,3gp/mp4,HONOR Histen音效,mp3/mp4/3gp/ogg/amr/aac/flac/wav/midi,7.7mm,73.4mm,约175克（含电池） 备注：实际尺寸/重量依配置、制造工艺、测量方法的不同可能有所差异,161.3mm,,,,2400x1080像素,最高120Hz,,6.67英寸 备注：显示屏采用圆角设计，按照标准矩形测量时，屏幕的对角线长度是6.7英寸（实际可视区域略小）,,,OLED,10.7亿色,多点触控，最多支持10点触控,,,支持,4600mAh（典型值） 备注：电池额定容量为4500mAh。（内置不可拆卸）,锂离子聚合物电池,Magic OS 7.0  (基于Android 12),"支持联通/电信 5G/4G+/4G/3G/2G，移动5G/4G+/4G/2G，广电5G/4G+/4G 备注：
*卡槽1、2可以任意切换为默认移动数据卡。
*如果两张都是电信卡，副卡（非默认移动数据卡）必须开通电信VoLTE业务，才能同时使用电信双卡。
*实际网络使用，需要根据运营商网络和相关业务部署情况确定是否支持。",,,,,支持GPS、AGPS、北斗、Glonass,BT5.1
荣耀70 Pro,数字系列,,honor-70-pro,https://www.honor.com/cn/phones/honor-70-pro/,58,"支持读卡器模式, 卡模拟模式（钱包支付，SIM卡支付*，HCE支付） 备注：* SIM卡支付所使用的SIM卡只能放在SIM1卡槽。",,,支持（反向供电时最大输出电流1A/5V）,,支持,,,,,,,,,"802.11 a/b/g/n/ac/ax, MIMO",支持,支持,支持,2.4GHz和5GHz,,,,,,,,,,,,,,,,,,,,,,,,,,,,,,,,,,,,,,,,,,,,,,,,,,,,,,,,,,,,,,,,,,,,,,,,,,,,,,,,,,,,,,,,,,,,,,,,,,,,,,,,,,,,,,,,,,,,,,,,,,,,,,,,,,,,,,,,,,,,支持无线投屏,支持,支持（屏内指纹），支持指纹解锁,支持,USB Type-C，支持USB 2.0,荣耀100W超级快充充电器,,支持,,,,USB Type-C,支持,支持（运营商和第三方软件） 备注：该功能因不同国家或地区运营商的支持情况而异，详情请咨询网络运营商。,支持,支持,,,,换机克隆/名片扫描/智慧多窗/YOYO智慧语音/智慧视觉/智慧识屏/AI 字幕/支付保护中心/应用锁/应用分身/隐私空间/密码保险箱/备份与恢复/服务维修模式/深色模式/电子书模式/YOYO建议/多屏协同/智慧分屏,手势导航/屏幕内三键导航/悬浮导航,支持,5000万像素AI超感知摄像头（f/2.4光圈） 备注：不同模式的照片和视频的像素可能有差异，请以实际为准。,最大可支持 3840 × 2160像素 备注：不同拍摄模式的视频像素可能有差异，请以实际为准。,最大可支持 8160×6112 像素 备注：不同拍照模式的照片像素可能有差异，请以实际为准。,最大支持4K（3840×2160）视频录制，支持EIS视频防抖,5400万像素IMX800视频主摄像头（f/1.9光圈）+ 5000万像素超广角微距主摄像头（f/2.2光圈）+ 800万像素3倍光学变焦摄像头（f/2.4光圈，OIS防抖） 备注：不同模式的照片和视频的像素可能有差异，请以实际为准。,最大30倍数字变焦 备注：不同模式下可能有差异，请以实际为准。,最大可支持3840 × 2160像素 备注：不同拍摄模式的视频像素可能有差异，请以实际为准。,最大可支持8768 × 6144像素 备注：不同拍照模式的照片像素可能有差异，请以实际为准。,最大支持4K（3840×2160）视频录制，支持EIS视频防抖,人像模式、延时摄影、滤镜、水印、笑脸抓拍、自拍镜像、声控拍照、定时拍摄、手势拍照、夜景、高像素、录像、多镜录像,电子防抖（EIS）+ 光学防抖（OIS）,,,,,,,,,,4×Cortex-A78 2.75GHz + 4×Cortex-A55 2.0GHz 备注：实际运行频率因应用负载智能调整。,天玑 8000,八核,Mali-G610,,支持,3gp/mp4,HONOR Histen音效,mp3/mp4/3gp/ogg/amr/aac/flac/wav/midi,8.18mm,74.6mm,约192克（含电池） 备注：实际尺寸/重量依配置、制造工艺、测量方法的不同可能有所差异。,163.9mm,,,,FHD+ 2652*1200 像素 备注：该分辨率对应标准矩形，实际屏幕有效像素略少。,,,6.78英寸 备注：显示屏采用圆角设计，按照标准矩形测量时，屏幕的对角线长度是 6.78英寸（实际可视区域略小）,,,OLED,10.7亿色，DCI-P3广色域,多点触控，最多支持10点触控,,,手机支持最大超级快充20V/5A，兼容11V/6A超级快充，兼容10V/4A超级快充。 备注：实际充电功率会随不同场景智能变化，请以实际为准。,4500mAh（典型值） 备注：电池额定容量为4400mAh。（内置不可拆卸）,锂聚合物电池,Magic UI 6.1 （基于Android 12）,"支持联通/电信5G/4G+/4G/3G/2G，移动 5G/4G+/4G/2G，广电5G/4G+/4G 备注：
 *卡槽1, 2可以任意切换为默认移动数据卡。 
*如果两张都是电信卡，副卡（非默认移动数据卡）必须开通电信VoLTE业务，才能同时使用电信双卡。 
*实际网络使用，需要根据运营商网络和相关业务部署情况确定是否支持。",,,,,支持 GPS/AGPS/GLONASS/北斗/伽利略/QZSS,蓝牙5.2，支持BLE，支持SBC、AAC，支持LDAC高清音频，支持aptX，aptX HD
荣耀70 Pro+,数字系列,,honor-70-pro-plus,https://www.honor.com/cn/phones/honor-70-pro-plus/,58,"支持读卡器模式, 卡模拟模式（钱包支付，SIM卡支付*，HCE支付） 备注：* SIM卡支付所使用的SIM卡只能放在SIM1卡槽。",,,支持（反向供电时最大输出电流1A/5V）,,支持,,,,,,,,,"802.11 a/b/g/n/ac/ax, MIMO",支持,支持,支持,2.4GHz和5GHz,,,,,,,,,,,,,,,,,,,,,,,,,,,,,,,,,,,,,,,,,,,,,,,,,,,,,,,,,,,,,,,,,,,,,,,,,,,,,,,,,,,,,,,,,,,,,,,,,,,,,,,,,,,,,,,,,,,,,,,,,,,,,,,,,,,,,,,,,,,,支持无线投屏,支持,支持（屏内指纹），支持指纹解锁,支持,USB Type-C，支持USB 2.0,荣耀100W超级快充充电器,,支持,,,,USB Type-C,支持,支持（运营商和第三方软件） 备注：该功能因不同国家或地区运营商的支持情况而异，详情请咨询网络运营商。,支持,支持,,,,换机克隆/名片扫描/智慧多窗/YOYO智慧语音/智慧视觉/智慧识屏/AI 字幕/支付保护中心/应用锁/应用分身/隐私空间/密码保险箱/备份与恢复/服务维修模式/深色模式/电子书模式/YOYO建议/多屏协同/智慧分屏,手势导航/屏幕内三键导航/悬浮导航,支持,5000万像素AI超感知摄像头（f/2.4光圈） 备注：不同模式的照片和视频的像素可能有差异，请以实际为准。,最大可支持 3840 × 2160像素 备注：不同拍摄模式的视频像素可能有差异，请以实际为准。,最大可支持 8160×6112 像素 备注：不同拍照模式的照片像素可能有差异，请以实际为准。,最大支持4K（3840×2160）视频录制，支持EIS视频防抖,5400万像素IMX800视频主摄像头（f/1.9光圈）+ 5000万像素超广角微距主摄像头（f/2.2光圈）+ 800万像素3倍光学变焦摄像头（f/2.4光圈，OIS防抖） 备注：不同模式的照片和视频的像素可能有差异，请以实际为准,最大30倍数字变焦 备注：不同模式下可能有差异，请以实际为准。,最大可支持3840 × 2160像素 备注：不同拍摄模式的视频像素可能有差异，请以实际为准。,最大可支持8768 × 6144像素 备注：不同拍照模式的照片像素可能有差异，请以实际为准。,最大支持4K（3840×2160）视频录制，支持EIS视频防抖,人像模式、延时摄影、滤镜、水印、笑脸抓拍、自拍镜像、声控拍照、定时拍摄、手势拍照、夜景、高像素、录像、多镜录像,电子防抖（EIS）+ 光学防抖（OIS）,,,,,,,,,,1×Cortex-X2 3.05GHz + 3×Cortex-A710 2.85GHz + 4×Cortex-A510 1.8GHz 备注：实际运行频率因应用负载智能调整。,天玑 9000,八核,Mali-G710,,支持,3gp/mp4,HONOR Histen音效,mp3/mp4/3gp/ogg/amr/aac/flac/wav/midi,8.18mm,74.6mm,约192克（含电池） 备注：实际尺寸/重量依配置、制造工艺、测量方法的不同可能有所差异。,163.9mm,,,,FHD+ 2652*1200 像素 备注：该分辨率对应标准矩形，实际屏幕有效像素略少。,,,6.78英寸 备注：显示屏采用圆角设计，按照标准矩形测量时，屏幕的对角线长度是 6.78英寸（实际可视区域略小）,,,OLED,10.7亿色，DCI-P3广色域,多点触控，最多支持10点触控,,,手机支持最大超级快充20V/5A，兼容11V/6A超级快充，兼容10V/4A超级快充。 备注：实际充电功率会随不同场景智能变化，请以实际为准。,4500mAh（典型值） 备注：电池额定容量为4400mAh。（内置不可拆卸）,锂聚合物电池,Magic UI 6.1 （基于Android 12）,"支持联通/电信5G/4G+/4G/3G/2G，移动 5G/4G+/4G/2G，广电5G/4G+/4G 备注：
 *卡槽1, 2可以任意切换为默认移动数据卡。 
*如果两张都是电信卡，副卡（非默认移动数据卡）必须开通电信VoLTE业务，才能同时使用电信双卡。 
*实际网络使用，需要根据运营商网络和相关业务部署情况确定是否支持。",,,,,支持 GPS/AGPS/GLONASS/北斗/伽利略/QZSS,蓝牙5.2，支持BLE，支持SBC、AAC，支持LDAC高清音频，支持aptX，aptX HD
荣耀70,数字系列,,honor-70,https://www.honor.com/cn/phones/honor-70/,57,"支持读卡器模式, 卡模拟模式（钱包支付，SIM卡支付*，HCE支付） 备注：* SIM卡支付所使用的SIM卡只能放在SIM1卡槽。",,,支持（反向供电时最大输出电流1A/5V）,,支持,,,,,,,,,"802.11 a/b/g/n/ac/ax, MIMO",支持,支持,支持,2.4GHz和5GHz,,,,,,,,,,,,,,,,,,,,,,,,,,,,,,,,,,,,,,,,,,,,,,,,,,,,,,,,,,,,,,,,,,,,,,,,,,,,,,,,,,,,,,,,,,,,,,,,,,,,,,,,,,,,,,,,,,,,,,,,,,,,,,,,,,,,,,,,,,,,支持无线投屏,支持,支持（屏内指纹），支持指纹解锁,支持,USB Type-C，支持USB 2.0,荣耀66W超级快充充电器,,支持,,,,USB Type-C,支持,支持（运营商和第三方软件） 备注：该功能因不同国家或地区运营商的支持情况而异，详情请咨询网络运营商。,支持,支持,,,,换机克隆/名片扫描/智慧多窗/YOYO智慧语音/智慧视觉/智慧识屏/AI 字幕/支付保护中心/应用锁/应用分身/隐私空间/密码保险箱/备份与恢复/服务维修模式/深色模式/电子书模式/YOYO建议/多屏协同/智慧分屏,手势导航/屏幕内三键导航/悬浮导航,支持,3200万像素AI超感知主摄像头（f/2.4光圈） 备注：不同模式的照片和视频的像素可能有差异，请以实际为准。,前置摄像头：最大可支持 2520 × 1080像素 备注：不同拍摄模式的视频像素可能有差异，请以实际为准。,最大可支持 6528 × 4896 像素 备注：不同拍照模式的照片像素可能有差异，请以实际为准。,最大支持1080P（2520 × 1080）视频录制，支持EIS视频防抖,5400万像素IMX800视频主摄像头（f/1.9光圈）+ 5000万像素超广角微距主摄像头（f/2.2光圈）+ 200万像素景深摄像头（f/2.4光圈） 备注：不同模式的照片和视频的像素可能有差异，请以实际为准。,最大10倍数字变焦 备注：不同模式下可能有差异，请以实际为准。,后置摄像头：最大可支持 3840 × 2160像素 备注：不同拍摄模式的视频像素可能有差异，请以实际为准。,最大可支持8768 × 6144 备注：不同拍照模式的照片像素可能有差异，请以实际为准。,最大支持4K（3840×2160）视频录制，支持EIS视频防抖,人像模式、延时摄影、滤镜、水印、笑脸抓拍、自拍镜像、声控拍照、定时拍摄、手势拍照、夜景、高像素、录像、多镜录像,电子防抖（EIS）,,,,,,,,,,1 × Cortex-A78 2.5GHz + 3 × Cortex-A78 2.4GHz + 4 × Cortex-A55 1.8GHz 备注：实际运行频率因应用负载智能调整。,Qualcomm Snapdragon 778G Plus（高通骁龙™ 778G Plus）,八核,Adreno™ 642L,,,3gp/mp4,HONOR Histen音效,mp3/mp4/3gp/ogg/amr/aac/flac/wav/midi,7.91mm,73.3mm,约178克（含电池） 备注：实际尺寸/重量依配置、制造工艺、测量方法的不同可能有所差异。,161.4mm,,,,FHD+ 2400*1080 像素 备注：该分辨率对应标准矩形，实际屏幕有效像素略少。,,,6.67英寸,,,OLED,10.7亿色，DCI-P3广色域,多点触控，最多支持10点触控,,,手机支持最大超级快充11V/6A，兼容10V/4A超级快充。 备注：实际充电功率会随不同场景智能变化，请以实际为准。,4800mAh（典型值） 备注：电池额定容量为4700mAh。（内置不可拆卸）,锂聚合物电池,Magic UI 6.1 （基于Android 12）,"支持联通5G/4G+/4G/3G/2G，电信移动5G/4G+/4G/2G，广电5G/4G+/4G 备注： 
*卡槽1, 2可以任意切换为默认移动数据卡。 
*如果两张都是电信卡，副卡（非默认移动数据卡）必须开通电信VoLTE业务，才能同时使用电信双卡。 
*实际网络使用，需要根据运营商网络和相关业务部署情况确定是否支持。",,,,,支持 GPS/AGPS/GLONASS/北斗/伽利略/QZSS,蓝牙5.2，支持BLE，支持SBC、AAC，支持LDAC高清音频，支持aptX，aptX HD
荣耀X70i,X系列,,honor-x70i,https://www.honor.com/cn/phones/honor-x70i/,44,"支持
支持eSE（支持300+城市地铁公交乘车，门禁卡，车钥匙等多项功能。）",支持重力传感器，屏下指纹传感器，虚拟陀螺仪，指南针，环境光传感器，接近光传感器（超声波替代接近光）,,,,,,,,,,,,,,,,,,,,,,,,,,,,,,,,,,,,,,,,,,,,,,,,,,,,,,,,,,,,,,,,,,,,,,,,,,,,,,,,,,,,,,,,,,,,,,,,,,,,,,,,,,,,,,,,,,,,,,,,,,,,,,,,,,,,,,,,,,,,,,,,,,,,,,,,,,,,,,,,,,35W充电器,,,,,,,,,,,,,"工信部安全一级

提供了骚扰拦截/病毒查杀/权限管理/密码保险箱/应用锁、支付保护中心等功能",YOYO建议、OS Turbo X、GPU Turbo X、智慧运存、语音控制呼叫、智慧视觉、智慧识屏、YOYO助理、语音翻译、AI字幕、智慧多窗、深色模式、电子书模式、熄屏显示AOD、个人事务中心、荣耀分享、荣耀笔记、纯净文件管理、无线投屏、快捷启动及手势、应用分身、换机克隆、备份与恢复、支付保护中心、应用锁、密码保险箱、应用内容拖拽、平行空间、灵动胶囊、魔法锁屏,手势导航（默认）、屏幕内三键导航、悬浮导航,支持,800万像素摄像头（f/2.0光圈）,最大可支持 2520×1080像素 备注：不同拍摄模式的视频像素可能有差异，请以实际为准。,最大可支持3264×2448像素 备注：不同拍照模式的照片像素可能有差异，请以实际为准。,最大支持1080P（2520×1080）视频录制,"后置单摄：
1.08亿像素高清摄像头（f/1.75光圈） 备注：不同模式的照片和视频的像素可能有差异，请以实际为准。",最大支持10倍数字变焦,,后置摄像头：最大可支持12000×9000像素 备注：不同拍照模式的照片像素可能有差异，请以实际为准。,最大支持1080P（2520×1080）视频录制 备注：不同拍摄模式的视频像素可能有差异，请以实际为准。,普通拍照、人像、录像、多镜录像、水印、笑脸抓拍、自拍镜像、手势拍照、滤镜,,,,,,,,,,,2 x Cortex-A78 2.5GHz + 6 x Cortex-A55 2.0GHz,天玑7025 Ultra,八核,IMG BXM-8-256,,支持,*.3gp、*.mp4、*.webm、*.mkv,HONOR Sound,*.mp3、*.mid、*.amr、*.awb、*.3gp、*.mp4、*.m4a、*.aac、*.wav、*.ogg、*.flac、*.mkv,7.29mm,74.55mm,约178.5g（含电池） 备注：实际尺寸、重量依配置、制造工艺、测量方法的不同可能有所差异。,161mm,3500nits（峰值亮度）,,,1080 × 2412 像素 备注：该分辨率对应标准矩形，实际屏幕有效像素略少。,60Hz/90Hz/120Hz,,6.7英寸,,,AMOLED,1670万色，DCI-P3广色域 备注：屏幕支持10.7亿色,多点触控触摸屏，最多支持10点触控,,,支持11V/3.2A或 9V/2A或5V/2A输出,6000mAh（典型值） 备注：电池额定容量为5870mAh。（内置不可拆卸）,锂离子聚合物电池,MagicOS 9.0(基于Android 15),"支持移动 5G/4G+/4G/2G，电信 5G/4G+/4G，联通 5G/4G+/4G/3G/2G，广电 5G/4G+/4G

支持 4×4 MIMO天线技术 / 载波聚合技术 / HPUE / HO RxD

支持双卡双待。 备注：
1. 主卡指SIM卡管理中开通默认移动数据的卡。
2. 卡槽1、2可以任意切换为默认移动数据卡。
3. 如果两张都是电信卡，副卡（非默认移动数据卡）必须开通电信VoLTE业务，才能同时使用电信双卡。
4. 5G/4G网络使用，需要根据运营商网络和相关业务部署情况确定是否支持。
5. 支持5G SA",,,"支持802.11 a/b/g/n/ac
支持2.4GHz和5GHz WLAN
支持WLAN热点、WLAN直连 备注：需要相应的路由器支持","支持无线投屏
支持视频通话（运营商和第三方软件）
支持 OTG
数据线接口：USB Type-C，支持USB 2.0
耳机接口：USB Type-C 备注：运营商视频通话功能因不同国家或地区运营商的支持情况而异，详情请咨询网络运营商。
备注：标配数据线支持USB 2.0。
备注：支持数字耳机。","支持北斗、GPS、Glonass、伽利略、A-GNSS
支持蜂窝网络定位、WLAN网络定位","BT5.3，
支持低功耗蓝牙(BLE)
支持SBC、AAC、LDAC、aptX、aptX HD"
荣耀X70,X系列,,honor-x70,https://www.honor.com/cn/phones/honor-x70/,49,"支持读/写模式、卡模拟模式（荣耀钱包，NFC-SIM，HCE） 备注：
1：NFC-SIM需放在SIM1卡槽使用
2：NFC感应区在手机背部摄像头左侧",重力传感器、红外传感器、指纹传感器、陀螺仪、指南针、环境光传感器、接近光传感器（非实体器件，使用超声代替）、加速度传感器,,,,,,,,,,,,,,,,,,,,,,,,,,,,,,,,,,,,,,,,,,,,,,,,,,,,,,,,,,,,,,,,,,,,,,,,,,,,,,,,,,,,,,,,,,,,,,,,,,,,,,,,,,,,,,,,,,,,,,,,,,,,,,,,,,,,,,,,,,,,,,,,,,,,,,,,,,,,,,,,,,,,,,,,,,,,,,,AI换脸检测、密码保险箱、模糊位置、反诈防护、应用锁、支付保护中心、平行空间,气息唤醒/应用隐藏/YOYO智能体/AI换脸识别/AI翻译/魔方个性化/AI文档/AI笔记/AI 字幕/平行空间/隐私打码/魔法锁屏/全任意门/灵动胶囊/智慧运存/熄屏显示AOD//YOYO助理/荣耀笔记/Magic 文本/智慧互联/个人事务中心/纯净文件管理/多屏协同/无线投屏/荣耀分享/换机克隆/智慧多窗/智慧视觉/智慧识屏/情景感知/支付保护中心/应用锁/应用分身/密码保险箱/备份与恢复/服务维修模式/深色模式/电子书模式,手势导航（默认）、屏幕内三键导航、悬浮导航,支持2D人脸识别,800万像素摄像头（f/2.0光圈） 备注：不同拍照模式的照片像素可能有差异，请以实际为准。,最大可支持 2520*1080 像素 备注：不同拍摄模式的视频像素可能有差异，请以实际为准。,最大可支持  3264*2448 像素 备注：不同拍照模式的照片像素可能有差异，请以实际为准。,最大可支持 2520*1080 像素,5000万像素摄像头（f/1.88 光圈，支持OIS光学防抖） 备注：不同拍照模式的照片像素可能有差异，请以实际为准。,10倍数字变焦,最大可支持 3840*2160 像素 备注：不同拍摄模式的视频像素可能有差异，请以实际为准。,最大可支持 8192*6144 像素 备注：不同拍照模式的照片像素可能有差异，请以实际为准。,最大支持4K视频录制，1080P 30FPS及以下规格支持EIS防抖。,动态照片、人像模式、水印、滤镜、笑脸抓拍、自拍镜像、声控拍照、定时拍照、手势拍照等,电子防抖、光学防抖 备注：仅后置支持光学防抖。,,,,,,,,,,1× A720*2.3GHz + 3× A720*2.2GHz+ 4× A520*1.8GHz 备注：实际运行频率因应用负载智能调整。,第四代骁龙6移动平台,八核,Adreno 810,,支持,3gp/mp4,HONOR Histen 7.3,mp3/mid/amr/awb/3gp/mp4/m4a/aac/wav/ogg/flac/mkv,"128/256GB版本：7.76mm
512GB版本：7.96mm",76.1mm,"128/256GB版本：约193克（含电池）
512GB版本：约199克（含电池） 备注：手机厚度不包含摄像头凸起部分，实际尺寸/重量依配置、制造工艺、测量方法的不同可能有所差异。",161.9mm,"峰值亮度：6000nits
全局最大亮度：1800nits
典型值：800nits 备注：6000nits指屏幕峰值亮度，仅在部分场景下生效，产品体验以实际为准。",铝硅玻璃,,2640×1200 像素 备注：该分辨率对应标准矩形，实际屏幕有效像素略少。,,,6.79英寸 备注：显示屏采用圆角设计，按照标准矩形测量时，屏幕的对角线长度是 6.79英寸（实际可视区域略小）。,AI离焦护眼、荣耀绿洲护眼屏、3840Hz超高频PWM调光、类自然光护眼、AI助眠显示、硬件级低蓝光、极暗模式 备注: 本产品非医疗器械，不具有治疗功能。,HDR显示（图片和视频）、超动态显示、臻彩显示,AMOLED,DCI-P3广色域，10.7亿色,多点触控，最多支持10点触控,仅512GB 版本最大支持80W荣耀无线超级快充，支持无线反向充电 备注：无线超级快充需单独购买规格不小于80W的荣耀无线超级快充底座以及100W荣耀超级快充充电器和对应数据线。实际充电功率会随不同场景智能变化，请以实际使用情况为准。,支持,支持（最大20V/4A超级快充，兼容20V/3.3A，11V6A，10V/4A充电），支持有线反向充电 备注：有线超级快充需搭配原装有线超级快充充电器与充电线使用。实际充电功率会随不同场景智能变化，请以实际使用情况为准。,8300mAh（典型值） 备注：电池额定容量为 8100mAh。,锂离子聚合物电池（荣耀青海湖电池）,MagicOS 9.0（基于Android 15）,,环球行、Link Turbo X网络加速、智慧选网,,"支持Wi-Fi 6（802.11 ax）和802.11 a/b/g/n/ac
支持1024 QAM，80MHz
支持2.4GHz和5GHz WLAN
支持WLAN热点、WLAN直连","无线投屏
红外遥控
PC数据同步
视频通话（运营商和第三方软件）
OTG（反向供电时最大输出电流1A/5V）
数据线接口：Type-C，USB 2.0
耳机接口：Type-C 备注：
1. 红外遥控支持遥控发射，不支持自学习功能。
2. 运营商视频通话功能因不同国家或地区运营商的支持情况而异，详情请咨询网络运营商。
3. 标配数据线支持USB 2.0。
4. 支持Type-C数字耳机。","支持北斗（B1I+B1C+B2a三频）、GPS（L1+L5双频）、Glonass（G1）、Galileo（E1 + E5a双频）、QZSS(L1+L5双频)、NavIC（L5）、A-GNSS
支持蜂窝网络定位、WLAN网络定位","蓝牙5.2，支持低功耗蓝牙(BLE)
支持SBC、AAC、LDAC、aptX、aptX HD、aptX Adaptive
支持ASHA助听器协议"
荣耀X60 Pro,X系列,,honor-x60-pro,https://www.honor.com/cn/phones/honor-x60-pro/,59,,,,支持（反向供电时最大输出电流1A/5V）,,支持,,,,,,,,,802.11 a/b/g/n/ac,支持,支持,支持,2.4GHz和5GHz,,,,,,,,,,,,,,,,,,,,,,,,,,,,,,,,,,,,,,,,,,,,,,,,,,,,,,,,,,,,,,,,,,,,,,,,,,,,,,,,,,,,,,,,,,,,,,,,,,,,,,,,,,,,,,,,,,,,,,,,,,,,,,,,,,,,,,,,,,,,支持,支持,支持屏下指纹,非实体器件，使用超声代替,Type-C，USB 2.0 备注：标配数据线支持USB 2.0。,标配20V/3.3A充电器 备注：最大支持66W有线超级快充，需搭配66W荣耀超级快充充电套装使用。实际充电功率会随不同场景智能变化，请以实际使用情况为准。,,支持（屏下环境光传感器）,,,,USB Type-C 备注：支持Type-C数字耳机。,支持,支持（运营商和第三方软件） 备注：运营商功能因不同国家或地区运营商的支持情况而异，详情请咨询网络运营商。,支持,支持,,,,平行空间/隐私打码/魔法锁屏/全任意门/灵动胶囊/智慧运存/熄屏显示AOD/YOYO助理/荣耀笔记/文档模式/Magic Text/智慧互联/个人事务中心/纯净文件管理/多屏协同/无线投屏/荣耀分享/换机克隆/智慧多窗/智慧视觉/智慧识屏/情景智能/AI 字幕/支付保护中心/应用权限最小化/应用锁/应用分身/密码保险箱/备份与恢复/服务维修模式/深色模式/电子书模式,手势导航（默认）/屏幕内三键导航/悬浮导航,支持,800万像素摄像头（f/2.0光圈） 备注：不同模式的照片和视频的像素可能有差异，请以实际为准。,最大可支持 2520*1080像素 备注：不同拍摄模式的视频像素可能有差异，请以实际为准。,最大可支持  3264 × 2448 备注：不同拍照模式的照片像素可能有差异，请以实际为准。,最大可支持 2520*1080视频录制,1.08亿像素摄像头(f/1.75光圈) 备注：不同拍照模式的照片像素可能有差异，请以实际为准。,10倍数字变焦,最大可支持3840*2160像素 备注：不同拍摄模式的视频像素可能有差异，请以实际为准。,最大可支持 12000*9000像素 备注：不同拍照模式的照片像素可能有差异，请以实际为准。,最大支持4K视频录制，1080P 30FPS及以下规格支持防抖。 备注：不同拍摄模式的视频像素可能有差异，请以实际为准。,动态照片、人像模式、水印、滤镜、笑脸抓拍、自拍镜像、声控拍照、定时拍照、手势拍照等,电子防抖,,,,,,,,,,4xA78 *2.2GHz+4xA55*1.8GHz 备注：实际运行频率因应用负载智能调整。,第一代骁龙6移动平台,八核,Adreno 710,,支持,3gp/mp4,HONOR Histen 7.1,mp3/mid/amr/awb/3gp/mp4/m4a/aac/wav/ogg/flac/mkv,7.98mm,75.5mm,约188克（含电池） 备注：手机厚度不包含摄像头凸起部分，实际尺寸和重量依配置、制造工艺、测量方法的不同可能有所差异。,162.8mm,,,,2700×1224 像素 备注：该分辨率对应标准矩形，实际屏幕有效像素略少。,最高支持120Hz,,6.78英寸 备注：显示屏采用圆角设计，按照标准矩形测量时，屏幕的对角线长度是：6.78英寸（实际可视区域略小）,,,AMOLED,10.7亿色,多点触控，最多支持10点触控,,支持,荣耀66W超级快充 备注： 66W超级快充指充电器最高输出功率为66W。需搭配原装有线超级快充充电器与充电线使用，实际充电功率会随不同场景智能变化，请以实际使用情况为准。,6600mAh（典型值） 备注：电池额定容量为6500mAh,锂离子聚合物电池（荣耀青海湖电池）,MagicOS 8.0（基于Android 14）,"支持移动/电信 5G/4G+/4G/2G，联通5G/4G+/4G/3G/2G，广电5G/4G+/4G 备注：
*主卡指双卡管理中开通默认移动数据的卡。
*卡槽1、2可以任意切换为默认移动数据卡。
*如果两张都是电信卡，副卡（非默认移动数据卡）必须开通电信VoLTE业务，才能同时使用电信双卡。
*5G/4G网络使用，需要根据运营商网络和相关业务部署情况确定是否支持。",,,,,支持GPS、AGPS、Glonass，北斗、伽利略,BT 5.1，支持BLE，支持SBC、AAC，支持LDAC高清音频，支持aptX，aptX HD
荣耀X60,X系列,,honor-x60,https://www.honor.com/cn/phones/honor-x60/,58,,,,支持（反向供电时最大输出电流1A/5V）,,支持,,,,,,,,,802.11 a/b/g/n/ac,支持,支持,支持,2.4GHz和5GHz,,,,,,,,,,,,,,,,,,,,,,,,,,,,,,,,,,,,,,,,,,,,,,,,,,,,,,,,,,,,,,,,,,,,,,,,,,,,,,,,,,,,,,,,,,,,,,,,,,,,,,,,,,,,,,,,,,,,,,,,,,,,,,,,,,,,,,,,,,,,支持,支持,支持（侧边指纹），支持指纹解锁,非实体器件，使用超声代替,Type-C，USB 2.0 备注：标配数据线支持USB 2.0。,标配11V3.2A充电器 备注：最大支持35W有线超级快充，需搭配35W荣耀超级快充充电套装使用。实际充电功率会随不同场景智能变化，请以实际使用情况为准。,,支持（顶出环境光传感器）,,,,USB Type-C 备注：支持Type-C数字耳机。,支持,支持（运营商和第三方软件） 备注：运营商功能因不同国家或地区运营商的支持情况而异，详情请咨询网络运营商。,支持,支持,,,,平行空间/隐私打码/魔法锁屏/全任意门/灵动胶囊/智慧运存/熄屏显示AOD/YOYO助理/荣耀笔记/文档模式/个人事务中心/纯净文件管理/无线投屏/荣耀分享/换机克隆/智慧多窗/智慧视觉/智慧识屏/情景智能/AI 字幕/支付保护中心/应用权限最小化/应用锁/应用分身/密码保险箱/备份与恢复/服务维修模式/深色模式/电子书模式,手势导航（默认）、屏幕内三键导航、悬浮导航,支持,800万像素摄像头（f/2.0光圈） 备注：不同模式的照片和视频的像素可能有差异，请以实际为准。,最大可支持 2520*1080像素 备注：不同拍摄模式的视频像素可能有差异，请以实际为准。,最大可支持  3264 × 2448像素 备注：不同拍照模式的照片像素可能有差异，请以实际为准。,最大可支持 2520*1080视频录制,1.08亿像素摄像头(f/1.75光圈) 备注：不同拍照模式的照片像素可能有差异，请以实际为准。,10倍数字变焦,最大可支持2520×1080像素 备注：不同拍摄模式的视频像素可能有差异，请以实际为准。,最大可支持 12000*9000像素 备注：不同拍照模式的照片像素可能有差异，请以实际为准。,最大支持1080P视频录制 备注：不同拍摄模式的视频像素可能有差异，请以实际为准。,人像模式、水印、滤镜、笑脸抓拍、自拍镜像、声控拍照、定时拍照、手势拍照等,电子防抖,,,,,,,,,,2 × A78 2.5GHz + 6 × A55 2.0GHz 备注：实际运行频率因应用负载智能调整。,天玑 7025-Ultra,八核,BXM-8-256,,,3gp/mp4,HONOR Histen 7.1,mp3/mid/amr/awb/3gp/mp4/m4a/aac/wav/ogg/flac/mkv,7.88mm,75.8mm,约189克（含电池） 备注：手机厚度不包含摄像头凸起部分，实际尺寸和重量依配置、制造工艺、测量方法的不同可能有所差异。,165.98mm,,,,2412×1080 像素 备注：该分辨率对应标准矩形，实际屏幕有效像素略少。,最高支持120Hz,,6.8英寸 备注：显示屏采用圆角设计，按照标准矩形测量时，屏幕的对角线长度是：6.8英寸（实际可视区域略小）,,,TFT LCD,1670万色,多点触控，最多支持10点触控,,支持,荣耀35W超级快充 备注： 35W超级快充指充电器最高输出功率为35W。需搭配原装有线超级快充充电器与充电线使用，实际充电功率会随不同场景智能变化，请以实际使用情况为准。,5800mAh（典型值） 备注：电池额定容量为5700mAh,锂离子聚合物电池,MagicOS 8.0（基于Android 14）,"支持移动/电信 5G/4G+/4G/2G，联通5G/4G+/4G/3G/2G，广电5G/4G+/4G 备注：
*主卡指双卡管理中开通默认移动数据的卡。
*卡槽1、2可以任意切换为默认移动数据卡。
*如果两张都是电信卡，副卡（非默认移动数据卡）必须开通电信VoLTE业务，才能同时使用电信双卡。
*5G/4G网络使用，需要根据运营商网络和相关业务部署情况确定是否支持。",,,,,支持GPS、AGPS、Glonass，北斗、伽利略,BT5.3，支持BLE、SBC、AAC、LDAC、APTX、APTX HD
荣耀X60i,X系列,,honor-x60i,https://www.honor.com/cn/phones/honor-x60i/,55,,,,支持,,支持,,,,,,,,,802.11 a/b/g/n/ac,支持,支持,支持,2.4GHz和5GHz,,,,,,,,,,,,,,,,,,,,,,,,,,,,,,,,,,,,,,,,,,,,,,,,,,,,,,,,,,,,,,,,,,,,,,,,,,,,,,,,,,,,,,,,,,,,,,,,,,,,,,,,,,,,,,,,,,,,,,,,,,,,,,,,,,,,,,,,,,,,支持,支持,支持（屏下指纹）,支持 备注：非实体器件，使用超声代替,Type-C，USB 2.0,标配11V3.2A,,支持,,,,Type C耳机 /  转接线+3.5mm耳机,支持,支持（运营商和第三方软件） 备注：运营商功能因不同国家或地区运营商的支持情况而异，详情请咨询网络运营商。,支持,,,,,智慧视觉/智慧识屏/全屏翻译/YOYO助理/AI字幕/智慧多窗/深色模式/电子书模式/熄屏显示/个人事务中心/荣耀分享/荣耀笔记/纯净文件管理/无线投屏/应用分身/换机克隆/备份与恢复/支付保护中心/应用锁/密码保险箱/应用内容拖拽/平行空间/灵动胶囊/魔法锁屏,手势导航/屏幕内三键导航/悬浮导航,支持,800万像素摄像头（f/2.0光圈） 备注：不同模式的照片和视频的像素可能有差异，请以实际为准。,最大可支持 2520×1080像素 备注：不同拍摄模式的视频像素可能有差异，请以实际为准。,最大可支持3264x2448像素 备注：不同拍照模式的照片像素可能有差异，请以实际为准。,最大可支持1080P视频录制 备注：不同拍摄模式的视频像素可能有差异，请以实际为准。,5000万像素高清主摄像头（f/1.8光圈）+200万感光景深摄像头（f/2.4光圈） 备注：不同模式的照片和视频的像素可能有差异，请以实际为准。,10倍数字变焦,最大可支持2520×1080像素 备注：不同拍摄模式的视频像素可能有差异，请以实际为准。,最大可支持8160*6120像素 备注：不同拍照模式的照片像素可能有差异，请以实际为准。,最大可支持1080P视频录制 备注：不同拍摄模式的视频像素可能有差异，请以实际为准。,普通拍照、人像、录像、多镜录像、水印、笑脸抓拍、自拍镜像、手势拍照、滤镜,,,,,,,,,,,2xA76 2.4GHz + 6xA55 2.0Ghz 备注：实际运行频率因应用负载智能调整,天玑 6080,八核,Mali-G57 MC2,,,*.3gp、*.mp4、*.webm、*.mkv,HONOR Histen音效,*.mp3、*.mid、*.amr、*.awb、*.3gp、*.mp4、*.m4a、*.aac、*.wav、*.ogg、*.flac、*.mkv,7.18mm,74.55mm,约172克（含电池） 备注：手机厚度不包含摄像头凸起部分，实际尺寸和重量依配置、制造工艺、测量方法的不同可能有所差异。,161.05mm,,,,2412*1080,最高支持90Hz,,6.7英寸 备注：显示屏采用圆角设计，按照标准矩形测量时，屏幕的对角线长度是：6.7英寸（实际可视区域略小）,,,AMOLED,1670万色，DCI-P3广色域 备注：屏幕支持10.7亿色,多点触控，最多支持10点触控,,,手机最大支持35W超级快充 备注： 实际充电功率会随不同场景智能变化，请以实际为准,5000mAh（典型值） 备注：电池额定容量为4900mAh,锂离子聚合物电池,荣耀MagicOS 8.0(基于Android 14),"支持移动/电信5G/4G+/4G/2G，联通5G/4G+/4G/3G/2G，广电5G/4G+/4G 备注：
*卡槽1、2可以任意切换为默认移动数据卡。
*如果两张都是电信卡，副卡（非默认移动数据卡）必须开通电信VoLTE业务，才能同时使用电信双卡。
*实际网络使用，需要根据运营商网络和相关业务部署情况确定是否支持。",,,,,支持GPS、AGPS、Glonass、北斗、伽利略,BT5.1，支持BLE、SBC、AAC、LDAC、APTX、APTX HD
荣耀X50 GT,X系列,,honor-x50-gt,https://www.honor.com/cn/phones/honor-x50-gt/,58,支持,,,支持（反向供电时最大输出电流1.5A/5V）,,支持,,,,,,,,,802.11 a/b/g/n/ac/ax,支持,支持,支持,2.4GHz和5GHz,,,,,,,,,,,,,,,,,,,,,,,,,,,,,,,,,,,,,,,,,,,,,,,,,,,,,,,,,,,,,,,,,,,,,,,,,,,,,,,,,,,,,,,,,,,,,,,,,,,,,,,,,,,,,,,,,,,,,,,,,,,,,,,,,,,,,,,,,,,,支持,支持,支持屏下指纹,非实体器件，使用超声代替,Type-C，USB 2.0,11V3.2A充电器,,支持（屏下环境光传感器）,,,,Type C,支持,支持（运营商和第三方软件） 备注：运营商功能因不同国家或地区运营商的支持情况而异，详情请咨询网络运营商。,支持,支持,,,,荣耀笔记/文档模式/Magic Text/智慧互联/个人事务中心/纯净文件管理/多屏协同/无线投屏/荣耀分享/换机克隆/智慧多窗/YOYO智慧语音/智慧视觉/智慧识屏/情景智能/AI 字幕/支付保护中心/应用权限最小化/应用锁/应用分身/密码保险箱/备份与恢复/服务维修模式/深色模式/电子书模式,手势导航（默认）/屏幕内三键导航/悬浮导航,支持,800万像素摄像头（f/2.0光圈） 备注：不同模式的照片和视频的像素可能有差异，请以实际为准。,最大可支持 2520*1080像素 备注：不同拍摄模式的视频像素可能有差异，请以实际为准。,最大可支持  3264 × 2448 备注：不同拍照模式的照片像素可能有差异，请以实际为准。,支持,1.08亿像素摄像头(f/1.75光圈) + 200万像素摄像头(f/2.4光圈) 备注：不同拍照模式的照片像素可能有差异，请以实际为准。,8倍数字变焦,最大可支持3840*2160像素 备注：不同拍摄模式的视频像素可能有差异，请以实际为准。,最大可支持 12000*9000像素 备注：不同拍照模式的照片像素可能有差异，请以实际为准。,最大支持4K视频录制 备注：不同拍摄模式的视频像素可能有差异，请以实际为准。,人像模式、水印、滤镜、笑脸抓拍、自拍镜像、声控拍照、定时拍照、手势拍照、延时摄影等,电子防抖,,,,,,,,,,3.0GHz X2*1+2.5GHz A710*3+1.8GHz A510*4 备注：实际运行频率因应用负载智能调整。,第一代骁龙8+移动平台,八核,Adreno 730,,,3gp/mp4,HONOR Histen 7.1,mp3/mid/amr/awb/3gp/mp4/m4a/aac/wav/ogg/flac/mkv,7.98mm,75.5mm,约192克（含电池） 备注：手机厚度不包含摄像头凸起部分，实际尺寸和重量依配置、制造工艺、测量方法的不同可能有所差异。,163.6mm,,,,1200×2652 像素 备注：该分辨率对应标准矩形，实际屏幕有效像素略少。,最高支持120Hz,,6.78英寸 备注：显示屏采用圆角设计，按照标准矩形测量时，屏幕的对角线长度是：6.78英寸（实际可视区域略小）,,,AMOLED,10.7亿色,多点触控，最多支持10点触控,,,支持,5800mAh（典型值） 备注：电池额定容量为5700mAh,锂聚合物电池,MagicOS 7.2（基于Android 13）,"支持移动/电信5G/4G+/4G/2G，联通5G/4G+/4G/3G/2G，广电5G/4G+/4G 备注：
*主卡指双卡管理中开通默认移动数据的卡。
*卡槽1、2可以任意切换为默认移动数据卡。
*如果两张都是电信卡，副卡（非默认移动数据卡）必须开通电信VoLTE业务，才能同时使用电信双卡。
*5G/4G网络使用，需要根据运营商网络和相关业务部署情况确定是否支持。",,,,,支持GPS、AGPS、Clonass，北斗、伽利略,Bluetooth 5.2，支持低功耗蓝牙、SBC、AAC、LDAC、APTX、APTX HD
荣耀X50,X系列,,honor-x50,https://www.honor.com/cn/phones/honor-x50/,56,,,,支持（反向供电时最大输出电流1.2A/5V）,,支持,,,,,,,,,802.11 a/b/g/n/ac,支持,支持,支持,2.4GHz和5GHz,,,,,,,,,,,,,,,,,,,,,,,,,,,,,,,,,,,,,,,,,,,,,,,,,,,,,,,,,,,,,,,,,,,,,,,,,,,,,,,,,,,,,,,,,,,,,,,,,,,,,,,,,,,,,,,,,,,,,,,,,,,,,,,,,,,,,,,,,,,,支持,支持,支持屏下指纹,,Type-C，USB 2.0,11V3.2A充电器,,支持（屏下环境光传感器）,,,,Type C,支持,支持（运营商和第三方软件） 备注：运营商功能因不同国家或地区运营商的支持情况而异，详情请咨询网络运营商。,支持,支持,,,,荣耀笔记/文档模式/Magic Text/超级终端/个人事务中心/纯净文件管理/多屏协同/无线投屏/荣耀分享/换机克隆/智慧多窗/YOYO智慧语音/智慧视觉/智慧识屏/情景智能/AI 字幕/支付保护中心/应用权限最小化/应用锁/应用分身/密码保险箱/备份与恢复/服务维修模式/深色模式/电子书模式,手势导航（默认）/屏幕内三键导航/悬浮导航,支持,800万像素摄像头（f/2.0光圈） 备注：不同模式的照片和视频的像素可能有差异，请以实际为准。,最大可支持 2520*1080像素 备注：不同拍摄模式的视频像素可能有差异，请以实际为准。,最大可支持  3264*2448 备注：不同拍照模式的照片像素可能有差异，请以实际为准。,支持,1.08亿像素摄像头(f/1.75光圈) + 200万像素摄像头(f/2.4光圈) 备注：不同拍照模式的照片像素可能有差异，请以实际为准。,8倍数字变焦,最大可支持3840*2160像素 备注：不同拍摄模式的视频像素可能有差异，请以实际为准。,最大可支持 12000*9000像素 备注：不同拍照模式的照片像素可能有差异，请以实际为准。,最大支持4K视频录制 备注：不同拍摄模式的视频像素可能有差异，请以实际为准。,人像模式、延时摄影、水印、滤镜、笑脸抓拍、自拍镜像、声控拍照、定时拍照、手势拍照等,支持,,,,,,,,,,4xA78 *2.2GHz+4xA55*1.8GHz 备注：实际运行频率因应用负载智能调整。,第一代骁龙6移动平台,八核,Adreno 710,,,3gp/mp4,HONOR Histen 7.0,mp3/mid/amr/awb/3gp/mp4/m4a/aac/wav/ogg/flac/mkv,7.98mm,75.5mm,约185克（含电池） 备注：手机厚度不包含摄像头凸起部分，实际尺寸和重量依配置、制造工艺、测量方法的不同可能有所差异。,163.6mm,,,,1200*2652 像素 备注：该分辨率对应标准矩形，实际屏幕有效像素略少。,最高支持120Hz,,6.78英寸 备注：显示屏采用圆角设计，按照标准矩形测量时，屏幕的对角线长度是：6.78英寸（实际可视区域略小）,,,AMOLED,10.7亿色,多点触控，最多支持10点触控,,,支持,5800mAh（典型值） 备注：电池额定容量为5700mAh,锂聚合物电池,MagicOS 7.1.1（基于Android 13）,"支持移动/电信5G/4G+/4G/2G，联通5G/4G+/4G/3G/2G，广电5G/4G+/4G 备注：
*卡槽1, 2可以任意切换为默认移动数据卡。
*如果两张都是电信卡，副卡（非默认移动数据卡）必须开通电信VoLTE业务，才能同时使用电信双卡。
*实际网络使用，需要根据运营商网络和相关业务部署情况确定是否支持。",,,,,支持GPS、AGPS、Glonass，北斗、伽利略,BT5.1，支持SBC、AAC、LDAC
荣耀X40 GT竞速版,X系列,,honor-x40-gt-plus,https://www.honor.com/cn/phones/honor-x40-gt-plus/,58,支持,,,支持,,支持,,,,,,,,,802.11 a/b/g/n/ac/ax，2x2 MIMO,支持,支持,支持,2.4GHz和5GHz,,,,,,,,,,,,,,,,,,,,,,,,,,,,,,,,,,,,,,,,,,,,,,,,,,,,,,,,,,,,,,,,,,,,,,,,,,,,,,,,,,,,,,,,,,,,,,,,,,,,,,,,,,,,,,,,,,,,,,,,,,,,,,,,,,,,,,,,,,,,支持无线投屏,支持,支持（侧边指纹）,支持 备注：非实体器件，使用软件替代,USB Type-C，支持USB 2.0,荣耀66W超级快充充电器,,支持,,,,USB Type-C,支持,支持（运营商和第三方软件） 备注：运营商功能因不同国家或地区运营商的支持情况而异，详情请咨询网络运营商。,支持,支持,,,,电子书模式/换机克隆/智慧多窗/智慧视觉/智慧识屏/AI 字幕/支付保护中心/应用锁/应用分身/密码保险箱/备份和恢复/YOYO建议/运动健康/单手模式/杂志锁屏/玩机技巧,手势导航/屏幕内三键导航/悬浮导航,支持2D人脸识别,1600万像素摄像头（f/2.45光圈） 备注：不同模式的照片和视频的像素可能有差异，请以实际为准。,最大可支持1920×1080像素 备注：不同拍摄模式的视频像素可能有差异，请以实际为准。,最大可支持 4608×3456像素 备注：不同拍照模式的照片像素可能有差异，请以实际为准。,最大可支持1080P视频录制,5000万像素高清主摄像头（f/1.8光圈）+200万感光景深摄像头（f/2.4光圈）+200万感光微距摄像头（f/2.4光圈） 备注：不同模式的照片和视频的像素可能有差异，请以实际为准。,最大10倍数字变焦 备注：不同模式下可能有差异，请以实际为准。,最大可支持 3840 × 2160像素 备注：不同拍摄模式的视频像素可能有差异，请以实际为准。,最大可支持8192*6144像素 备注：不同拍照模式的照片像素可能有差异，请以实际为准。,最大支持4K（3840×2160）视频录制，支持EIS视频防抖,前置摄像头：人像模式、滤镜、笑脸抓拍、自拍镜像、声控拍照、定时拍摄、手势拍照、夜景模式、延时摄影、水印,电子防抖（EIS）,,,,,,,,,,1×Cortex-X1 2.84GHz + 3×Cortex-A78 2.42GHz+ 4×Cortex-A55 1.8GHz 备注：实际运行频率因应用负载智能调整。,骁龙888,八核,Adreno 660,,,*.3gp、*.mp4、*.webm、*.mkv,HONOR Histen音效,*.mp3、*.mid、*.amr、*.awb、*.3gp、*.mp4、*.m4a、*.aac、*.wav、*.ogg、*.flac、*.mkv,8.45mm,75.8mm,约199.5克（含电池） 备注：实际尺寸/重量依配置、制造工艺、测量方法的不同可能有所差异,166.1mm,,,,2388*1080 像素,最高支持144Hz,,6.81英寸 备注：显示屏采用圆角设计，按照标准矩形测量时，屏幕的对角线长度是6.81英寸（实际可视区域略小）,,,TFT LCD（IPS）,1670万色,多点触控，最多支持10点触控,,,手机支持最大11V/6A超级快充 备注：实际充电功率会随不同场景智能变化，请以实际为准。,4800mAh（典型值） 备注：电池额定容量为4700mAh。（内置不可拆卸）,锂聚合物电池,Magic UI 7.0（基于Android 12）,"支持联通/电信 5G/4G+/4G/3G/2G，移动5G/4G+/4G/2G，广电5G/4G+/4G 备注：
*卡槽1、2可以任意切换为默认移动数据卡。
*如果两张都是电信卡，副卡（非默认移动数据卡）必须开通电信VoLTE业务，才能同时使用电信双卡。
*实际网络使用，需要根据运营商网络和相关业务部署情况确定是否支持。",,,,,支持 GPS/AGPS/GLONASS/北斗/伽利略,BT5.2
荣耀X50i+,X系列,,honor-x50i-plus,https://www.honor.com/cn/phones/honor-x50i-plus/,54,,,,支持,,支持,,,,,,,,,802.11 a/b/g/n/ac,支持,支持,支持,2.4GHz和5GHz,,,,,,,,,,,,,,,,,,,,,,,,,,,,,,,,,,,,,,,,,,,,,,,,,,,,,,,,,,,,,,,,,,,,,,,,,,,,,,,,,,,,,,,,,,,,,,,,,,,,,,,,,,,,,,,,,,,,,,,,,,,,,,,,,,,,,,,,,,,,支持,支持,支持（侧边指纹），支持指纹解锁,支持 备注：非实体器件，使用超声代替,Type-C，USB 2.0,标配11V3.2A,,支持,,,,Type C耳机 /  转接线+3.5mm耳机,支持,支持（运营商和第三方软件） 备注：运营商功能因不同国家或地区运营商的支持情况而异，详情请咨询网络运营商。,支持,,,,,人脸识别/支付保护中心/单手模式/应用锁/应用分身/备份和恢复,,支持,800万像素摄像头（f/2.0光圈） 备注：不同模式的照片和视频的像素可能有差异，请以实际为准。,最大可支持 1920x1080像素 备注：不同拍摄模式的视频像素可能有差异，请以实际为准。,最大可支持3264x2448像素 备注：不同拍照模式的照片像素可能有差异，请以实际为准。,最大可支持1080P视频录制 备注：不同拍摄模式的视频像素可能有差异，请以实际为准。,1.08亿像素高清主摄像头（f/1.75光圈）+200万感光景深摄像头（f/2.4光圈） 备注：不同模式的照片和视频的像素可能有差异，请以实际为准。,10倍数字变焦,最大可支持1080*1920像素 备注：不同拍摄模式的视频像素可能有差异，请以实际为准。,最大可支持12000*9000像素 备注：不同拍照模式的照片像素可能有差异，请以实际为准。,最大可支持1080P视频录制 备注：不同拍摄模式的视频像素可能有差异，请以实际为准。,普通拍照、人像、录像、延时摄影、水印、笑脸抓拍、自拍镜像、手势拍照、滤镜,,,,,,,,,,,2xA76 2.4GHz + 6xA55 2.0Ghz 备注：实际运行频率因应用负载智能调整,天玑 6080,八核,Mali-G57 MC2,,,*.3gp、*.mp4、*.webm、*.mkv,HONOR Histen音效,*.mp3、*.mid、*.amr、*.awb、*.3gp、*.mp4、*.m4a、*.aac、*.wav、*.ogg、*.flac、*.mkv,6.78mm,74.55mm,约166克（含电池） 备注：手机厚度不包含摄像头凸起部分，实际尺寸和重量依配置、制造工艺、测量方法的不同可能有所差异。,161.05mm,,,,2412*1080,最高支持90Hz,,6.7英寸 备注：显示屏采用圆角设计，按照标准矩形测量时，屏幕的对角线长度是：6.7英寸（实际可视区域略小）,,,AMOLED,1670万色，DCI-P3广色域 备注：屏幕支持10.7亿色,多点触控，最多支持10点触控,,,手机最大支持35W超级快充 备注： *实际充电功率会随不同场景智能变化，请以实际为准,4500mAh（典型值） 备注：电池额定容量为4400mAh,锂离子聚合物电池,荣耀MagicOS 7.2(基于Android 13),支持移动/电信5G/4G+/4G/2G，联通5G/4G+/4G/3G/2G，广电5G/4G+/4G 备注：*卡槽1、2可以任意切换为默认移动数据卡。*如果两张都是电信卡，副卡（非默认移动数据卡）必须开通电信VoLTE业务，才能同时使用电信双卡。*实际网络使用，需要根据运营商网络和相关业务部署情况确定是否支持。,,,,,支持GPS、AGPS、Clonass，北斗、伽利略,BT5.1，支持BLE、SBC、AAC、LDAC、APTX、APTX HD
荣耀X50i,X系列,,honor-x50i,https://www.honor.com/cn/phones/honor-x50i/,52,,,,支持,,支持,,,,,,,,,802.11 a/b/g/n/ac,支持,支持,支持,2.4GHz和5GHz,,,,,,,,,,,,,,,,,,,,,,,,,,,,,,,,,,,,,,,,,,,,,,,,,,,,,,,,,,,,,,,,,,,,,,,,,,,,,,,,,,,,,,,,,,,,,,,,,,,,,,,,,,,,,,,,,,,,,,,,,,,,,,,,,,,,,,,,,,,,支持,支持,支持（侧边指纹），支持指纹解锁,支持 备注：非实体器件，使用软件替代,Type-C，USB 2.0,标配11V3.2A,,支持,,,,Type C耳机 /  转接线+3.5mm耳机,支持,支持（运营商和第三方软件） 备注：运营商功能因不同国家或地区运营商的支持情况而异，详情请咨询网络运营商。,支持,,,,,人脸解锁/支付保护中心/单手操作/应用锁/应用分身/备份与恢复,,,800万像素摄像头（f/2.0光圈） 备注：不同模式的照片和视频的像素可能有差异，请以实际为准。,最大可支持 1920x1080像素 备注：不同拍摄模式的视频像素可能有差异，请以实际为准。,最大可支持3264x2448像素 备注：不同拍照模式的照片像素可能有差异，请以实际为准。,,1亿像素高清主摄像头（f/1.9光圈）+200万感光景深摄像头（f/2.4光圈） 备注：不同模式的照片和视频的像素可能有差异，请以实际为准。,10倍数字变焦,最大可支持1080*1920像素 备注：不同拍摄模式的视频像素可能有差异，请以实际为准。,最大可支持11584*8688像素 备注：不同拍照模式的照片像素可能有差异，请以实际为准。,最大可支持1920x1080像素 备注：不同拍摄模式的视频像素可能有差异，请以实际为准。,前置摄像头：普通拍照、人像模式、延时摄影、笑脸抓拍、自拍镜像、手势拍照、滤镜、水印,,,,,,,,,,,2xA76 2.2GHz + 6xA55 2.0Ghz 备注：实际运行频率因应用负载智能调整,天玑 6020,八核,Mali-G57 MC2,,,*.3gp、*.mp4、*.webm、*.mkv,HONOR Histen音效,*.mp3、*.mid、*.amr、*.awb、*.3gp、*.mp4、*.m4a、*.aac、*.wav、*.ogg、*.flac、*.mkv,7.48mm,74.5mm,约179克（含电池） 备注：手机厚度不包含摄像头凸起部分，实际尺寸和重量依配置、制造工艺、测量方法的不同可能有所差异。,162.9mm,,,,2388×1080,最高支持90Hz,,6.7英寸 备注：显示屏采用圆角设计，按照标准矩形测量时，屏幕的对角线长度是：6.7英寸（实际可视区域略小）,,,LTPS LCD,1670万色,多点触控，最多支持10点触控,,,手机最大支持35W超级快充 备注： *实际充电功率会随不同场景智能变化，请以实际为准,4500mAh（典型值） 备注：电池额定容量为4400mAh,锂离子聚合物电池,荣耀MagicOS 7.1（基于Android 13）,支持移动/电信5G/4G+/4G/2G，联通5G/4G+/4G/3G/2G，广电5G/4G+/4G 备注：*卡槽1、2可以任意切换为默认移动数据卡。*如果两张都是电信卡，副卡（非默认移动数据卡）必须开通电信VoLTE业务，才能同时使用电信双卡。*实际网络使用，需要根据运营商网络和相关业务部署情况确定是否支持。,,,,,支持GPS、AGPS、Glonass，北斗、伽利略,BT5.1，支持BLE、SBC、AAC、LDAC、APTX、APTX HD
荣耀X50 Pro,X系列,,honor-x50-pro,https://www.honor.com/cn/phones/honor-x50-pro/,48,支持,,,支持 备注：反向供电时最大输出电流1.5A/5V,,,,,,,,,,,802.11 a/b/g/n/ac/ax,支持,支持,支持,2.4GHz和5GHz,,,,,,,,,,,,,,,,,,,,,,,,,,,,,,,,,,,,,,,,,,,,,,,,,,,,,,,,,,,,,,,,,,,,,,,,,,,,,,,,,,,,,,,,,,,,,,,,,,,,,,,,,,,,,,,,,,,,,,,,,,,,,,,,,,,,,,,,支持,,,92.85% 备注：计算方法为“可视区域/触摸屏区域”。,,支持,支持屏下指纹,非实体器件，使用超声代替,Type-C，USB 2.0,标配11V3.2A,,,,,,Type C,支持,,,支持,,,,支持指南针/手电筒/镜子/日历/图库/音乐/视频/计算器/笔记/录音机/天气时钟/文件管理/系统管家/健康使用手机,,支持,800万像素摄像头（f/2.0光圈） 备注：不同拍照模式的照片像素可能有差异，请以实际为准。,最大可支持 2520*1080像素 备注：不同拍摄模式的视频像素可能有差异，请以实际为准。,最大可支持 3264 × 2448 备注：不同拍照模式的照片像素可能有差异，请以实际为准。,,1.08亿像素摄像头（f/1.75光圈）+ 200万像素摄像头（f/2.4光圈） 备注：不同拍照模式的照片像素可能有差异，请以实际为准。,,最大可支持3840*2160像素 备注：不同拍摄模式的视频像素可能有差异，请以实际为准。,最大可支持12000*9000像素 备注：不同拍照模式的照片像素可能有差异，请以实际为准。,,全景拍照、文档扫描、高像素模式、大光圈、夜景模式、人像模式(含美肤)、专业拍照、HDR、滤镜、水印、笑脸抓拍、声控拍照、定时拍照、连拍、慢动作、多镜录像、微电影、延时摄影等 前置摄像头：人像模式、水印、滤镜、笑脸抓拍、自拍镜像、声控拍照、定时拍照、手势拍照、延时摄影等,电子防抖,,,,,,,,,,3.0GHz X2*1+2.5GHz A710*3+1.8GHz A510*4,第一代骁龙8+移动平台,八核,Adreno 730,,,,,,7.98mm 备注：手机厚度不包含摄像头凸起部分，实际尺寸依配置、制造工艺、测量方法的不同可能有所差异。,75.5mm,约192克（含电池） 备注：实际重量依配置、制造工艺、测量方法的不同可能有所差异。,163.6mm,,,,1200×2652,60Hz/120Hz,,6.78英寸 备注：显示屏采用圆角设计，按照标准矩形测量时，屏幕的对角线长度是 6.78 英寸（实际可视区域略小）。,,,AMOLED,10.7亿色,多点触控，最多支持10点触控,,,支持（最大11V/3.2A超级快充，兼容9V/2A，5V/2A充电）,5800mAh（典型值） 备注：电池额定容量为 5700mAh,锂聚合物电池,MagicOS 7.2（基于Android 13）,支持移动/电信 5G/4G+/4G/2G，联通5G/4G+/4G/3G/2G，广电5G/4G+/4G 备注：*主卡指双卡管理中开通默认移动数据的卡。*卡槽1、2可以任意切换为默认移动数据卡。*如果两张都是电信卡，副卡（非默认移动数据卡）必须开通电信VoLTE业务，才能同时使用电信双卡。*5G/4G网络使用，需要根据运营商网络和相关业务部署情况确定是否支持。,,,,,支持GPS、AGPS、Glonass，北斗、伽利略,Bluetooth 5.2，支持低功耗蓝牙、SBC、AAC、LDAC、APTX、APTX HD
荣耀X40,X系列,,honor-x40,https://www.honor.com/cn/phones/honor-x40/,56,,,,支持,,支持,,,,,,,,,802.11 a/b/g/n/ac,支持,支持,支持,2.4GHz和5GHz,,,,,,,,,,,,,,,,,,,,,,,,,,,,,,,,,,,,,,,,,,,,,,,,,,,,,,,,,,,,,,,,,,,,,,,,,,,,,,,,,,,,,,,,,,,,,,,,,,,,,,,,,,,,,,,,,,,,,,,,,,,,,,,,,,,,,,,,,,,,支持,支持,支持屏下指纹,,Type-C，USB 2.0,标配10V4A,,支持,,,,Type C,支持,支持（运营商和第三方软件） 备注：运营商功能因不同国家或地区运营商的支持情况而异，详情请咨询网络运营商。,支持,支持,,,,个人事务中心/纯净文件管理/多屏协同/无线投屏/荣耀分享/换机克隆/智慧多窗/YOYO智慧语音/智慧视觉/智慧识屏/情景智能/AI 字幕/支付保护中心/应用权限最小化/应用锁/应用分身/密码保险箱/备份与恢复/服务维修模式/深色模式/电子书模式,手势导航（默认）、屏幕内三键导航、悬浮导航,支持2D人脸识别,800万像素摄像头（f/2.0光圈） 备注：不同拍照模式的照片像素可能有差异，请以实际为准,最大可支持  1920*1080像素 备注：不同拍摄模式的视频像素可能有差异，请以实际为准。,最大可支持3264*2448像素 备注：不同拍照模式的照片像素可能有差异，请以实际为准。,最大支持1080P视频录制,5000万像素摄像头(f/1.8光圈) + 200万像素摄像头(f/2.4光圈) 备注：不同拍照模式的照片像素可能有差异，请以实际为准。,8倍数字变焦,最大可支持 1920× 1080像素 备注：不同拍摄模式的视频像素可能有差异，请以实际为准。,最大可支持  8192*6144像素 备注：不同拍照模式的照片像素可能有差异，请以实际为准。,最大支持1080P，支持防抖,"后置摄像头：高像素模式、延时摄影、大光圈、多镜录像、夜景模式、人像模式(含美肤)、录像、微电影、专业拍照、全景、HDR、滤镜、水印、笑脸抓拍、声控拍照、定时拍照、连拍、AI摄影等

前置摄像头：人像模式、延时摄影、水印、滤镜、笑脸抓拍、自拍镜像、声控拍照、定时拍照、手势拍照等",支持,,,,,,,,,,2*A78*2.2GHz+6*A55*1.8GHz 备注：实际运行频率因应用负载智能调整,骁龙695,八核,Adreno 619,,,3gp//mp4,HONOR Histen 7.0,*.mp3、*.mid、*.amr、*.awb、*.3gp、*.mp4、*.m4a、*.aac、*.wav、*.ogg、*.flac、*.mkv,7.9mm,73.9mm,约172克（含电池） 备注：实际尺寸/重量依配置、制造工艺、测量方法的不同可能有所差异,161.6mm,,,,2400×1080,60Hz/120Hz,,6.67英寸,,,AMOLED,10.7亿色,多点触控，最多支持10点触控,,,支持,5100mAh（典型值） 备注：电池额定容量为 5000mAh,锂聚合物电池,Magic UI 6.1（基于Android 12）,"支持联通/电信5G/4G+/4G/3G/2G，移动 5G/4G+/4G/2G 备注：
*主卡指双卡管理中开通默认移动数据的卡。
*卡槽1、2可以任意切换为默认移动数据卡。
*如果两张都是电信卡，副卡（非默认移动数据卡）必须开通电信VoLTE业务，才能同时使用电信双卡。
*5G/4G网络使用，需要根据运营商网络和相关业务部署情况确定是否支持。",,,,,支持GPS、AGPS、北斗、Glonass,蓝牙5.1，支持BLE，支持SBC、AAC，支持LDAC高清音频，支持aptX，aptX HD
荣耀X40 GT,X系列,,honor-x40-gt,https://www.honor.com/cn/phones/honor-x40-gt/,58,支持,,,支持,,支持,,,,,,,,,802.11 a/b/g/n/ac/ax，2x2 MIMO,支持,支持,支持,2.4GHz和5GHz,,,,,,,,,,,,,,,,,,,,,,,,,,,,,,,,,,,,,,,,,,,,,,,,,,,,,,,,,,,,,,,,,,,,,,,,,,,,,,,,,,,,,,,,,,,,,,,,,,,,,,,,,,,,,,,,,,,,,,,,,,,,,,,,,,,,,,,,,,,,支持无线投屏,支持,支持（侧边指纹）,支持 备注：非实体器件，使用软件替代,USB Type-C，支持USB 2.0,荣耀66W超级快充充电器,,支持,,,,USB Type-C,支持,支持（运营商和第三方软件） 备注：运营商功能因不同国家或地区运营商的支持情况而异，详情请咨询网络运营商。,支持,支持,,,,电子书模式/换机克隆/智慧多窗/智慧视觉/智慧识屏/AI 字幕/支付保护中心/应用锁/应用分身/密码保险箱/备份和恢复/YOYO建议/运动健康/单手模式/杂志锁屏/玩机技巧,手势导航/屏幕内三键导航/悬浮导航,支持2D人脸识别,1600万像素摄像头（f/2.45光圈） 备注：不同模式的照片和视频的像素可能有差异，请以实际为准。,最大可支持1920×1080像素 备注：不同拍摄模式的视频像素可能有差异，请以实际为准。,最大可支持 4608×3456像素 备注：不同拍照模式的照片像素可能有差异，请以实际为准。,最大可支持1080P视频录制,5000万像素高清主摄像头（f/1.8光圈）+200万感光景深摄像头（f/2.4光圈）+200万感光微距摄像头（f/2.4光圈） 备注：不同模式的照片和视频的像素可能有差异，请以实际为准。,最大10倍数字变焦 备注：不同模式下可能有差异，请以实际为准。,最大可支持 3840 × 2160像素 备注：不同拍摄模式的视频像素可能有差异，请以实际为准。,最大可支持8192*6144像素 备注：不同拍照模式的照片像素可能有差异，请以实际为准。,最大支持4K（3840×2160）视频录制，支持EIS视频防抖,前置摄像头：人像模式、滤镜、笑脸抓拍、自拍镜像、声控拍照、定时拍摄、手势拍照、夜景模式、延时摄影、水印,电子防抖（EIS）,,,,,,,,,,1×Cortex-X1 2.84GHz + 3×Cortex-A78 2.42GHz+ 4×Cortex-A55 1.8GHz 备注：实际运行频率因应用负载智能调整。,骁龙888,八核,Adreno 660,,,*.3gp、*.mp4、*.webm、*.mkv,HONOR Histen音效,*.mp3、*.mid、*.amr、*.awb、*.3gp、*.mp4、*.m4a、*.aac、*.wav、*.ogg、*.flac、*.mkv,8.45mm,75.8mm,约199.5克（含电池） 备注：实际尺寸/重量依配置、制造工艺、测量方法的不同可能有所差异,166.1mm,,,,2388*1080 像素,最高支持144Hz,,6.81英寸 备注：显示屏采用圆角设计，按照标准矩形测量时，屏幕的对角线长度是6.81英寸（实际可视区域略小）,,,TFT LCD（IPS）,1670万色,多点触控，最多支持10点触控,,,手机支持最大11V/6A超级快充 备注：实际充电功率会随不同场景智能变化，请以实际为准。,4800mAh（典型值） 备注：电池额定容量为4700mAh。（内置不可拆卸）,锂聚合物电池,Magic UI 6.1（基于Android 12）,"支持联通/电信 5G/4G+/4G/3G/2G，移动5G/4G+/4G/2G，广电5G/4G+/4G 备注：
*卡槽1、2可以任意切换为默认移动数据卡。
*如果两张都是电信卡，副卡（非默认移动数据卡）必须开通电信VoLTE业务，才能同时使用电信双卡。
*实际网络使用，需要根据运营商网络和相关业务部署情况确定是否支持。",,,,,支持 GPS/AGPS/GLONASS/北斗/伽利略,BT5.2
荣耀X40i,X系列,,honor-x40i,https://www.honor.com/cn/phones/honor-x40i/,54,,,,支持,,支持,,,,,,,,,802.11 a/b/g/n/ac,支持,支持,支持,2.4GHz和5GHz,,,,,,,,,,,,,,,,,,,,,,,,,,,,,,,,,,,,,,,,,,,,,,,,,,,,,,,,,,,,,,,,,,,,,,,,,,,,,,,,,,,,,,,,,,,,,,,,,,,,,,,,,,,,,,,,,,,,,,,,,,,,,,,,,,,,,,,,,,,,,支持,支持（侧边指纹）,支持 备注：非实体器件，使用软件替代,Type-C，支持USB 2.0,超级快充10V/4A充电器,,支持,,,,3.5mm,支持,支持（运营商和第三方软件） 备注：运营商功能因不同国家或地区运营商的支持情况而异，详情请咨询网络运营商。,支持,,,,,电子书模式/换机克隆/智慧多窗/智慧视觉/智慧识屏/AI 字幕/支付保护中心/应用锁/应用分身/密码保险箱/备份和恢复/YOYO建议/运动健康/单手模式/杂志锁屏/玩机技巧,手势导航/屏幕内三键导航/悬浮导航,支持2D人脸识别,800万像素摄像头（f/2.0光圈） 备注：不同模式的照片和视频的像素可能有差异，请以实际为准。,最大可支持1080*1920像素 备注：不同拍摄模式的视频像素可能有差异，请以实际为准。,最大可支持 3264*2448像素 备注：不同拍照模式的照片像素可能有差异，请以实际为准。,最大可支持1080P视频录制,5000万像素高清主摄像头（f/1.8光圈）+200万感光景深摄像头（f/2.4光圈） 备注：不同模式的照片和视频的像素可能有差异，请以实际为准。,最大10倍数字变焦 备注：不同模式下可能有差异，请以实际为准。,最大可支持1080*1920像素 备注：不同拍摄模式的视频像素可能有差异，请以实际为准。,最大可支持8192*6144像素 备注：不同拍照模式的照片像素可能有差异，请以实际为准。,最大可支持1080P视频录制,前置摄像头：人像、拍照、滤镜、录像、延时摄影、水印、笑脸抓拍、自拍镜像、声控拍照、定时拍摄、手势拍照等,,,,,,,,,,,2xA76 2.2GHz+6xA55 2.0GHz 备注：实际运行频率因应用负载智能调整,天玑700,八核,Mali-G57,,,*.3gp、*.mp4、*.webm、*.mkv,HONOR Histen音效,*.mp3、*.mid、*.amr、*.awb、*.3gp、*.mp4、*.m4a、*.aac、*.wav、*.ogg、*.flac、*.mkv,7.43mm,74.5mm,约175克（含电池） 备注：实际尺寸/重量依配置、制造工艺、测量方法的不同可能有所差异,162.9mm,,,,2388*1080 像素,最高支持90Hz,,6.7英寸 备注：显示屏采用圆角设计，按照标准矩形测量时，屏幕的对角线长度是6.7英寸（实际可视区域略小）,,,LTPS LCD,1670万色,多点触控，最多支持10点触控,,,支持,4000mAh（典型值） 备注：电池额定容量为3900mAh。（内置不可拆卸）,锂聚合物电池,Magic UI 6.1（基于Android 12）,"支持联通/电信 5G/4G+/4G/3G/2G，移动5G/4G+/4G/2G，广电5G/4G+/4G 备注：
*卡槽1、2可以任意切换为默认移动数据卡。
*如果两张都是电信卡，副卡（非默认移动数据卡）必须开通电信VoLTE业务，才能同时使用电信双卡。
*实际网络使用，需要根据运营商网络和相关业务部署情况确定是否支持。",,,,,支持GPS、AGPS、北斗、Glonass,BT5.1
荣耀X30,X系列,,honor-x30,https://www.honor.com/cn/phones/honor-x30/,42,,,,支持（反向供电时最大输出电流1A/5V）,,,,,,,,,,,802.11 a/b/g/n/ac 备注: 需要相应的路由器支持,支持,支持,,2.4G和5G,,,,,,,,,,,,,,,,,,,,,,,,,,,,,,,,,,,,,,,,,,,,,,,,,,,,,,,,,,,,,,,,,,,,,,,,,,,,,,,,,,,,,,,,,,,,,,,,,,,,,,,,,,,,,,,,,,,,,,,,,,,,,,,,,,,,,,,,,,,,支持,支持,支持,,Type-C，支持USB 2.0 备注：标配数据线支持USB 2.0。,超级快充66w充电器,,支持,,,,USB Type-C 备注：支持Type-C耳机。,,支持（运营商和第三方软件）,支持,支持,,,,,,支持,1600万像素（f/2.45光圈） 备注：不同模式的照片和视频的像素可能有差异，请以实际为准。,最大可支持1920×1080像素 备注：不同拍摄模式的视频像素可能有差异，请以实际为准。,最大可支持4608×3456像素 备注：不同拍照模式的照片像素可能有差异，请以实际为准。,,4800万像素主摄摄像头（f/1.8光圈）+200万景深摄像头（f/2.4光圈）+200万微距摄像头（f/2.4光圈） 备注：不同模式的照片和视频的像素可能有差异，请以实际为准。,,最大可支持1920×1080像素 备注：不同拍摄模式的视频像素可能有差异，请以实际为准。,最大可支持8000×6000像素 备注：不同拍照模式的照片像素可能有差异，请以实际为准。,,前置摄像头：人像模式、夜景模式、延时摄影、水印、滤镜、笑脸抓拍、自拍镜像、声控拍照、定时拍照、手势拍照等,,,,,,,,,,,2*A78*2.2GHz+6*A55*1.8GHz,高通骁龙695,八核,Adreno 619,,,,,,8.05mm,75.78mm,约189克（含电池） 备注：实际尺寸/重量依配置、制造工艺、测量方法的不同可能有所差异。,166.07mm,,,,1080*2388 像素 备注：该分辨率对应标准矩形，实际屏幕有效像素略少。,,,6.81英寸,,,TFT LCD（IPS）,1670万色,多点触控触摸屏，最多支持10点触控,,,,4800mAh（典型值） 备注：电池额定容量为4700mAh。（内置不可拆卸）,锂聚合物电池,Android 11（R版本）,"支持联通/电信5G/4G+/4G/3G/2G，移动 5G/4G+/4G/2G，广电5G/4G+/4G 备注：
*卡槽1, 2可以任意切换为默认移动数据卡。
*如果两张都是电信卡，副卡（非默认移动数据卡）必须开通电信VoLTE业务，才能同时使用电信双卡。
*实际网络使用，需要根据运营商网络和相关业务部署情况确定是否支持。",,,,,支持GPS，Glonass，北斗，伽利略，AGPS,蓝牙5.1
荣耀X20,X系列,,honor-x20,https://www.honor.com/cn/phones/honor-x20/,39,,,,支持,,,,,,,,,,,802.11 a/b/g/n/ac,支持,支持,,2.4GHz和5GHz,,,,,,,,,,,,,,,,,,,,,,,,,,,,,,,,,,,,,,,,,,,,,,,,,,,,,,,,,,,,,,,,,,,,,,,,,,,,,,,,,,,,,,,,,,,,,,,,,,,,,,,,,,,,,,,,,,,,,,,,,,,,,,,,,,,,,,,,,,,,,支持,支持,,Type-C，支持USB 2.0,荣耀66W超级快充充电器,,支持,,,,3.5mm,,,支持,支持,,,,,,,1600万像素，f/2.0光圈 备注：不同拍照模式的照片像素可能有差异，请以实际为准。,最大可支持1080P 备注：不同拍摄模式的视频像素可能有差异，请以实际为准。,最大可支持4608×3456像素 备注：不同拍摄模式的照片像素可能有差异，请以实际为准。,,6400万像素(主摄，f/1.9光圈)+200万像素（景深，f/2.4光圈）+200万像素（微距，f/2.4光圈） 备注：不同拍照模式的照片像素可能有差异，请以实际为准。,,最大可支持4K 备注：不同拍摄模式的视频像素可能有差异，请以实际为准。,最大可支持9216×6912像素 备注：不同拍照模式的照片像素可能有差异，请以实际为准。,,人像模式、延时摄影、滤镜、笑脸抓拍、自拍镜像、声控拍照、定时拍照、手势拍照,EIS防抖 备注：不同模式下可能有差异，请以实际为准。,,,,,,,,,,2xA78 2.4GHz + 6xA55 2.0GHz 备注：实际运行频率因应用负载智能调整。,联发科天玑900,八核,Mali-G68,,,,,,8.5mm,74.7mm,约192克（含电池） 备注：实际尺寸/重量依配置、制造工艺、测量方法的不同可能有所差异。,161.8mm,,,,2376x1080,,,6.67英寸 备注：显示屏采用圆角设计，按照标准矩形测量时，屏幕的对角线长度是6.67英寸（实际可视区域略小）,,,TFT LCD（IPS）,1670万色,多点触控，最多支持10点触控,,,,4300mAh（典型值） 备注：电池额定容量为4200mAh,锂离子聚合物电池,Magic UI 4.2 （基于Android 11）,,,,,,支持 GPS/AGPS/GLONASS/北斗,BT5.1
荣耀Play10T,Play系列,,honor-play10t,https://www.honor.com/cn/phones/honor-play10t/,47,цФпцМБ,,,,,,,,"802.11 a/b/g/n/acя╝МцФпцМБ2.4GHzхТМ5GHz WLAN
цФпцМБWLANчГнчВ╣уАБWLANчЫ┤ш┐Ю",,,,,,,,,,,,,,,,,,,,,,,,,,,,,,,,,,,,,,,,,,,,,,,,,,,,,,,,,,,,,,,,,,,,,,,,,,,,,,,,,,,цФпцМБ,щЗНхКЫф╝ацДЯхЩиуАБцМЗч║╣ф╝ацДЯхЩиуАБцМЗхНЧщТИуАБчОпхвГхЕЙф╝ацДЯхЩиуАБцОеш┐СхЕЙф╝ацДЯхЩиуАБхКащАЯх║жф╝ацДЯхЩи,"цЧач║┐цКХх▒П
PCцХ░цНохРМцне
шзЖщвСщАЪшпЭя╝Иш┐РшРехХЖхТМчммф╕ЙцЦ╣ш╜пф╗╢я╝Й
OTGя╝ИхПНхРСф╛ЫчФ╡цЧ╢цЬАхдзш╛УхЗ║чФ╡ц╡Б5V/1.5Aя╝Й
цХ░цНоч║┐цОехПгя╝ЪType-Cя╝МUSB 2.0
шА│цЬ║цОехПгя╝ЪType C хдЗц│ия╝Ъш┐РшРехХЖшзЖщвСщАЪшпЭхКЯшГ╜хЫаф╕НхРМхЫ╜хо╢цИЦхЬ░хМ║ш┐РшРехХЖчЪДцФпцМБцГЕхЖ╡шАМх╝Вя╝МшпжцГЕшп╖хТишпвч╜Сч╗Ьш┐РшРехХЖуАВ",500ф╕ЗхГПч┤ахЙНч╜оцСДхГПхд┤я╝ИF/2.2хЕЙхЬИя╝Й хдЗц│ия╝Ъф╕НхРМцЛНчЕзцибх╝ПчЪДчЕзчЙЗхГПч┤ахПпшГ╜цЬЙх╖ох╝Вя╝Мшп╖ф╗ехоЮщЩЕф╕║хЗЖуАВ,цЬАхдзхПпцФпцМБ 1920x1080хГПч┤а хдЗц│ия╝Ъф╕НхРМцЛНцСДцибх╝ПчЪДшзЖщвСхГПч┤ахПпшГ╜цЬЙх╖ох╝Вя╝Мшп╖ф╗ехоЮщЩЕф╕║хЗЖуАВ,цЬАхдзхПпцФпцМБ2592X1944хГПч┤а хдЗц│ия╝Ъф╕НхРМцЛНчЕзцибх╝ПчЪДчЕзчЙЗхГПч┤ахПпшГ╜цЬЙх╖ох╝Вя╝Мшп╖ф╗ехоЮщЩЕф╕║хЗЖуАВ,цЬАщлШцФпцМБ1080P 30fpsшзЖщвСх╜ХхИ╢,8.24mm,5000ф╕ЗхГПч┤ахРОч╜оф╕╗цСДхГПхд┤(f/1.8хЕЙхЬИ) хдЗц│ия╝Ъф╕НхРМцЛНчЕзцибх╝ПчЪДчЕзчЙЗхГПч┤ахПпшГ╜цЬЙх╖ох╝Вя╝Мшп╖ф╗ехоЮщЩЕф╕║хЗЖуАВ,цЬАхдзцФпцМБ8хАНцХ░хнЧхПШчДж хдЗц│ия╝Ъф╕НхРМцибх╝Пф╕ЛхПпшГ╜цЬЙх╖ох╝Вя╝Мшп╖ф╗ехоЮщЩЕф╕║хЗЖуАВ,цЬАхдзхПпцФпцМБ1920x1080хГПч┤а хдЗц│ия╝Ъф╕НхРМцЛНцСДцибх╝ПчЪДшзЖщвСхГПч┤ахПпшГ╜цЬЙх╖ох╝Вя╝Мшп╖ф╗ехоЮщЩЕф╕║хЗЖуАВ,цЬАхдзхПпцФпцМБ8160*6120хГПч┤а хдЗц│ия╝Ъф╕НхРМцЛНчЕзцибх╝ПчЪДчЕзчЙЗхГПч┤ахПпшГ╜цЬЙх╖ох╝Вя╝Мшп╖ф╗ехоЮщЩЕф╕║хЗЖуАВ,цФпцМБ1080PшзЖщвСх╜ХхИ╢,1уАБх╖еф┐бщГихоЙхЕиф╕Ач║зя╝Ы,"цФпцМБхМЧцЦЧуАБGPS(L1)уАБGLONASS(G1)уАБGalileoуАБ
цФпцМБшЬВчкЭч╜Сч╗ЬхоЪф╜НуАБWLANч╜Сч╗ЬхоЪф╜Н",76.8mm,щУЭчбЕчО╗чТГ,850nit(HBM)/700nit(Typical),2412*1080,6.8шЛ▒хп╕ хдЗц│ия╝ЪцШ╛чд║х▒ПщЗЗчФихЬЖшзТшо╛шобя╝МцМЙчЕзцаЗхЗЖчЯйх╜вц╡ЛщЗПцЧ╢я╝Мх▒Пх╣ХчЪДхп╣шзТч║┐щХ┐х║жцШп 6.8шЛ▒хп╕я╝ИхоЮщЩЕхПпшзЖхМ║хЯЯчХех░Пя╝ЙуАВ,цКдчЬ╝цибх╝ПуАБч▒╗шЗкчД╢хЕЙцКдчЬ╝ хдЗц│ия╝ЪцЬмф║зхУБщЭЮхМ╗чЦЧхЩицв░я╝Мф╕НхЕ╖цЬЙц▓╗чЦЧхКЯшГ╜уАВ,,TFT LCD,1670ф╕ЗшЙ▓я╝М85%NTSC,хдЪчВ╣шзжцОзя╝МцЬАхдЪцФпцМБ10чВ╣шзжцОз,,ф║║хГПцибх╝ПуАБц╗дщХЬуАБчмСшД╕цКУцЛНуАБшЗкцЛНщХЬхГПуАБхг░цОзцЛНчЕзуАБхоЪцЧ╢цЛНцСДуАБцЙЛхК┐цЛНчЕзуАБхКицАБчЕзчЙЗ,шУЭчЙЩшА│цЬ║ш┐ЬчиЛх╜ХщЯ│ хдЗц│ия╝ЪшУЭчЙЩшА│цЬ║ш┐ЬчиЛх╜ХщЯ│хКЯшГ╜щЬАщЕНхРИчЫ╕х║ФчЪДх║ФчФиф╜┐чФия╝Мшп╖ф╗ехоЮщЩЕф╜УщкМф╕║хЗЖуАВ,,,,Android 15+Magic OS 9.0,,,цФпцМБ,,цФпцМБ хдЗц│ия╝ЪхоЮщЩЕхЕЕчФ╡хКЯчОЗф╝ЪщЪПф╕НхРМхЬ║цЩпцЩ║шГ╜хПШхМЦя╝Мшп╖ф╗ехоЮщЩЕф╜┐чФицГЕхЖ╡ф╕║хЗЖуАВ,ф║║шД╕шзгщФБ/х║ФчФищФБ/х║ФчФихИЖш║л/хдЗф╗╜ф╕ОцБвхдН/цНвцЬ║хЕЛщЪЖ/чФ╡хнРф╣жцибх╝П/YOYOх╗║шоо/цМЗхЕ│шКВцИкх▒П/чБ╡хКишГ╢хЫК/чЖДх▒ПцШ╛чд║,,,7000mAhя╝ИхЕ╕хЮЛхА╝я╝Й хдЗц│ия╝ЪчФ╡ц▒ащвЭхоЪхо╣щЗПф╕║ 6850mAhуАВ,щФВчж╗хнРшБЪхРИчЙйчФ╡ц▒а,цФпцМБ,,,"цФпцМБчз╗хКи 5G/4G+/4G/2Gя╝МчФ╡ф┐б 5G/4G+/4G/2Gя╝МшБФщАЪ5G/4G+/4G/3G/2Gя╝Мх╣┐чФ╡5G/4G+/4G

цФпцМБ 4├Ч4 MIMOхдйч║┐цКАцЬп / ш╜╜ц│вшБЪхРИцКАцЬп / HPUE / HO RxD",,,BT5.1,,*.3gpуАБ*.mp4уАБ*.webmуАБ*.mkv,,,207g хдЗц│ия╝ЪхоЮщЩЕх░║хп╕/щЗНщЗПф╛ЭщЕНч╜оуАБхИ╢щАах╖ешЙ║уАБц╡ЛщЗПцЦ╣ц│ХчЪДф╕НхРМхПпшГ╜цЬЙцЙАх╖ох╝ВуАВ,цЙЛхК┐хп╝шИкя╝Ищ╗Шшодя╝ЙуАБх▒Пх╣ХхЖЕф╕ЙщФохп╝шИкуАБцВмц╡охп╝шИк,166.89mm,,,HONOR Histen 7.3,*.mp3уАБ*.amrуАБ*.awbуАБ*.3gpуАБ*.mp4уАБ*.m4aуАБ*.aacуАБ*.wavуАБ*.oggуАБ*.flacуАБ*.mkv,,,,,,,,,,,,,,,,,,,,,,,,,,,,,,,,,,,,,,,,,,,,,,,"2xA78@2.3GHz
6xA55@2.0GHz",чммф╕Йф╗гщкБщ╛Щ6sчз╗хКих╣│хП░,хЕлца╕,,,,Adreno GPU A619,,,,,,,,,,,,,,,,,,,,,,,,,,,,,,,,,,
荣耀Play10C,Play系列,,honor-play10c,https://www.honor.com/cn/phones/honor-play10c/,43,,重力传感器、指纹传感器（支持侧边指纹)、指南针、环境光传感器、接近光传感器,,,,,,,,,,,,,,,,,,,,,,,,,,,,,,,,,,,,,,,,,,,,,,,,,,,,,,,,,,,,,,,,,,,,,,,,,,,,,,,,,,,,,,,,,,,,,,,,,,,,,,,,,,,,,,,,,,,,,,,,,,,,,,,,,,,,,,,,,,,,,,,,,,,,,,,,全局峰值亮度：1010nits,,,,,,,,,,5V/3A充电器,,,,,,,,,,,,,AI换脸检测、密码保险箱、隐私助手、反诈防护、应用锁、支付保护中心、文件保密柜 备注：4GB不支持AI换脸检测。,人脸解锁/应用锁/应用分身/备份与恢复/换机克隆/电子书模式/YOYO建议/指关节截屏/灵动胶囊/熄屏显示 备注：4GB不支持熄屏显示，YOYO建议仅支持APP建议，应用分身，灵动胶囊仅支持系统应用。,手势导航、屏幕内三键导航、悬浮导航,支持,500万像素摄像头（f/2.2光圈） 备注：不同拍照模式的照片像素可能有差异，请以实际为准。,最大可支持1080×1920像素 备注：不同拍摄模式的视频像素可能有差异，请以实际为准。,最大可支持2592×1944像素 备注：不同拍照模式的照片像素可能有差异，请以实际为准。,最高支持1080P 视频录制,"1300万像素主摄（f/1.8光圈） 备注：
*不同拍照模式的照片像素可能有差异，请以实际为准。",10倍数字变焦,最大可支持1080×1920像素 备注：不同拍摄模式的视频像素可能有差异，请以实际为准。,最大可支持  4160×3120像素 备注：不同拍照模式的照片像素可能有差异，请以实际为准。,最大可支持1080P视频录制 备注：不同拍摄模式的视频像素可能有差异，请以实际为准。,普通拍照、人像模式、笑脸抓拍、自拍镜像、拍照滤镜、水印模式等 备注：4GB版本不支持水印模式。,,,,,,,,,,,2 × A76  2.4GHz + 6 × A55  2.0GHz 备注：实际运行频率因应用负载智能调整。,天玑6300,八核,ARM G57 MC2,,,*.3gp、*.mp4、*.webm、*.mkv,HONOR Sound,*.mp3、*.mid、*.amr、*.awb、*.3gp、*.mp4、*.m4a、*.aac、*.wav、*.ogg、*.flac、*.mkv,8.39 mm,75.6 mm,约197g（含电池） 备注：实际尺寸/重量依配置、制造工艺、测量方法的不同可能有所差异。,163.95 mm,,,,1604× 720  像素 备注：该分辨率对应标准矩形，实际屏幕有效像素略少。,,,6.61英寸 备注：显示屏采用圆角设计，按照标准矩形测量时，屏幕的对角线长度是6.61英寸（实际可视区域略小）。,护眼模式、类自然光护眼 备注：本产品非医疗器械，不具有治疗功能。,,TFT LCD,1670万色,多点触控，最多支持10点触控,,支持,,6000mAh（典型值） 备注：电池额定容量为 5900mAh（内置不可拆卸）。,锂离子聚合物电池,MagicOS 9.0（基于Android 15）,"支持移动/电信5G/4G+/4G/2G，联通5G/4G+/4G/3G/2G，广电5G/4G+/4G 备注：
*卡槽1, 2可以任意切换为默认移动数据卡。
*如果两张都是电信卡，副卡（非默认移动数据卡）必须开通电信VoLTE业务，才能同时使用电信双卡。
*实际网络使用，需要根据运营商网络和相关业务部署情况确定是否支持。",,,"支持802.11 a/b/g/n/ac
支持2.4GHz和5GHz WLAN
支持WLAN热点、WLAN直连 备注：需要相应的路由器支持","视频通话（运营商和第三方软件）
OTG（反向供电时最大输出电流0.5A/5V）
数据线接口：USB Type-C，USB 2.0
耳机接口：3.5mm 备注：
*运营商视频通话功能因不同国家或地区运营商的支持情况而异，详情请咨询网络运营商。",支持GPS、AGPS、Glonass，北斗、伽利略,"BT5.3，支持BLE,支持SBC、AAC、LDAC，AptX, AptX HD"
荣耀Play9T Pro,Play系列,,honor-play9t-pro,https://www.honor.com/cn/phones/honor-play9t-pro/,56,,,,支持,,支持,,,,,,,,,802.11 a/b/g/n/ac,支持,支持,支持,2.4GHz和5GHz,,,,,,,,,,,,,,,,,,,,,,,,,,,,,,,,,,,,,,,,,,,,,,,,,,,,,,,,,,,,,,,,,,,,,,,,,,,,,,,,,,,,,,,,,,,,,,,,,,,,,,,,,,,,,,,,,,,,,,,,,,,,,,,,,,,,,,,,,,,20.1:9,支持,支持,支持（屏下指纹）,支持 备注：非实体器件，使用超声代替。,Type-C，USB 2.0,标配11V3.2A,,支持,,,,Type C耳机 /  转接线+3.5mm耳机,支持,支持（运营商和第三方软件） 备注：运营商功能因不同国家或地区运营商的支持情况而异，详情请咨询网络运营商。,支持,,,,,智慧视觉/智慧识屏/全屏翻译/YOYO助理/AI字幕/智慧多窗/深色模式/电子书模式/熄屏显示/个人事务中心/荣耀分享/荣耀笔记/纯净文件管理/无线投屏/应用分身/换机克隆/备份与恢复/支付保护中心/应用锁/密码保险箱/应用内容拖拽/平行空间/灵动胶囊/魔法锁屏,手势导航/屏幕内三键导航/悬浮导航,支持,800万像素摄像头（f/2.0光圈） 备注：不同模式的照片和视频像素可能有差异，请以实际为准。,最大可支持 2520x1080像素 备注：不同拍摄模式的视频像素可能有差异，请以实际为准。,最大可支持3264x2448像素 备注：不同拍照模式的照片像素可能有差异，请以实际为准。,最大可支持1080P视频录制 备注：不同拍摄模式的视频像素可能有差异，请以实际为准。,5000万像素高清主摄像头（f/1.8光圈）+200万感光景深摄像头（f/2.4光圈） 备注：不同模式的照片和视频像素可能有差异，请以实际为准。,10倍数字变焦,最大可支持2520x1080像素 备注：不同拍摄模式的视频像素可能有差异，请以实际为准。,最大可支持8160*6120像素 备注：不同拍照模式的照片像素可能有差异，请以实际为准。,最大可支持1080P视频录制 备注：不同拍摄模式的视频像素可能有差异，请以实际为准。,普通拍照、人像、录像、多镜录像、水印、笑脸抓拍、自拍镜像、手势拍照、滤镜、动态照片,,,,,,,,,,,2xA76 2.4GHz + 6xA55 2.0Ghz 备注：实际运行频率因应用负载智能调整。,天玑 6080,八核,Mali-G57 MC2,,,*.3gp、*.mp4、*.webm、*.mkv,HONOR Histen音效,*.mp3、*.mid、*.amr、*.awb、*.3gp、*.mp4、*.m4a、*.aac、*.wav、*.ogg、*.flac、*.mkv,7.12 mm,74.55 mm,约172克（含电池） 备注：手机厚度不包含摄像头凸起部分，实际尺寸和重量依配置、制造工艺、测量方法的不同可能有所差异。,161.05 mm,,,,2412x1080,最高支持90Hz,,6.7英寸 备注：显示屏采用圆角设计，按照标准矩形测量时，屏幕的对角线长度是：6.7英寸（实际可视区域略小）。,,,AMOLED,1670万色，DCI-P3广色域 备注：屏幕支持10.7亿色。,多点触控，最多支持10点触控,,,手机最大支持35W超级快充 备注：实际充电功率会随不同场景智能变化，请以实际为准。,5000mAh（典型值） 备注：电池额定容量为4900mAh。,锂离子聚合物电池,荣耀MagicOS 8.0(基于Android 14),"支持移动/电信5G/4G+/4G/2G，联通5G/4G+/4G/3G/2G，广电5G/4G+/4G 备注：
*卡槽1、2可以任意切换为默认移动数据卡。
*如果两张都是电信卡，副卡（非默认移动数据卡）必须开通电信VoLTE业务，才能同时使用电信双卡。
*实际网络使用，需要根据运营商网络和相关业务部署情况确定是否支持。",,,,,支持GPS、AGPS、Clonass、北斗、伽利略,BT5.1，支持BLE、SBC、AAC、LDAC、APTX、APTX HD
荣耀Play9C,Play系列,,honor-play9c,https://www.honor.com/cn/phones/honor-play9c/,53,,,,,,支持,,,,,,,,,802.11 a/b/g/n/ac,支持,支持,支持,2.4GHz和5GHz,,,,,,,,,,,,,,,,,,,,,,,,,,,,,,,,,,,,,,,,,,,,,,,,,,,,,,,,,,,,,,,,,,,,,,,,,,,,,,,,,,,,,,,,,,,,,,,,,,,,,,,,,,,,,,,,,,,,,,,,,,,,,,,,,,,,,,,,,,,,支持,支持,支持（侧边指纹）,支持,Type-C，USB 2.0,5V/2A充电器,,支持,,,,3.5mm,支持,支持（运营商和第三方软件） 备注：运营商功能因不同国家或地区运营商的支持情况而异，详情请咨询网络运营商。,支持,,,,,人脸解锁/支付保护中心/应用锁/应用分身/备份与恢复/换机克隆/电子书模式/YOYO建议/密码保险箱/指关节截屏/YOYO助理/智慧多窗/荣耀文档/灵动胶囊/全局收藏 备注：4GB版本不支持YOYO建议、智慧语音、应用分身、智慧多窗、荣耀文档，灵动胶囊仅支持系统应用，全局收藏仅支持1.0。,手势导航/屏幕内三键导航/悬浮导航,支持,500万像素摄像头（f/2.2光圈） 备注：不同模式的照片和视频的像素可能有差异，请以实际为准。,最大可支持1080×1920像素 备注：不同拍摄模式的视频像素可能有差异，请以实际为准。,最大可支持2592×1944 备注：不同拍照模式的照片像素可能有差异，请以实际为准。,支持,1300万像素主摄（f/1.8光圈） 备注：不同拍照模式的照片像素可能有差异，请以实际为准。,10倍数字变焦,最大可支持1080×1920像素 备注：不同拍摄模式的视频像素可能有差异，请以实际为准。,最大可支持  4160×3120像素 备注：不同拍照模式的照片像素可能有差异，请以实际为准。,最大可支持1080P视频录制 备注：不同拍摄模式的视频像素可能有差异，请以实际为准。,普通拍照、人像模式、延时摄影、笑脸抓拍、自拍镜像、拍照滤镜、水印模式,,,,,,,,,,,2 × A76 × 2.2GHz + 6 × A55 × 2.0GHz 备注：实际运行频率因应用负载智能调整。,天玑6100+,八核,ARM G57 MC2,,,*.3gp、*.mp4、*.webm、*.mkv,HONOR Histen音效,*.mp3、*.mid、*.amr、*.awb、*.3gp、*.mp4、*.m4a、*.aac、*.wav、*.ogg、*.flac、*.mkv,8.39mm,75.33mm,约190克（含电池） 备注：手机厚度不包含摄像头凸起部分，实际尺寸和重量依配置、制造工艺、测量方法的不同可能有所差异。,163.59mm,,,,720 × 1612 像素 备注：该分辨率对应标准矩形，实际屏幕有效像素略少。,最高支持90Hz,,6.56英寸 备注：显示屏采用圆角设计，按照标准矩形测量时，屏幕的对角线长度是：6.56英寸（实际可视区域略小）,,,TFTLCD,1670万色,多点触控，最多支持10点触控,,,,5200mAh（典型值） 备注：电池额定容量为5100mAh,锂聚合物电池,MagicOS 8.0（基于Android 14）,"支持移动/电信5G/4G+/4G/2G，联通5G/4G+/4G/3G/2G，广电5G/4G+/4G 备注：
*卡槽1, 2可以任意切换为默认移动数据卡。
*如果两张都是电信卡，副卡（非默认移动数据卡）必须开通电信VoLTE业务，才能同时使用电信双卡。
*实际网络使用，需要根据运营商网络和相关业务部署情况确定是否支持。",,,,,支持GPS、AGPS、Clonass，北斗、伽利略,BT5.1，支持BLE、SBC、AAC、LDAC、APTX、APTX HD
荣耀Play9T,Play系列,,honor-play9t,https://www.honor.com/cn/phones/honor-play9t/,57,,,,支持,,支持,,,,,,,,,802.11 a/b/g/n/ac,支持,支持,支持,2.4GHz和5GHz,,,,,,,,,,,,,,,,,,,,,,,,,,,,,,,,,,,,,,,,,,,,,,,,,,,,,,,,,,,,,,,,,,,,,,,,,,,,,,,,,,,,,,,,,,,,,,,,,,,,,,,,,,,,,,,,,,,,,,,,,,,,,,,,,,,,,,,,,,,,支持无线投屏,支持,支持（侧边指纹）,支持 备注：非实体器件，使用软件替代,Type-C，支持USB 2.0,荣耀35W超级快充充电器,,支持,,,,3.5mm,支持,支持（运营商和第三方软件） 备注：运营商功能因不同国家或地区运营商的支持情况而异，详情请咨询网络运营商。,支持,,,,,人脸解锁/支付保护中心/单手模式/应用锁/应用分身/备份与恢复,手势导航/屏幕内三键导航/悬浮导航,支持,500万像素（f/2.2光圈），支持固定焦距 备注：不同拍照模式的照片像素可能有差异，请以实际为准。,最大可支持1920x1080像素 备注：不同拍摄模式的视频像素可能有差异，请以实际为准。,最大可支持2592X1944像素 备注：不同拍照模式的照片像素可能有差异，请以实际为准。,最高支持1080P视频录制,5000万像素高清主摄像头（f/1.8光圈）+200万感光景深摄像头（f/2.4光圈） 备注：不同模式的照片和视频的像素可能有差异，请以实际为准。,最大8倍数字变焦 备注：不同模式下可能有差异，请以实际为准。,最大可支持1920 × 1080像素 备注：不同拍摄模式的视频像素可能有差异，请以实际为准。,最大可支持8160*6120像素 备注：不同拍照模式的照片像素可能有差异，请以实际为准。,最大可支持1080P视频录制,人像、拍照、滤镜、录像、延时摄影、水印、笑脸抓拍、自拍镜像、声控拍照、定时拍摄、手势拍照等,,,,,,,,,,,2xA78 2.2GHz + 6xA55 1.95GHz,第二代骁龙4移动平台,八核,Adreno 613,,支持,3gp/mp4/webm/mkv,HONOR Histen音效,mp3/mid/amr/awb/3gp/mp4/m4a/aac/wav/ogg/flac/mkv,"8.09mm（幻夜黑）
8.24mm（月影白、松石绿）",76.8mm,"幻夜黑：197g
月影白&松石绿：199g 备注：实际尺寸/重量依配置、制造工艺、测量方法的不同可能有所差异。",166.9mm,850nit,,,1610*720 像素 备注：该分辨率对应标准矩形，实际屏幕有效像素略少。,,,6.77英寸 备注：显示屏采用圆角设计，按照标准矩形测量时，屏幕的对角线长度是：6.77英寸（实际可视区域略小）,护眼模式、类自然光护眼 备注：本产品非医疗器械，不具有治疗功能。,,TFT LCD,1670万色,多点触控，最多支持10点触控,,,手机支持最大11V3.2A,6000mAh（典型值） 备注：电池额定容量为5900mAh（内置不可拆卸）,锂离子聚合物电池,MagicOS 8.0（基于Android 14）,"支持联通5G/4G+/4G/3G/2G，移动/电信5G/4G+/4G/2G，广电5G/4G+/4G 备注：

*卡槽1、2可以任意切换为默认移动数据卡。

*如果两张都是电信卡，副卡（非默认移动数据卡）必须开通电信VoLTE业务，才能同时使用电信双卡。

*实际网络使用，需要根据运营商网络和相关业务部署情况确定是否支持。",,,,,支持GPS、AGPS、北斗、Glonass,BT5.0
荣耀Play8T,Play系列,,honor-play8t,https://www.honor.com/cn/phones/honor-play8t/,56,,,,支持,,支持,,,,,,,,,802.11 a/b/g/n/ac,支持,支持,支持,2.4GHz和5GHz,,,,,,,,,,,,,,,,,,,,,,,,,,,,,,,,,,,,,,,,,,,,,,,,,,,,,,,,,,,,,,,,,,,,,,,,,,,,,,,,,,,,,,,,,,,,,,,,,,,,,,,,,,,,,,,,,,,,,,,,,,,,,,,,,,,,,,,,,,,,支持,支持,支持（侧边指纹）,支持 备注：非实体器件，使用软件替代,Type-C，支持USB 2.0,超级快充11V/3.2A充电器,,支持,,,,3.5mm,支持,支持（运营商和第三方软件） 备注：运营商功能因不同国家或地区运营商的支持情况而异，详情请咨询网络运营商。,支持,,,,,电子书模式/换机克隆/智慧多窗/智慧视觉/智慧识屏/AI 字幕/支付保护中心/应用锁/应用分身/密码保险箱/备份和恢复/YOYO建议/运动健康/单手模式/杂志锁屏/玩机技巧,手势导航/屏幕内三键导航/悬浮导航,支持2D人脸识别,800万像素摄像头（f/2.0光圈） 备注：不同模式的照片和视频的像素可能有差异，请以实际为准。,最大可支持1080*1920像素 备注：不同拍摄模式的视频像素可能有差异，请以实际为准。,最大可支持 3264*2448像素 备注：不同拍照模式的照片像素可能有差异，请以实际为准。,最大可支持1080P视频录制,5000万像素高清主摄像头（f/1.8光圈）+200万感光景深摄像头（f/2.4光圈） 备注：不同模式的照片和视频的像素可能有差异，请以实际为准。,最大10倍数字变焦 备注：不同模式下可能有差异，请以实际为准。,最大可支持1080*1920像素 备注：不同拍摄模式的视频像素可能有差异，请以实际为准。,最大可支持8192*6144像素 备注：不同拍照模式的照片像素可能有差异，请以实际为准。,最大可支持1080P视频录制,前置摄像头：人像、拍照、滤镜、录像、延时摄影、水印、笑脸抓拍、自拍镜像、声控拍照、定时拍摄、手势拍照等,,,,,,,,,,,2×A76 2.4GHz + 6×A55 2.0GHz 备注：实际运行频率因应用负载智能调整,天玑 6080,八核,Mali-G57,,支持,*.3gp、*.mp4、*.webm、*.mkv,HONOR Histen音效,*.mp3、*.mid、*.amr、*.awb、*.3gp、*.mp4、*.m4a、*.aac、*.wav、*.ogg、*.flac、*.mkv,8.24mm,76.5mm,约199克（含电池） 备注：实际尺寸/重量依配置、制造工艺、测量方法的不同可能有所差异,166.7mm,,,,2412*1080 像素,最高支持90Hz,,6.8英寸 备注：显示屏采用圆角设计，按照标准矩形测量时，屏幕的对角线长度是6.8英寸（实际可视区域略小）,,,TFT LCD,1670万色,多点触控，最多支持10点触控,,,支持,6000mAh（典型值） 备注：电池额定容量为5900mAh。（内置不可拆卸）,锂聚合物电池,MagicOS 7.2（基于Android 13）,"支持联通5G/4G+/4G/3G/2G，移动/电信5G/4G+/4G/2G，广电5G/4G+/4G 备注：
*卡槽1、2可以任意切换为默认移动数据卡。
*如果两张都是电信卡，副卡（非默认移动数据卡）必须开通电信VoLTE业务，才能同时使用电信双卡。
*实际网络使用，需要根据运营商网络和相关业务部署情况确定是否支持。",,,,,支持GPS、AGPS、北斗、Glonass,BT5.1
荣耀Play7T Pro,Play系列,,honor-play7t-pro,https://www.honor.com/cn/phones/honor-play7t-pro/,54,,,,支持,,支持,,,,,,,,,802.11 a/b/g/n/ac,支持,支持,支持,2.4GHz和5GHz,,,,,,,,,,,,,,,,,,,,,,,,,,,,,,,,,,,,,,,,,,,,,,,,,,,,,,,,,,,,,,,,,,,,,,,,,,,,,,,,,,,,,,,,,,,,,,,,,,,,,,,,,,,,,,,,,,,,,,,,,,,,,,,,,,,,,,,,,,,,,支持,支持（侧边指纹）,支持 备注：非实体器件，使用软件替代,Type-C，支持USB 2.0,超级快充10V/4A充电器,,支持,,,,3.5mm,支持,支持（运营商和第三方软件） 备注：运营商功能因不同国家或地区运营商的支持情况而异，详情请咨询网络运营商。,支持,,,,,电子书模式/换机克隆/智慧多窗/智慧视觉/智慧识屏/AI 字幕/支付保护中心/应用锁/应用分身/密码保险箱/备份和恢复/YOYO建议/运动健康/单手模式/杂志锁屏/玩机技巧,手势导航/屏幕内三键导航/悬浮导航,支持2D人脸识别,800万像素摄像头（f/2.0光圈） 备注：不同模式的照片和视频的像素可能有差异，请以实际为准。,最大可支持1080*1920像素 备注：不同拍摄模式的视频像素可能有差异，请以实际为准。,最大可支持 3264*2448像素 备注：不同拍照模式的照片像素可能有差异，请以实际为准。,最大可支持1080P视频录制,5000万像素高清主摄像头（f/1.8光圈）+200万感光景深摄像头（f/2.4光圈） 备注：不同模式的照片和视频的像素可能有差异，请以实际为准。,最大10倍数字变焦 备注：不同模式下可能有差异，请以实际为准。,最大可支持1080*1920像素 备注：不同拍摄模式的视频像素可能有差异，请以实际为准。,最大可支持8192*6144像素 备注：不同拍照模式的照片像素可能有差异，请以实际为准。,最大可支持1080P视频录制,前置摄像头：人像、拍照、滤镜、录像、延时摄影、水印、笑脸抓拍、自拍镜像、声控拍照、定时拍摄、手势拍照等,,,,,,,,,,,2xA76 2.2GHz+6xA55 2.0GHz 备注：实际运行频率因应用负载智能调整,天玑6020,八核,Mali-G57,,,*.3gp、*.mp4、*.webm、*.mkv,HONOR Histen音效,*.mp3、*.mid、*.amr、*.awb、*.3gp、*.mp4、*.m4a、*.aac、*.wav、*.ogg、*.flac、*.mkv,7.43mm,74.5mm,约175克（含电池） 备注：实际尺寸/重量依配置、制造工艺、测量方法的不同可能有所差异,162.9mm,,,,2388*1080 像素,最高支持90Hz,,6.7英寸 备注：显示屏采用圆角设计，按照标准矩形测量时，屏幕的对角线长度是6.7英寸（实际可视区域略小）,,,LTPS LCD,1670万色,多点触控，最多支持10点触控,,,支持,4000mAh（典型值） 备注：电池额定容量为3900mAh。（内置不可拆卸）,锂聚合物电池,Magic UI 6.1（基于Android 12）,"支持联通/电信 5G/4G+/4G/3G/2G，移动5G/4G+/4G/2G，广电5G/4G+/4G 备注：
*卡槽1、2可以任意切换为默认移动数据卡。
*如果两张都是电信卡，副卡（非默认移动数据卡）必须开通电信VoLTE业务，才能同时使用电信双卡。
*实际网络使用，需要根据运营商网络和相关业务部署情况确定是否支持。",,,,,支持GPS、AGPS、北斗、Glonass,BT5.1
荣耀Play7T,Play系列,,honor-play7t,https://www.honor.com/cn/phones/honor-play7t/,55,,,,支持,,支持,,,,,,,,,802.11 a/b/g/n/ac,支持,支持,支持,2.4GHz和5GHz,,,,,,,,,,,,,,,,,,,,,,,,,,,,,,,,,,,,,,,,,,,,,,,,,,,,,,,,,,,,,,,,,,,,,,,,,,,,,,,,,,,,,,,,,,,,,,,,,,,,,,,,,,,,,,,,,,,,,,,,,,,,,,,,,,,,,,,,,,,,支持,支持,支持（侧边指纹）,支持,Type-C，支持USB 2.0,超级快充10V/2.25A充电器,,支持,,,,3.5mm,支持,支持（运营商和第三方软件） 备注：运营商功能因不同国家或地区运营商的支持情况而异，详情请咨询网络运营商。,支持,,,,,电子书模式/换机克隆/智慧多窗/智慧视觉/智慧识屏/AI 字幕/支付保护中心/应用锁/应用分身/密码保险箱/备份和恢复/YOYO建议/运动健康/单手模式/杂志锁屏/玩机技巧,手势导航/屏幕内三键导航/悬浮导航,支持2D人脸识别,500万像素摄像头（f/2.2光圈） 备注：不同模式的照片和视频的像素可能有差异，请以实际为准。,最大可支持1080*1920像素 备注：不同拍摄模式的视频像素可能有差异，请以实际为准。,最大可支持 2592*1944像素 备注：不同拍照模式的照片像素可能有差异，请以实际为准。,最大可支持1080P视频录制,5000万像素高清主摄像头（f/1.8光圈）+200万感光景深摄像头（f/2.4光圈） 备注：不同模式的照片和视频的像素可能有差异，请以实际为准。,最大10倍数字变焦 备注：不同模式下可能有差异，请以实际为准。,最大可支持1080*1920像素 备注：不同拍摄模式的视频像素可能有差异，请以实际为准。,最大可支持8192*6144像素 备注：不同拍照模式的照片像素可能有差异，请以实际为准。,最大可支持1080P视频录制,前置摄像头：人像、拍照、滤镜、录像、延时摄影、水印、笑脸抓拍、自拍镜像、声控拍照、定时拍摄、手势拍照等,,,,,,,,,,,2xA76 2.2GHz+6xA55 2.0GHz 备注：实际运行频率因应用负载智能调整,天玑 6020,八核,Mali-G57,,,*.3gp、*.mp4、*.webm、*.mkv,HONOR Histen音效,*.mp3、*.mid、*.amr、*.awb、*.3gp、*.mp4、*.m4a、*.aac、*.wav、*.ogg、*.flac、*.mkv,8.27mm,76.85mm,约196克（含电池） 备注：实际尺寸/重量依配置、制造工艺、测量方法的不同可能有所差异,167.48mm,,,,1600*720 像素,90Hz,,6.74英寸 备注：显示屏采用圆角设计，按照标准矩形测量时，屏幕的对角线长度是6.74英寸（实际可视区域略小）,,,TFT LCD（IPS）,1670万色,多点触控，最多支持10点触控,,,支持,6000mAh（典型值） 备注：电池额定容量为5900mAh。（内置不可拆卸）,锂离子聚合物电池,Magic UI 6.1（基于Android 12）,"支持联通/电信 5G/4G+/4G/3G/2G，移动5G/4G+/4G/2G，广电5G/4G+/4G 备注：
*卡槽1、2可以任意切换为默认移动数据卡。
*如果两张都是电信卡，副卡（非默认移动数据卡）必须开通电信VoLTE业务，才能同时使用电信双卡。
*实际网络使用，需要根据运营商网络和相关业务部署情况确定是否支持。",,,,,支持GPS、AGPS、北斗、Glonass、伽利略,BT5.1
荣耀Play6C,Play系列,,honor-play-6c,https://www.honor.com/cn/phones/honor-play-6c/,53,,,,不支持,,,,,,,,,,,802.11 a/b/g/n/ac,支持,支持,支持,2.4GHz和5GHz,,,,,,,,,,,,,,,,,,,,,,,,,,,,,,,,,,,,,,,,,,,,,,,,,,,,,,,,,,,,,,,,,,,,,,,,,,,,,,,,,,,,,,,,,,,,,,,,,,,,,,,,,,,,,,,,,,,,,,,,,,,,,,,,,,,,,,,,,,,,支持,支持,支持,支持,Type-C,标配22.5W充电器,,支持,,,,3.5mm,支持,支持（运营商和第三方软件） 备注：运营商功能因不同国家或地区运营商的支持情况而异，详情请咨询网络运营商。,支持,,,,,,手势导航/屏幕内三键导航/悬浮导航,支持2D人脸识别,500万像素摄像头（f/2.2光圈） 备注：不同模式的照片和视频的像素可能有差异，请以实际为准。,最大可支持1080*1920像素 备注：不同拍摄模式的视频像素可能有差异，请以实际为准。,最大可支持2592*1944像素 备注：不同拍照模式的照片像素可能有差异，请以实际为准。,最大可支持1080P视频录制,1300万像素高清主摄像头（f/1.8光圈）+200万像素景深摄像头（f/2.4光圈） 备注：不同模式的照片和视频的像素可能有差异，请以实际为准。,最大8倍数字变焦 备注：不同模式下可能有差异，请以实际为准。,最大可支持1080*1920像素 备注：不同拍摄模式的视频像素可能有差异，请以实际为准。,最大可支持4160*3120像素 备注：不同拍照模式的照片像素可能有差异，请以实际为准。,最大可支持1080P视频录制,前置摄像头：延时摄影、人像模式(含美肤)、录像、水印等；,,,,,,,,,,,2*A76*2.2GHz+6*A55*1.9GHz 备注：实际运行频率因应用负载智能调整,高通骁龙 480 Plus,八核,Qualcomm Adreno 619,,,*.3gp、*.mp4、*.webm、*.mkv,HONOR Histen音效,*.mp3、*.mid、*.amr、*.awb、*.3gp、*.mp4、*.m4a、*.aac、*.wav、*.ogg、*.flac、*.mkv,8.68mm,75.13mm,约194克（含电池） 备注：实际尺寸/重量依配置、制造工艺、测量方法的不同可能有所差异,163.66mm,,,,720*1600 像素,90Hz,,6.5英寸 备注：显示屏采用圆角设计，按照标准矩形测量时，屏幕的对角线长度是6.5英寸（实际可视区域略小）,,,TFT LCD,1670万色,多点触控，最多支持10点触控,,,支持,5000mAh（典型值） 备注：电池额定容量为4900mAh。（内置不可拆卸）,锂离子聚合物电池,MagicUI 5.0  (基于Android R),"支持联通/电信 5G/4G+/4G/3G/2G，移动5G/4G+/4G/2G 备注：
*卡槽1、2可以任意切换为默认移动数据卡。
*如果两张都是电信卡，副卡（非默认移动数据卡）必须开通电信VoLTE业务，才能同时使用电信双卡。
*实际网络使用，需要根据运营商网络和相关业务部署情况确定是否支持。",,,,,支持GPS、AGPS、北斗、Glonass,BT5.1
荣耀Play6T Pro,Play系列,,honor-play6t-pro,https://www.honor.com/cn/phones/honor-play6t-pro/,51,,,,支持,,支持,,,,,,,,,802.11 a/b/g/n/ac,支持,支持,支持,2.4G、5G,,,,,,,,,,,,,,,,,,,,,,,,,,,,,,,,,,,,,,,,,,,,,,,,,,,,,,,,,,,,,,,,,,,,,,,,,,,,,,,,,,,,,,,,,,,,,,,,,,,,,,,,,,,,,,,,,,,,,,,,,,,,,,,,,,,,,,,,,,,,,支持,支持（侧指纹），支持指纹解锁,支持,Type-C，支持USB 2.0,超级快充10V/4A充电器,,支持,,,,3.5mm,支持,支持（运营商和第三方软件） 备注：运营商功能因不同国家或地区运营商的支持情况而异，详情请咨询网络运营商。,支持,,,,,换机克隆/智慧多窗/智慧视觉/智慧识屏/AI 字幕/支付保护中心/应用锁/应用分身/密码保险箱/备份和恢复/深色模式/电子书模式/YOYO建议,,支持2D人脸识别,800万像素摄像头（f/2.0光圈） 备注：不同模式的照片和视频的像素可能有差异，请以实际为准。,最大可支持1080P 备注：不同拍摄模式的视频像素可能有差异，请以实际为准。,最大可支持3264×2448像素 备注：不同拍照模式的照片像素可能有差异，请以实际为准。,最大可支持1080P 备注：不同拍摄模式的视频像素可能有差异，请以实际为准。,4800万像素超清摄像头（f/1.8光圈 ）+200万感光景深摄像头（f/2.4光圈） 备注：不同模式的照片和视频的像素可能有差异，请以实际为准。,最大10倍数字变焦 备注：不同模式下可能有差异，请以实际为准。,最大可支持1080P 备注：不同拍摄模式的视频像素可能有差异，请以实际为准。,最大可支持8000×6000像素 备注：不同拍照模式的照片像素可能有差异，请以实际为准。,最大支持1080P视频录制,前置摄像头：人像模式、延时摄影、滤镜、笑脸抓拍、自拍镜像、声控拍照、定时拍照、手势拍照,,,,,,,,,,,2*A76 2.4GHz+6*A55 2.0GHz 备注：实际运行频率因应用负载智能调整。,天玑810,八核,Mali-G57,,,*.3gp、*.mp4、*.webm、*.mkv,Histen音效,*.mp3、*.mid、*.amr、*.awb、*.3gp、*.mp4、*.m4a、*.aac、*.wav、*.ogg、*.flac、*.mkv,7.45mm,74.7mm,约175克（含电池） 备注：实际尺寸和重量依配置、制造工艺、测量方法的不同可能有所差异。,163.4mm,,,,2388*1080 像素,,,6.7英寸 备注：显示屏采用圆角设计，按照标准矩形测量时，屏幕的对角线长度是6.7英寸（实际可视区域略小）,,,TFT LCD（IPS）,1670万色,多点触控，最多支持10点触控,,,支持,4000mAh（典型值） 备注：电池额定容量为3900mAh。（电池内置不可拆卸）,锂聚合物电池,Magic UI 5.0 （基于Android 11）,,,,,,支持 GPS，Glonass，北斗，AGPS,BT5.1
荣耀Play6T,Play系列,,honor-play6t,https://www.honor.com/cn/phones/honor-play6t/,54,,,,支持,,支持,,,,,,,,,802.11 a/b/g/n/ac 备注: 需要相应的路由器支持,支持,支持,支持,2.4GHz、5GHz,,,,,,,,,,,,,,,,,,,,,,,,,,,,,,,,,,,,,,,,,,,,,,,,,,,,,,,,,,,,,,,,,,,,,,,,,,,,,,,,,,,,,,,,,,,,,,,,,,,,,,,,,,,,,,,,,,,,,,,,,,,,,,,,,,,,,,,,,,,,支持,支持,支持（侧指纹），支持指纹解锁,支持,Type-C，支持USB 2.0,超级快充10V/2.25A充电器,,支持,,,,3.5mm,支持,支持（运营商和第三方软件） 备注：运营商功能因不同国家或地区运营商的支持情况而异，详情请咨询网络运营商。,支持,,,,,换机克隆/智慧多窗/智慧语音/智慧识屏/AI 字幕/支付保护中心/应用锁/应用分身/密码保险箱/备份与恢复/服务维修模式/深色模式/电子书模式/YOYO建议,虚拟导航按键,支持,500万像素（f/2.2光圈） 备注：不同拍照模式的照片像素可能有差异，请以实际为准。,最大可支持1920×1080像素 备注：不同拍摄模式的视频像素可能有差异，请以实际为准。,最大可支持2592×1944像素 备注：不同拍照模式的照片像素可能有差异，请以实际为准。,最大支持1080P视频录制,1300万像素（主摄，f/1.8光圈）+200万感光（景深，f/2.4光圈）+200万感光（微距，f/2.4光圈） 备注：不同拍照模式的照片像素可能有差异，请以实际为准。,最大10倍数字变焦 备注：不同模式下可能有差异，请以实际为准。,最大可支持1920 × 1080像素 备注：不同拍摄模式的视频像素可能有差异，请以实际为准。,最大可支持4160×3120像素 备注：不同拍照模式的照片像素可能有差异，请以实际为准。,最大支持1080P视频录制,前置摄像头：人像模式、延时摄影、水印、滤镜、笑脸抓拍、自拍镜像、声控拍照、定时拍照、手势拍照等,,,,,,,,,,,2 x Cortex-A76 2.2GHz + 6 x Cortex-A55 2.0GHz 备注：实际运行频率因应用负载智能调整,天玑700,八核,Mail-G57,,,3gp/mp4,Honor Histen,mp3/mp4/3gp/ogg/amr/aac/flac/wav/mid,8.62mm,77.19mm,约198克（含电池） 备注：实际尺寸/重量依配置、制造工艺、测量方法的不同可能有所差异。,167.59mm,,,,1600 × 720像素,,,6.74英寸 备注：显示屏采用圆角设计，按照标准矩形测量时，屏幕的对角线长度是 6.74 英寸（实际可视区域略小）,,,TFT LCD,1670万色,多点触控，最多支持10点触控,,,手机支持10V/2.25A超级快充 备注：实际充电功率会随不同场景智能变化，请以实际为准。,5000mAh（典型值） 备注：电池额定容量为4900mAh。（内置不可拆卸）,锂离子聚合物电池,Magic UI 5.0 （基于Android 11）,"支持联通/电信 5G/4G+/4G/3G/2G，移动 5G/4G+/4G/2G，广电5G/4G+/4G 备注：
*卡槽1, 2可以任意切换为默认移动数据卡。
*如果两张都是电信卡，副卡（非默认移动数据卡）必须开通电信VoLTE业务，才能同时使用电信双卡。
*实际网络使用，需要根据运营商网络和相关业务部署情况确定是否支持。",,,,,支持 GPS/AGPS/GLONASS/北斗/ 伽利略,BT5.1
荣耀Play5 活力版,Play系列,,honor-play5-huoli,https://www.honor.com/cn/phones/honor-play5-huoli/,0,,,,,,,,,,,,,,,,,,,,,,,,,,,,,,,,,,,,,,,,,,,,,,,,,,,,,,,,,,,,,,,,,,,,,,,,,,,,,,,,,,,,,,,,,,,,,,,,,,,,,,,,,,,,,,,,,,,,,,,,,,,,,,,,,,,,,,,,,,,,,,,,,,,,,,,,,,,,,,,,,,,,,,,,,,,,,,,,,,,,,,,,,,,,,,,,,,,,,,,,,,,,,,,,,,,,,,,,,,,,,,,,,,,,,,,,,,,,,,
荣耀Play5T Pro,Play系列,,honor-play5t-pro,https://www.honor.com/cn/phones/honor-play5t-pro/,0,,,,,,,,,,,,,,,,,,,,,,,,,,,,,,,,,,,,,,,,,,,,,,,,,,,,,,,,,,,,,,,,,,,,,,,,,,,,,,,,,,,,,,,,,,,,,,,,,,,,,,,,,,,,,,,,,,,,,,,,,,,,,,,,,,,,,,,,,,,,,,,,,,,,,,,,,,,,,,,,,,,,,,,,,,,,,,,,,,,,,,,,,,,,,,,,,,,,,,,,,,,,,,,,,,,,,,,,,,,,,,,,,,,,,,,,,,,,,,
荣耀Play5,Play系列,,honor-play5,https://www.honor.com/cn/phones/honor-play5/,0,,,,,,,,,,,,,,,,,,,,,,,,,,,,,,,,,,,,,,,,,,,,,,,,,,,,,,,,,,,,,,,,,,,,,,,,,,,,,,,,,,,,,,,,,,,,,,,,,,,,,,,,,,,,,,,,,,,,,,,,,,,,,,,,,,,,,,,,,,,,,,,,,,,,,,,,,,,,,,,,,,,,,,,,,,,,,,,,,,,,,,,,,,,,,,,,,,,,,,,,,,,,,,,,,,,,,,,,,,,,,,,,,,,,,,,,,,,,,,
荣耀Play5T,Play系列,,honor-play5t,https://www.honor.com/cn/phones/honor-play5t/,0,,,,,,,,,,,,,,,,,,,,,,,,,,,,,,,,,,,,,,,,,,,,,,,,,,,,,,,,,,,,,,,,,,,,,,,,,,,,,,,,,,,,,,,,,,,,,,,,,,,,,,,,,,,,,,,,,,,,,,,,,,,,,,,,,,,,,,,,,,,,,,,,,,,,,,,,,,,,,,,,,,,,,,,,,,,,,,,,,,,,,,,,,,,,,,,,,,,,,,,,,,,,,,,,,,,,,,,,,,,,,,,,,,,,,,,,,,,,,,
荣耀Play5T活力版,Play系列,,honor-play5t-huoli,https://www.honor.com/cn/phones/honor-play5t-huoli/,0,,,,,,,,,,,,,,,,,,,,,,,,,,,,,,,,,,,,,,,,,,,,,,,,,,,,,,,,,,,,,,,,,,,,,,,,,,,,,,,,,,,,,,,,,,,,,,,,,,,,,,,,,,,,,,,,,,,,,,,,,,,,,,,,,,,,,,,,,,,,,,,,,,,,,,,,,,,,,,,,,,,,,,,,,,,,,,,,,,,,,,,,,,,,,,,,,,,,,,,,,,,,,,,,,,,,,,,,,,,,,,,,,,,,,,,,,,,,,,
荣耀畅玩60A,畅玩系列,,honor-changwan-60a,https://www.honor.com/cn/phones/honor-changwan-60a/,41,,,,,,,"æŊæ802.11 a/b/g/n/ac
æŊæ2.4GHzå5GHz WLAN
æŊæWLANį­įđãWLANįīčŋ åĪæģĻïžéčĶįļåšįč·ŊįąåĻæŊæã",,,,,,,,,,,,,æŊæ,éåäž æåĻãįŊåĒåäž æåĻãæĨčŋåäž æåĻ,"č§éĒéčŊïžčŋčĨååįŽŽäļæđč―Ŋäŧķïž
OTGïžååäūįĩæķæåĪ§čūåšįĩæĩ0.5A/5Vïž
æ°æŪįšŋæĨåĢïžUSB Type-CïžUSB 2.0
čģæšæĨåĢïž3.5mm åĪæģĻïžčŋčĨåč§éĒéčŊåč―å äļåå―åŪķæå°åščŋčĨåįæŊææåĩčåžïžčŊĶæčŊ·åĻčŊĒį―įŧčŋčĨåã",500äļåįī æååĪīïžf/2.2ååïž åĪæģĻïžäļåæį§æĻĄåžįį§įåįī åŊč―æå·ŪåžïžčŊ·äŧĨåŪéäļšåã,æåĪ§åŊæŊæ1080Ã1920åįī åĪæģĻïžäļåæææĻĄåžįč§éĒåįī åŊč―æå·ŪåžïžčŊ·äŧĨåŪéäļšåã,æéŦæŊæ1080P č§éĒå―åķ,æåĪ§åŊæŊæ2592Ã1944åįī åĪæģĻïžäļåæį§æĻĄåžįį§įåįī åŊč―æå·ŪåžïžčŊ·äŧĨåŪéäļšåã,7.89mm,1300äļåįī äļŧæïžf/2.2ååïž åĪæģĻïžäļåæį§æĻĄåžįį§įåįī åŊč―æå·ŪåžïžčŊ·äŧĨåŪéäļšåã,10åæ°å­åįĶ,æåĪ§åŊæŊæ1080Ã1920åįī åĪæģĻïžäļåæææĻĄåžįč§éĒåįī åŊč―æå·ŪåžïžčŊ·äŧĨåŪéäļšåã,æåĪ§åŊæŊæ1080Pč§éĒå―åķ åĪæģĻïžäļåæææĻĄåžįč§éĒåįī åŊč―æå·ŪåžïžčŊ·äŧĨåŪéäļšåã,æåĪ§åŊæŊæ  4160Ã3120åįī åĪæģĻïžäļåæį§æĻĄåžįį§įåįī åŊč―æå·ŪåžïžčŊ·äŧĨåŪéäļšåã,1600Ã720  åįī åĪæģĻïžčŊĨåčūĻįåŊđåšæ åįĐå―ĒïžåŪéåąåđææåįī įĨå°ã,6.75čąåŊļ åĪæģĻïžæūįĪšåąéįĻåč§čŪūčŪĄïžæį§æ åįĐå―ĒæĩéæķïžåąåđįåŊđč§įšŋéŋåšĶæŊ6.75čąåŊļïžåŪéåŊč§åšåįĨå°ïžã,æĪįžæĻĄåžãįąŧčŠįķåæĪįž åĪæģĻïžæŽäš§åéåŧįåĻæĒ°ïžäļå·ææēŧįåč―ã,1670äļčē,åĪįđč§Ķæ§ïžæåĪæŊæ10įđč§Ķæ§,TFT LCD,åŊį äŋéĐįŪąãéį§åĐæãåčŊéēæĪãåšįĻéãæŊäŧäŋæĪäļ­åŋãæäŧķäŋåŊæ,æŊæGPSãAGPSãGlonassïžåæãäž―åĐįĨãQZSS,77.00mm,äššåæĻĄåžãæį§æĻĄåžãå―åæĻĄåžãæåŋæį§ãčŠæéåãåŪæķææ,MagicOS 9.0ïžåšäšAndroid 15ïž,æŊæ,5V/3AåįĩåĻ,įšĶ186gïžåŦįĩæą ïž åĪæģĻïžåŪéå°šåŊļ/ééäūéį―Ūãåķé å·ĨčšãæĩéæđæģįäļååŊč―ææå·Ūåžã,æåŋåŊžčŠãåąåđåäļéŪåŊžčŠãæŽæĩŪåŊžčŠ,167.00mm,HONOR Sound,*.mp3ã*.midã*.amrã*.awbã*.3gpã*.mp4ã*.m4aã*.aacã*.wavã*.oggã*.flacã*.mkv,"BT5.3ïžæŊæBLEãSBCãAACãLDACïžAptX, AptX HD",*.3gpã*.mp4ã*.webmã*.mkv,äšščļč§Ģé/åšįĻé/åĪäŧ―äļæĒåĪ/æĒæšåé/įĩå­äđĶæĻĄåž/YOYOåŧščŪŪ/æåģčæŠåą/įĩåĻčķå,5300mAhïžåļååžïž åĪæģĻïžįĩæą éĒåŪåŪđéäļš 5130mAhïžåį―ŪäļåŊæåļïžã,éįĶŧå­čåįĐįĩæą,,,,,,,,,,,,,,,,,,,,,,,,,,,,,,,,,,,,,,,,,,,,,,,,,,,,,,,,,,,,,,,,,,,,,,,,,,,,,,,,,,,,,,,,,,,,,,,,,,,,,,,,,,,,,,,,,,,,,,,,,,,,,,,,,,,,,,,,,2ÃA76  2.4GHz + 6ÃA55  2.0GHz åĪæģĻïžåŪéčŋčĄéĒįå åšįĻčīč――æšč―č°æīã,åĪĐį6300,åŦæ ļ,,,,,,,,,,ARM G57 MC2,,,,,,,,,,,,,,,,,,,,,,,,,,,,,,,,,,
荣耀畅玩70m Plus,畅玩系列,,honor-changwan-70m-plus,https://www.honor.com/cn/phones/honor-changwan-70m-plus/,47,支持 NFC感应区在手机背部摄像头左侧,指纹传感器、指南针、环境光传感器、接近光传感器（非实体器件，使用软件替代）、加速度传感器、重力传感器,,,,,,,,,,,,,,,,,,,,,,,,,,,,,,,,,,,,,,,,,,,,,,,,,,,,,,,,,,,,,,,,,,,,,,,,,,,,,,,,,,,,,,,,,,,,,,,,,,,,,,,,,,,,,,,,,,,,,,,,,,,,,,,,,,,,,,,,,,,,,,,,,,,,,,,,,,,,,,,,,,,,,,,,,,,,,,,1、工信部安全一级；,人脸解锁/应用锁/应用分身/备份与恢复/换机克隆/电子书模式/YOYO建议/指关节截屏/灵动胶囊/熄屏显示,手势导航（默认）、屏幕内三键导航、悬浮导航,支持,500万像素前置摄像头（f/2.2光圈） 备注：不同拍照模式的照片像素可能有差异，请以实际为准。,最大可支持 1920x1080像素 备注：不同拍摄模式的视频像素可能有差异，请以实际为准。,最大可支持2592x1944像素 备注：不同拍照模式的照片像素可能有差异，请以实际为准。,最高支持1080P 30fps视频录制,后置单摄：5000万像素后置主摄像头（f/1.8光圈） 备注：不同拍照模式的照片像素可能有差异，请以实际为准。,最大支持8倍数字变焦 备注：不同模式下可能有差异，请以实际为准。,最大可支持1920x1080像素 备注：不同拍摄模式的视频像素可能有差异，请以实际为准。,最大可支持8160x6120像素 备注：不同拍照模式的照片像素可能有差异，请以实际为准。,支持1080P视频录制,人像模式、滤镜、笑脸抓拍、自拍镜像、声控拍照、定时拍摄、手势拍照、动态照片,,,,,,,,,,,"2xA78@2.3GHz
6xA55@2.0GHz 备注：实际运行频率因应用负载智能调整。",第三代骁龙6s移动平台,八核,Adreno GPU A619,蓝牙耳机远程录音 备注：蓝牙耳机远程录音功能需配合相应的应用使用，请以实际体验为准。,支持,*.3gp、*.mp4、*.webm、*.mkv,HONOR Sound 7.3,*.mp3、*.amr、*.awb、*.3gp、*.mp4、*.m4a、*.aac、*.wav、*.ogg、*.flac、*.mkv,8.24mm,76.8mm,207g 备注：实际尺寸/重量依配置、制造工艺、测量方法的不同可能有所差异。,166.89mm,全局峰值亮度850nit,铝硅玻璃,,1610*720 备注：该分辨率对应标准矩形，实际屏幕有效像素略少。,,,6.77英寸 备注：显示屏采用圆角设计，按照标准矩形测量时，屏幕的对角线长度是 6.77英寸（实际可视区域略小）。,护眼模式、类自然光护眼 备注：本产品非医疗器械，不具有治疗功能。,,TFT LCD,1670万色，85%NTSC,多点触控，最多支持10点触控,,支持,支持（最大支持11V/4.1A有线快充），支持反向充电 备注：实际充电功率会随不同场景智能变化，请以实际使用情况为准。,7000mAh（典型值） 备注：电池额定容量为 6850mAh。,锂离子聚合物电池,Android 15+Magic OS 9.0,"支持移动 5G/4G+/4G/2G，电信 5G/4G+/4G/2G，联通 5G/4G+/4G/3G/2G，广电 5G/4G+/4G

支持 4×4 MIMO天线技术 / 载波聚合技术 / HPUE / HO RxD",,,"802.11 a/b/g/n/ac,支持2.4GHz和5GHz WLAN
支持WLAN热点、WLAN直连","无线投屏
PC数据同步
视频通话（运营商和第三方软件）
OTG（反向供电时最大输出电流5V/1.5A)
数据线接口：Type-C，USB 2.0
耳机接口：Type C",支持北斗、GPS(L1)、GLONASS(G1)、Galileo、支持蜂窝网络定位、WLAN网络定位,BT5.1
荣耀畅玩70 Plus,畅玩系列,,honor-changwan-70-plus,https://www.honor.com/cn/phones/honor-changwan-70-plus/,47,支持 NFC感应区在手机背部摄像头左侧,指纹传感器、指南针、环境光传感器、接近光传感器（非实体器件，使用软件替代）、加速度传感器、重力传感器,,,,,,,,,,,,,,,,,,,,,,,,,,,,,,,,,,,,,,,,,,,,,,,,,,,,,,,,,,,,,,,,,,,,,,,,,,,,,,,,,,,,,,,,,,,,,,,,,,,,,,,,,,,,,,,,,,,,,,,,,,,,,,,,,,,,,,,,,,,,,,,,,,,,,,,,,,,,,,,,,,,,,,,,,,,,,,,1、工信部安全一级；,人脸解锁/应用锁/应用分身/备份与恢复/换机克隆/电子书模式/YOYO建议/指关节截屏/灵动胶囊/熄屏显示,手势导航（默认）、屏幕内三键导航、悬浮导航,支持,500万像素前置摄像头（f/2.2光圈） 备注：不同拍照模式的照片像素可能有差异，请以实际为准。,最大可支持 1920x1080像素 备注：不同拍摄模式的视频像素可能有差异，请以实际为准。,最大可支持2592x1944像素 备注：不同拍照模式的照片像素可能有差异，请以实际为准。,最高支持1080P 30fps视频录制,后置单摄：5000万像素后置主摄像头（f/1.8光圈） 备注：不同拍照模式的照片像素可能有差异，请以实际为准。,最大支持8倍数字变焦 备注：不同模式下可能有差异，请以实际为准。,最大可支持1920x1080像素 备注：不同拍摄模式的视频像素可能有差异，请以实际为准。,最大可支持8160x6120像素 备注：不同拍照模式的照片像素可能有差异，请以实际为准。,支持1080P视频录制,人像模式、滤镜、笑脸抓拍、自拍镜像、声控拍照、定时拍摄、手势拍照、动态照片,,,,,,,,,,,"2xA78@2.3GHz
6xA55@2.0GHz 备注：实际运行频率因应用负载智能调整。",第三代骁龙6s移动平台,八核,Adreno GPU A619,蓝牙耳机远程录音 备注：蓝牙耳机远程录音功能需配合相应的应用使用，请以实际体验为准。,支持,*.3gp、*.mp4、*.webm、*.mkv,HONOR Sound 7.3,*.mp3、*.amr、*.awb、*.3gp、*.mp4、*.m4a、*.aac、*.wav、*.ogg、*.flac、*.mkv,8.24mm,76.8mm,207g 备注：实际尺寸/重量依配置、制造工艺、测量方法的不同可能有所差异。,166.89mm,全局峰值亮度850nit,铝硅玻璃,,1610*720 备注：该分辨率对应标准矩形，实际屏幕有效像素略少。,,,6.77英寸 备注：显示屏采用圆角设计，按照标准矩形测量时，屏幕的对角线长度是 6.77英寸（实际可视区域略小）。,护眼模式、类自然光护眼 备注：本产品非医疗器械，不具有治疗功能。,,TFT LCD,1670万色，85%NTSC,多点触控，最多支持10点触控,,支持,支持（最大支持11V/4.1A有线快充），支持反向充电 备注：实际充电功率会随不同场景智能变化，请以实际使用情况为准。,7000mAh（典型值） 备注：电池额定容量为 6850mAh。,锂离子聚合物电池,Android 15+Magic OS 9.0,"支持移动 5G/4G+/4G/2G，电信 5G/4G+/4G/2G，联通 5G/4G+/4G/3G/2G，广电 5G/4G+/4G

支持 4×4 MIMO天线技术 / 载波聚合技术 / HPUE / HO RxD",,,"802.11 a/b/g/n/ac,支持2.4GHz和5GHz WLAN
支持WLAN热点、WLAN直连","无线投屏
PC数据同步
视频通话（运营商和第三方软件）
OTG（反向供电时最大输出电流5V/1.5A)
数据线接口：Type-C，USB 2.0
耳机接口：Type C",支持北斗、GPS(L1)、GLONASS(G1)、Galileo、支持蜂窝网络定位、WLAN网络定位,BT5.1
荣耀畅玩60,畅玩系列,,honor-changwan-60,https://www.honor.com/cn/phones/honor-changwan-60/,43,,重力传感器、指纹传感器（支持侧边指纹)、指南针、环境光传感器、接近光传感器,,,,,,,,,,,,,,,,,,,,,,,,,,,,,,,,,,,,,,,,,,,,,,,,,,,,,,,,,,,,,,,,,,,,,,,,,,,,,,,,,,,,,,,,,,,,,,,,,,,,,,,,,,,,,,,,,,,,,,,,,,,,,,,,,,,,,,,,,,,,,,,,,,,,,,,,1010nits,,,,,,,,,,5V/3A充电器,,,,,,,,,,,,,AI换脸检测/密码保险箱/隐私助手/反诈防护/应用锁/支付保护中心/文件保密柜,人脸解锁/应用分身/备份与恢复/换机克隆/电子书模式/YOYO建议/指关节截屏/灵动胶囊/熄屏显示,手势导航/屏幕内三键导航/悬浮导航,支持,500万像素摄像头（f/2.2光圈） 备注：不同拍照模式的照片像素可能有差异，请以实际为准。,最大可支持1080×1920像素 备注：不同拍摄模式的视频像素可能有差异，请以实际为准。,最大可支持2592×1944像素 备注：不同拍照模式的照片像素可能有差异，请以实际为准。,最高支持1080P 视频录制,1300万像素主摄（f/1.8光圈） 备注：*不同拍照模式的照片像素可能有差异，请以实际为准。,10倍数字变焦,最大可支持1080×1920像素 备注：不同拍摄模式的视频像素可能有差异，请以实际为准。,最大可支持  4160×3120像素 备注：不同拍照模式的照片像素可能有差异，请以实际为准。,最大可支持1080P视频录制 备注：不同拍摄模式的视频像素可能有差异，请以实际为准。,普通拍照、人像模式、延时摄影、笑脸抓拍、自拍镜像、拍照滤镜、水印模式等,,,,,,,,,,,2×A76  2.4GHz + 6×A55  2.0GHz 备注：实际运行频率因应用负载智能调整。,天玑6300,八核,ARM G57 MC2,,,*.3gp、*.mp4、*.webm、*.mkv,HONOR Sound,*.mp3、*.mid、*.amr、*.awb、*.3gp、*.mp4、*.m4a、*.aac、*.wav、*.ogg、*.flac、*.mkv,8.39 mm,75.6 mm,约197g（含电池） 备注：实际尺寸/重量依配置、制造工艺、测量方法的不同可能有所差异。,163.95 mm,,,,1604×720  像素 备注：该分辨率对应标准矩形，实际屏幕有效像素略少。,,,6.61英寸 备注：显示屏采用圆角设计，按照标准矩形测量时，屏幕的对角线长度是6.61英寸（实际可视区域略小）。,护眼模式、类自然光护眼 备注：本产品非医疗器械，不具有治疗功能。,,TFT LCD,1670万色,多点触控，最多支持10点触控,,支持,,6000mAh（典型值） 备注：电池额定容量为 5900mAh（内置不可拆卸）。,锂离子聚合物电池,MagicOS 9.0（基于Android 15）,"支持移动/电信5G/4G+/4G/2G，联通5G/4G+/4G/3G/2G，广电5G/4G+/4G 备注：
*卡槽1, 2可以任意切换为默认移动数据卡。
*如果两张都是电信卡，副卡（非默认移动数据卡）必须开通电信VoLTE业务，才能同时使用电信双卡。
*实际网络使用，需要根据运营商网络和相关业务部署情况确定是否支持。",,,"支持802.11 a/b/g/n/ac
支持2.4GHz和5GHz WLAN
支持WLAN热点、WLAN直连 备注：需要相应的路由器支持","无线投屏
PC数据同步
视频通话（运营商和第三方软件）
OTG（反向供电时最大输出电流0.5A/5V）
数据线接口：USB Type-C，USB 2.0
耳机接口：3.5 mm 备注：
*运营商视频通话功能因不同国家或地区运营商的支持情况而异，详情请咨询网络运营商。",支持GPS、AGPS、Glonass、北斗、伽利略,BT5.3，支持BLE、SBC、AAC、LDAC、APTX、APTX HD
荣耀畅玩60m,畅玩系列,,honor-changwan-60-m,https://www.honor.com/cn/phones/honor-changwan-60-m/,43,,重力传感器、指纹传感器（支持侧边指纹)、指南针、环境光传感器、接近光传感器,,,,,,,,,,,,,,,,,,,,,,,,,,,,,,,,,,,,,,,,,,,,,,,,,,,,,,,,,,,,,,,,,,,,,,,,,,,,,,,,,,,,,,,,,,,,,,,,,,,,,,,,,,,,,,,,,,,,,,,,,,,,,,,,,,,,,,,,,,,,,,,,,,,,,,,,1010nits,,,,,,,,,,5V/3A充电器,,,,,,,,,,,,,AI换脸检测/密码保险箱/隐私助手/反诈防护/应用锁/支付保护中心/文件保密柜,人脸解锁/应用分身/备份与恢复/换机克隆/电子书模式/YOYO建议/指关节截屏/灵动胶囊/熄屏显示,手势导航/屏幕内三键导航/悬浮导航,支持,500万像素摄像头（f/2.2光圈） 备注：不同拍照模式的照片像素可能有差异，请以实际为准。,最大可支持1080×1920像素 备注：不同拍摄模式的视频像素可能有差异，请以实际为准。,最大可支持2592×1944像素 备注：不同拍照模式的照片像素可能有差异，请以实际为准。,最高支持1080P 视频录制,1300万像素主摄（f/1.8光圈） 备注：*不同拍照模式的照片像素可能有差异，请以实际为准。,10倍数字变焦,最大可支持1080×1920像素 备注：不同拍摄模式的视频像素可能有差异，请以实际为准。,最大可支持  4160×3120像素 备注：不同拍照模式的照片像素可能有差异，请以实际为准。,最大可支持1080P视频录制 备注：不同拍摄模式的视频像素可能有差异，请以实际为准。,普通拍照、人像模式、延时摄影、笑脸抓拍、自拍镜像、拍照滤镜、水印模式等,,,,,,,,,,,2×A76  2.4GHz + 6×A55  2.0GHz 备注：实际运行频率因应用负载智能调整。,天玑6300,八核,ARM G57 MC2,,,*.3gp、*.mp4、*.webm、*.mkv,HONOR Sound,*.mp3、*.mid、*.amr、*.awb、*.3gp、*.mp4、*.m4a、*.aac、*.wav、*.ogg、*.flac、*.mkv,8.39 mm,75.6 mm,约197g（含电池） 备注：实际尺寸/重量依配置、制造工艺、测量方法的不同可能有所差异。,163.95 mm,,,,1604×720  像素 备注：该分辨率对应标准矩形，实际屏幕有效像素略少。,,,6.61英寸 备注：显示屏采用圆角设计，按照标准矩形测量时，屏幕的对角线长度是6.61英寸（实际可视区域略小）。,护眼模式、类自然光护眼 备注：本产品非医疗器械，不具有治疗功能。,,TFT LCD,1670万色,多点触控，最多支持10点触控,,支持,,6000mAh（典型值） 备注：电池额定容量为 5900mAh（内置不可拆卸）。,锂离子聚合物电池,MagicOS 9.0（基于Android 15）,"支持移动/电信5G/4G+/4G/2G，联通5G/4G+/4G/3G/2G，广电5G/4G+/4G 备注：
*卡槽1, 2可以任意切换为默认移动数据卡。
*如果两张都是电信卡，副卡（非默认移动数据卡）必须开通电信VoLTE业务，才能同时使用电信双卡。
*实际网络使用，需要根据运营商网络和相关业务部署情况确定是否支持。",,,"支持802.11 a/b/g/n/ac
支持2.4GHz和5GHz WLAN
支持WLAN热点、WLAN直连 备注：需要相应的路由器支持","无线投屏
PC数据同步
视频通话（运营商和第三方软件）
OTG（反向供电时最大输出电流0.5A/5V）
数据线接口：USB Type-C，USB 2.0
耳机接口：3.5 mm 备注：
*运营商视频通话功能因不同国家或地区运营商的支持情况而异，详情请咨询网络运营商。",支持GPS、AGPS、Glonass、北斗、伽利略,BT5.3，支持BLE、SBC、AAC、LDAC、APTX、APTX HD
荣耀畅玩60 Plus,畅玩系列,,honor-changwan-60-plus,https://www.honor.com/cn/phones/honor-changwan-60-plus/,58,,,,支持,,支持,,,,,,,,,802.11 a/b/g/n/ac,支持,支持,支持,2.4GHz和5GHz,,,,,,,,,,,,,,,,,,,,,,,,,,,,,,,,,,,,,,,,,,,,,,,,,,,,,,,,,,,,,,,,,,,,,,,,,,,,,,,,,,,,,,,,,,,,,,,,,,,,,,,,,,,,,,,,,,,,,,,,,,,,,,,,,,,,,,,850nit,,,,,支持无线投屏,支持,支持（侧边指纹）,支持 备注：非实体器件，使用软件替代,Type-C，支持USB 2.0,荣耀35W超级快充充电器,,支持,,,,3.5mm,支持,支持（运营商和第三方软件） 备注：运营商功能因不同国家或地区运营商的支持情况而异，详情请咨询网络运营商。,支持,,,,,电子书模式/换机克隆/智慧多窗/智慧视觉/智慧识屏/AI 字幕/支付保护中心/应用锁/应用分身/密码保险箱/备份和恢复/YOYO建议/运动健康/单手模式/杂志锁屏/玩机技巧/灵动胶囊/全局收藏,手势导航/屏幕内三键导航/悬浮导航,支持,500万像素（f/2.2光圈），支持固定焦距 备注：不同拍照模式的照片像素可能有差异，请以实际为准。,最大可支持1920x1080像素 备注：不同拍摄模式的视频像素可能有差异，请以实际为准。,最大可支持2592X1944像素 备注：不同拍照模式的照片像素可能有差异，请以实际为准。,最高支持1080P视频录制,5000万像素高清主摄像头（f/1.8光圈）+200万感光景深摄像头（f/2.4光圈） 备注：不同模式的照片和视频的像素可能有差异，请以实际为准。,最大8倍数字变焦 备注：不同模式下可能有差异，请以实际为准。,最大可支持1920 × 1080像素 备注：不同拍摄模式的视频像素可能有差异，请以实际为准。,最大可支持8160*6120像素 备注：不同拍照模式的照片像素可能有差异，请以实际为准。,最大可支持1080P视频录制,人像、拍照、滤镜、录像、延时摄影、水印、笑脸抓拍、自拍镜像、声控拍照、定时拍摄、手势拍照等,,,,,,,,,,,2xA78 2.2GHz + 6xA55 1.95GHz,第二代骁龙4移动平台,八核,Adreno 613,,支持,3gp/mp4/webm/mkv,HONOR Histen音效,mp3/mid/amr/awb/3gp/mp4/m4a/aac/wav/ogg/flac/mkv,"8.09mm（幻夜黑）
8.24mm（月影白、仙踪绿）",76.8mm,"幻夜黑：197g
月影白&仙踪绿：199g 备注：实际尺寸/重量依配置、制造工艺、测量方法的不同可能有所差异。",166.9mm,,,,1610*720 像素 备注：该分辨率对应标准矩形，实际屏幕有效像素略少。,最高支持120Hz 备注：不同界面及游戏画面下，屏幕刷新率可能略有不同，请以实际为准。,,6.77英寸 备注：显示屏采用圆角设计，按照标准矩形测量时，屏幕的对角线长度是：6.77英寸（实际可视区域略小）,护眼模式、类自然光护眼 备注：本产品非医疗器械，不具有治疗功能。,,TFT LCD,1670万色,多点触控，最多支持10点触控,,,手机支持最大11V3.2A,6000mAh（典型值） 备注：电池额定容量为5900mAh（内置不可拆卸）,锂离子聚合物电池,MagicOS 8.0（基于Android 14）,"支持联通5G/4G+/4G/3G/2G，移动/电信5G/4G+/4G/2G，广电5G/4G+/4G 备注：
*卡槽1、2可以任意切换为默认移动数据卡。
*如果两张都是电信卡，副卡（非默认移动数据卡）必须开通电信VoLTE业务，才能同时使用电信双卡。
*实际网络使用，需要根据运营商网络和相关业务部署情况确定是否支持。",,,,,支持GPS、AGPS、北斗、Glonass,BT5.0
荣耀畅玩50,畅玩系列,,honor-changwan-50,https://www.honor.com/cn/phones/honor-changwan-50/,53,,,,,,支持,,,,,,,,,802.11 a/b/g/n/ac,支持,支持,支持,2.4GHz和5GHz,,,,,,,,,,,,,,,,,,,,,,,,,,,,,,,,,,,,,,,,,,,,,,,,,,,,,,,,,,,,,,,,,,,,,,,,,,,,,,,,,,,,,,,,,,,,,,,,,,,,,,,,,,,,,,,,,,,,,,,,,,,,,,,,,,,,,,,,,,,,支持,支持,支持（侧边指纹）,支持,Type-C，USB 2.0,5V/2A充电器,,支持,,,,3.5mm,支持,支持（运营商和第三方软件） 备注：运营商功能因不同国家或地区运营商的支持情况而异，详情请咨询网络运营商。,支持,,,,,人脸解锁/支付保护中心/应用锁/应用分身/备份与恢复/换机克隆/电子书模式/YOYO建议/密码保险箱/指关节截屏/YOYO助理/智慧多窗/荣耀文档/灵动胶囊/全局收藏 备注：4GB版本不支持YOYO建议、智慧语音、应用分身、智慧多窗、荣耀文档，灵动胶囊仅支持系统应用，全局收藏仅支持1.0。,手势导航/屏幕内三键导航/悬浮导航,支持,500万像素摄像头（f/2.2光圈） 备注：不同模式的照片和视频的像素可能有差异，请以实际为准。,最大可支持1080×1920像素 备注：不同拍摄模式的视频像素可能有差异，请以实际为准。,最大可支持2592×1944 备注：不同拍照模式的照片像素可能有差异，请以实际为准。,支持,1300万像素主摄（f/1.8光圈） 备注：不同拍照模式的照片像素可能有差异，请以实际为准。,10倍数字变焦,最大可支持1080×1920像素 备注：不同拍摄模式的视频像素可能有差异，请以实际为准。,最大可支持  4160×3120像素 备注：不同拍照模式的照片像素可能有差异，请以实际为准。,最大可支持1080P视频录制 备注：不同拍摄模式的视频像素可能有差异，请以实际为准。,普通拍照、人像模式、延时摄影、笑脸抓拍、自拍镜像、拍照滤镜、水印模式,,,,,,,,,,,最高主频 2.2GHz（2 大核 +6 小核） 备注：实际运行频率因应用负载智能调整。,天玑6100+,八核,ARM G57 MC2,,,*.3gp、*.mp4、*.webm、*.mkv,HONOR Histen音效,*.mp3、*.mid、*.amr、*.awb、*.3gp、*.mp4、*.m4a、*.aac、*.wav、*.ogg、*.flac、*.mkv,8.39mm,75.33mm,约190克（含电池）,163.59mm,,,,720 × 1612 像素 备注：该分辨率对应标准矩形，实际屏幕有效像素略少。,最高支持90Hz,,6.56英寸 备注：显示屏采用圆角设计，按照标准矩形测量时，屏幕的对角线长度是：6.56英寸（实际可视区域略小）,,,TFTLCD,1670万色,多点触控，最多支持10点触控,,,,5200mAh（典型值） 备注：电池额定容量为5100mAh,锂聚合物电池,MagicOS 8.0（基于Android 14）,"支持移动/电信5G/4G+/4G/2G，联通5G/4G+/4G/3G/2G，广电5G/4G+/4G 备注：
*卡槽1, 2可以任意切换为默认移动数据卡。
*如果两张都是电信卡，副卡（非默认移动数据卡）必须开通电信VoLTE业务，才能同时使用电信双卡。
*实际网络使用，需要根据运营商网络和相关业务部署情况确定是否支持。",,,,,支持GPS、AGPS、Clonass，北斗、伽利略,BT5.1，支持BLE、SBC、AAC、LDAC、APTX、APTX HD
荣耀畅玩50m,畅玩系列,,honor-changwan-50-m,https://www.honor.com/cn/phones/honor-changwan-50-m/,53,,,,,,支持,,,,,,,,,802.11 a/b/g/n/ac,支持,支持,支持,2.4GHz和5GHz,,,,,,,,,,,,,,,,,,,,,,,,,,,,,,,,,,,,,,,,,,,,,,,,,,,,,,,,,,,,,,,,,,,,,,,,,,,,,,,,,,,,,,,,,,,,,,,,,,,,,,,,,,,,,,,,,,,,,,,,,,,,,,,,,,,,,,,,,,,,支持,支持,支持（侧边指纹）,支持,Type-C，USB 2.0,5V/2A充电器,,支持,,,,3.5mm,支持,支持（运营商和第三方软件） 备注：运营商功能因不同国家或地区运营商的支持情况而异，详情请咨询网络运营商。,支持,,,,,人脸解锁/支付保护中心/应用锁/应用分身/备份与恢复/换机克隆/电子书模式/YOYO建议/密码保险箱/指关节截屏,手势导航/屏幕内三键导航/悬浮导航,支持,500万像素摄像头（f/2.2光圈） 备注：不同模式的照片和视频的像素可能有差异，请以实际为准。,最大可支持1080×1920像素 备注：不同拍摄模式的视频像素可能有差异，请以实际为准。,最大可支持2592×1944 备注：不同拍照模式的照片像素可能有差异，请以实际为准。,支持,1300万像素主摄（f/1.8光圈） 备注：不同拍照模式的照片像素可能有差异，请以实际为准。,10倍数字变焦,最大可支持1080×1920像素 备注：不同拍摄模式的视频像素可能有差异，请以实际为准。,最大可支持  4160×3120像素 备注：不同拍照模式的照片像素可能有差异，请以实际为准。,最大可支持1080P视频录制 备注：不同拍摄模式的视频像素可能有差异，请以实际为准。,普通拍照、人像模式、延时摄影、笑脸抓拍、自拍镜像、拍照滤镜、水印模式,,,,,,,,,,,最高主频 2.2GHz（2 大核 +6 小核） 备注：实际运行频率因应用负载智能调整。,天玑6100+,八核,ARM G57 MC2,,,*.3gp、*.mp4、*.webm、*.mkv,HONOR Histen音效,*.mp3、*.mid、*.amr、*.awb、*.3gp、*.mp4、*.m4a、*.aac、*.wav、*.ogg、*.flac、*.mkv,8.39mm,75.33mm,约190克（含电池）,163.59mm,,,,720 × 1612 像素 备注：该分辨率对应标准矩形，实际屏幕有效像素略少。,,最高支持90Hz,6.56英寸 备注：显示屏采用圆角设计，按照标准矩形测量时，屏幕的对角线长度是：6.56英寸（实际可视区域略小）,,,TFTLCD,1670万色,多点触控，最多支持10点触控,,,,5200mAh（典型值） 备注：电池额定容量为5100mAh,锂聚合物电池,MagicOS 8.0（基于Android 14）,"支持移动/电信5G/4G+/4G/2G，联通5G/4G+/4G/3G/2G，广电5G/4G+/4G 备注：
*卡槽1, 2可以任意切换为默认移动数据卡。
*如果两张都是电信卡，副卡（非默认移动数据卡）必须开通电信VoLTE业务，才能同时使用电信双卡。
*实际网络使用，需要根据运营商网络和相关业务部署情况确定是否支持。",,,,,支持GPS、AGPS、Clonass，北斗、伽利略,BT5.1，支持BLE、SBC、AAC、LDAC、APTX、APTX HD
荣耀畅玩50 Plus,畅玩系列,,honor-changwan-50-plus,https://www.honor.com/cn/phones/honor-changwan-50-plus/,56,,,,支持,,支持,,,,,,,,,802.11 a/b/g/n/ac,支持,支持,支持,2.4GHz和5GHz,,,,,,,,,,,,,,,,,,,,,,,,,,,,,,,,,,,,,,,,,,,,,,,,,,,,,,,,,,,,,,,,,,,,,,,,,,,,,,,,,,,,,,,,,,,,,,,,,,,,,,,,,,,,,,,,,,,,,,,,,,,,,,,,,,,,,,,,,,,,支持,支持,支持（侧边指纹）,支持 备注：非实体器件，使用软件替代,Type-C，支持USB 2.0,超级快充11V/3.2A充电器,,支持,,,,3.5mm,支持,支持（运营商和第三方软件） 备注：运营商功能因不同国家或地区运营商的支持情况而异，详情请咨询网络运营商。,支持,,,,,电子书模式/换机克隆/智慧多窗/智慧视觉/智慧识屏/AI 字幕/支付保护中心/应用锁/应用分身/密码保险箱/备份和恢复/YOYO建议/运动健康/单手模式/杂志锁屏/玩机技巧,手势导航/屏幕内三键导航/悬浮导航,支持2D人脸识别,800万像素摄像头（f/2.0光圈） 备注：不同模式的照片和视频的像素可能有差异，请以实际为准。,最大可支持1080*1920像素 备注：不同拍摄模式的视频像素可能有差异，请以实际为准。,最大可支持 3264*2448像素 备注：不同拍照模式的照片像素可能有差异，请以实际为准。,最大可支持1080P视频录制,5000万像素高清主摄像头（f/1.8光圈）+200万感光景深摄像头（f/2.4光圈） 备注：不同模式的照片和视频的像素可能有差异，请以实际为准。,最大10倍数字变焦 备注：不同模式下可能有差异，请以实际为准。,最大可支持1080*1920像素 备注：不同拍摄模式的视频像素可能有差异，请以实际为准。,最大可支持8192*6144像素 备注：不同拍照模式的照片像素可能有差异，请以实际为准。,最大可支持1080P视频录制,前置摄像头：人像、拍照、滤镜、录像、延时摄影、水印、笑脸抓拍、自拍镜像、声控拍照、定时拍摄、手势拍照等,,,,,,,,,,,2 × A76  2.2GHz + 6 × A55  2.0GHz 备注：实际运行频率因应用负载智能调整,天玑 6020,八核,Mali-G57,,支持,*.3gp、*.mp4、*.webm、*.mkv,HONOR Histen音效,*.mp3、*.mid、*.amr、*.awb、*.3gp、*.mp4、*.m4a、*.aac、*.wav、*.ogg、*.flac、*.mkv,8.24mm,76.5mm,约199克（含电池） 备注：实际尺寸/重量依配置、制造工艺、测量方法的不同可能有所差异,166.7mm,,,,2412*1080 像素,最高支持90Hz,,6.8英寸 备注：显示屏采用圆角设计，按照标准矩形测量时，屏幕的对角线长度是6.8英寸（实际可视区域略小）,,,TFT LCD,1670万色,多点触控，最多支持10点触控,,,支持,6000mAh（典型值） 备注：电池额定容量为5900mAh。（内置不可拆卸）,锂聚合物电池,MagicOS 7.2（基于Android 13）,"支持联通5G/4G+/4G/3G/2G，移动/电信5G/4G+/4G/2G，广电5G/4G+/4G 备注：
*卡槽1、2可以任意切换为默认移动数据卡。
*如果两张都是电信卡，副卡（非默认移动数据卡）必须开通电信VoLTE业务，才能同时使用电信双卡。
*实际网络使用，需要根据运营商网络和相关业务部署情况确定是否支持。",,,,,支持GPS、AGPS、北斗、Glonass,BT5.1
荣耀畅玩40S,畅玩系列,,honor-changwan-40s,https://www.honor.com/cn/phones/honor-changwan-40s/,48,,,,,,支持,,,,,,,,,802.11 a/b/g/n/ac,支持,支持,支持,2.4GHz和5GHz,,,,,,,,,,,,,,,,,,,,,,,,,,,,,,,,,,,,,,,,,,,,,,,,,,,,,,,,,,,,,,,,,,,,,,,,,,,,,,,,,,,,,,,,,,,,,,,,,,,,,,,,,,,,,,,,,,,,,,,,,,,,,,,,,,,,,,,,,,,,支持,支持,,支持,Type-C，USB 2.0,5V/2A充电器,,支持,,,,3.5mm,支持,支持（运营商和第三方软件） 备注：运营商功能因不同国家或地区运营商的支持情况而异，详情请咨询网络运营商。,支持,,,,,人脸解锁/支付保护中心/应用锁/备份与恢复/换机克隆/电子书模式/密码保险箱/指关节截屏,手势导航/屏幕内三键导航/悬浮导航,支持,,,,,1300万像素主摄（f/1.8光圈） 备注：不同拍照模式的照片像素可能有差异，请以实际为准。,8倍数字变焦,最大可支持1080×1920像素 备注：不同拍摄模式的视频像素可能有差异，请以实际为准。,最大可支持  4160×3120像素 备注：不同拍照模式的照片像素可能有差异，请以实际为准。,最大可支持1080P视频录制 备注：不同拍摄模式的视频像素可能有差异，请以实际为准。,普通拍照、人像模式、延时摄影、笑脸抓拍、自拍镜像、拍照滤镜、水印模式,,,,,,,,,,,2 × A76 × 2.2GHz + 6 × A55 × 1.9GHz 备注：实际运行频率因应用负载智能调整。,高通骁龙 480 Plus,八核,Adreno 619,,,*.3gp、*.mp4、*.webm、*.mkv,HONOR Histen音效,*.mp3、*.mid、*.amr、*.awb、*.3gp、*.mp4、*.m4a、*.aac、*.wav、*.ogg、*.flac、*.mkv,8.35mm,75.07mm,约188克（含电池） 备注：手机厚度不包含摄像头凸起部分，实际尺寸和重量依配置、制造工艺、测量方法的不同可能有所差异。,163.32mm,,,,720 × 1612 像素 备注：该分辨率对应标准矩形，实际屏幕有效像素略少。,最高支持90Hz,,6.56英寸 备注：显示屏采用圆角设计，按照标准矩形测量时，屏幕的对角线长度是：6.56英寸（实际可视区域略小）,,,TFTLCD,1670万色,多点触控，最多支持10点触控,,,,5200mAh（典型值） 备注：电池额定容量为5100mAh,锂聚合物电池,MagicOS 7.1（基于Android 13）,"支持移动/电信5G/4G+/4G/2G，联通5G/4G+/4G/3G/2G，广电5G/4G+/4G 备注：
*卡槽1, 2可以任意切换为默认移动数据卡。
*如果两张都是电信卡，副卡（非默认移动数据卡）必须开通电信VoLTE业务，才能同时使用电信双卡。
*实际网络使用，需要根据运营商网络和相关业务部署情况确定是否支持。",,,,,支持GPS、AGPS、Clonass，北斗、伽利略,BT5.1，支持BLE、SBC、AAC、LDAC、APTX、APTX HD
荣耀畅玩40C,畅玩系列,,honor-changwan-40c,https://www.honor.com/cn/phones/honor-changwan-40c/,48,,,,,,支持,,,,,,,,,802.11 a/b/g/n/ac,支持,支持,支持,2.4GHz和5GHz,,,,,,,,,,,,,,,,,,,,,,,,,,,,,,,,,,,,,,,,,,,,,,,,,,,,,,,,,,,,,,,,,,,,,,,,,,,,,,,,,,,,,,,,,,,,,,,,,,,,,,,,,,,,,,,,,,,,,,,,,,,,,,,,,,,,,,,,,,,,支持,支持,,支持,Type-C，USB 2.0,5V/2A充电器,,支持,,,,3.5mm,支持,支持（运营商和第三方软件） 备注：运营商功能因不同国家或地区运营商的支持情况而异，详情请咨询网络运营商。,支持,,,,,人脸解锁/支付保护中心/单手模式/应用锁/应用分身/备份与恢复/换机克隆/电子书模式/YOYO建议/密码保险箱/指关节截屏,手势导航/屏幕内三键导航/悬浮导航,支持,,,,,1300万像素主摄（f/1.8光圈） 备注：不同拍照模式的照片像素可能有差异，请以实际为准。,8倍数字变焦,最大可支持1080×1920像素。 备注：不同拍摄模式的视频像素可能有差异，请以实际为准。,最大可支持  4160×3120像素 备注：不同拍照模式的照片像素可能有差异，请以实际为准。,最大可支持1080P视频录制 备注：不同拍摄模式的视频像素可能有差异，请以实际为准。,普通拍照、人像模式、延时摄影、笑脸抓拍、自拍镜像、拍照滤镜、水印模式,,,,,,,,,,,2 × A76 × 2.2GHz + 6 × A55 × 1.9GHz 备注：实际运行频率因应用负载智能调整。,高通骁龙 480 Plus,八核,Adreno 619,,,*.3gp、*.mp4、*.webm、*.mkv,HONOR Histen音效,*.mp3、*.mid、*.amr、*.awb、*.3gp、*.mp4、*.m4a、*.aac、*.wav、*.ogg、*.flac、*.mkv,8.35mm,75.07mm,约188克（含电池） 备注：手机厚度不包含摄像头凸起部分，实际尺寸和重量依配置、制造工艺、测量方法的不同可能有所差异。,163.32mm,,,,720 × 1612 像素 备注：该分辨率对应标准矩形，实际屏幕有效像素略少。,最高支持90Hz,,6.56英寸 备注：显示屏采用圆角设计，按照标准矩形测量时，屏幕的对角线长度是：6.56英寸（实际可视区域略小）,,,TFTLCD,1670万色,多点触控，最多支持10点触控,,,,5200mAh（典型值） 备注：电池额定容量为5100mAh,锂聚合物电池,MagicOS 7.1（基于Android 13）,"支持移动/电信5G/4G+/4G/2G，联通5G/4G+/4G/3G/2G，广电5G/4G+/4G 备注：
*卡槽1, 2可以任意切换为默认移动数据卡。
*如果两张都是电信卡，副卡（非默认移动数据卡）必须开通电信VoLTE业务，才能同时使用电信双卡。
*实际网络使用，需要根据运营商网络和相关业务部署情况确定是否支持。",,,,,支持GPS、AGPS、Clonass，北斗、伽利略,BT5.1，支持BLE、SBC、AAC、LDAC、APTX、APTX HD
荣耀畅玩40,畅玩系列,,honor-changwan-40,https://www.honor.com/cn/phones/honor-changwan-40/,53,,,,,,支持,,,,,,,,,802.11 a/b/g/n/ac,支持,支持,支持,2.4GHz和5GHz,,,,,,,,,,,,,,,,,,,,,,,,,,,,,,,,,,,,,,,,,,,,,,,,,,,,,,,,,,,,,,,,,,,,,,,,,,,,,,,,,,,,,,,,,,,,,,,,,,,,,,,,,,,,,,,,,,,,,,,,,,,,,,,,,,,,,,,,,,,,支持,支持,支持（侧边指纹），支持指纹解锁,支持,Type-C，USB 2.0,5V/2A充电器,,支持,,,,3.5mm,支持,支持（运营商和第三方软件） 备注：运营商功能因不同国家或地区运营商的支持情况而异，详情请咨询网络运营商。,支持,,,,,人脸解锁/支付保护中心/单手模式/应用锁/应用分身/备份与恢复/换机克隆/电子书模式/YOYO建议/密码保险箱/指关节截屏,手势导航/屏幕内三键导航/悬浮导航,支持,500万像素摄像头（f/2.2光圈） 备注：不同模式的照片和视频的像素可能有差异，请以实际为准。,最大可支持1080×1920像素 备注：不同拍摄模式的视频像素可能有差异，请以实际为准。,最大可支持2592×1944 备注：不同拍照模式的照片像素可能有差异，请以实际为准。,支持,1300万像素主摄（f/1.8光圈）+200万景深（f/2.4光圈） 备注：不同拍照模式的照片像素可能有差异，请以实际为准。,8倍数字变焦,最大可支持1080×1920像素 备注：不同拍摄模式的视频像素可能有差异，请以实际为准。,最大可支持  4160×3120像素 备注：不同拍照模式的照片像素可能有差异，请以实际为准。,最大可支持1080P视频录制 备注：不同拍摄模式的视频像素可能有差异，请以实际为准。,普通拍照、人像模式、延时摄影、笑脸抓拍、自拍镜像、拍照滤镜、水印模式,,,,,,,,,,,2 × A76 × 2.2GHz + 6 × A55 × 1.9GHz 备注：实际运行频率因应用负载智能调整。,高通骁龙 480 Plus,八核,Adreno 619,,,*.3gp、*.mp4、*.webm、*.mkv,HONOR Histen音效,*.mp3、*.mid、*.amr、*.awb、*.3gp、*.mp4、*.m4a、*.aac、*.wav、*.ogg、*.flac、*.mkv,8.35mm,75.07mm,约188克（含电池） 备注：手机厚度不包含摄像头凸起部分，实际尺寸和重量依配置、制造工艺、测量方法的不同可能有所差异。,163.32mm,,,,720 × 1612 像素 备注：该分辨率对应标准矩形，实际屏幕有效像素略少。,最高支持90Hz,,6.56英寸 备注：显示屏采用圆角设计，按照标准矩形测量时，屏幕的对角线长度是：6.56英寸（实际可视区域略小）,,,TFTLCD,1670万色,多点触控，最多支持10点触控,,,,5200mAh（典型值） 备注：电池额定容量为5100mAh,锂聚合物电池,MagicOS 7.1（基于Android 13）,"支持移动/电信5G/4G+/4G/2G，联通5G/4G+/4G/3G/2G，广电5G/4G+/4G 备注：
*卡槽1, 2可以任意切换为默认移动数据卡。
*如果两张都是电信卡，副卡（非默认移动数据卡）必须开通电信VoLTE业务，才能同时使用电信双卡。
*实际网络使用，需要根据运营商网络和相关业务部署情况确定是否支持。",,,,,支持GPS、AGPS、Clonass，北斗、伽利略,BT5.1，支持BLE、SBC、AAC、LDAC、APTX、APTX HD
荣耀畅玩40 Plus,畅玩系列,,honor-changwan40-plus,https://www.honor.com/cn/phones/honor-changwan40-plus/,55,,,,支持,,支持,,,,,,,,,802.11 a/b/g/n/ac,支持,支持,支持,2.4GHz和5GHz,,,,,,,,,,,,,,,,,,,,,,,,,,,,,,,,,,,,,,,,,,,,,,,,,,,,,,,,,,,,,,,,,,,,,,,,,,,,,,,,,,,,,,,,,,,,,,,,,,,,,,,,,,,,,,,,,,,,,,,,,,,,,,,,,,,,,,,,,,,,支持,支持,支持（侧边指纹）,支持,Type-C，支持USB 2.0,超级快充10V/2.25A充电器,,支持,,,,3.5mm,支持,支持（运营商和第三方软件） 备注：运营商功能因不同国家或地区运营商的支持情况而异，详情请咨询网络运营商。,支持,,,,,电子书模式/换机克隆/智慧多窗/智慧视觉/智慧识屏/AI 字幕/支付保护中心/应用锁/应用分身/密码保险箱/备份和恢复/YOYO建议/运动健康/单手模式/杂志锁屏/玩机技巧,手势导航/屏幕内三键导航/悬浮导航,支持2D人脸识别,500万像素摄像头（f/2.2光圈） 备注：不同模式的照片和视频的像素可能有差异，请以实际为准。,最大可支持1080*1920像素 备注：不同拍摄模式的视频像素可能有差异，请以实际为准。,最大可支持 2592*1944像素 备注：不同拍照模式的照片像素可能有差异，请以实际为准。,最大可支持1080P视频录制,5000万像素高清主摄像头（f/1.8光圈）+200万感光景深摄像头（f/2.4光圈） 备注：不同模式的照片和视频的像素可能有差异，请以实际为准。,最大10倍数字变焦 备注：不同模式下可能有差异，请以实际为准。,最大可支持1080*1920像素 备注：不同拍摄模式的视频像素可能有差异，请以实际为准。,最大可支持8192*6144像素 备注：不同拍照模式的照片像素可能有差异，请以实际为准。,最大可支持1080P视频录制,前置摄像头：人像、拍照、滤镜、录像、延时摄影、水印、笑脸抓拍、自拍镜像、声控拍照、定时拍摄、手势拍照等,,,,,,,,,,,2xA76 2.2GHz+6xA55 2.0GHz 备注：实际运行频率因应用负载智能调整,天玑700,八核,Mali-G57,,,*.3gp、*.mp4、*.webm、*.mkv,HONOR Histen音效,*.mp3、*.mid、*.amr、*.awb、*.3gp、*.mp4、*.m4a、*.aac、*.wav、*.ogg、*.flac、*.mkv,8.27mm,76.85mm,约196克（含电池） 备注：实际尺寸/重量依配置、制造工艺、测量方法的不同可能有所差异,167.48mm,,,,1600*720 像素,90Hz,,6.74英寸 备注：显示屏采用圆角设计，按照标准矩形测量时，屏幕的对角线长度是6.74英寸（实际可视区域略小）,,,TFT LCD（IPS）,1670万色,多点触控，最多支持10点触控,,,支持,6000mAh（典型值） 备注：电池额定容量为5900mAh。（内置不可拆卸）,锂离子聚合物电池,Magic UI 6.1（基于Android 12）,"支持联通/电信 5G/4G+/4G/3G/2G，移动5G/4G+/4G/2G，广电5G/4G+/4G 备注：
*卡槽1、2可以任意切换为默认移动数据卡。
*如果两张都是电信卡，副卡（非默认移动数据卡）必须开通电信VoLTE业务，才能同时使用电信双卡。
*实际网络使用，需要根据运营商网络和相关业务部署情况确定是否支持。",,,,,支持GPS、AGPS、北斗、Glonass、伽利略,BT5.1
荣耀畅玩30,畅玩系列,,honor-changwan-30,https://www.honor.com/cn/phones/honor-changwan-30/,45,,,,,,,,,,,,,,,802.11 a/b/g/n/ac,支持,支持,支持,2.4G、5G,,,,,,,,,,,,,,,,,,,,,,,,,,,,,,,,,,,,,,,,,,,,,,,,,,,,,,,,,,,,,,,,,,,,,,,,,,,,,,,,,,,,,,,,,,,,,,,,,,,,,,,,,,,,,,,,,,,,,,,,,,,,,,,,,,,,,,,,,,,,,支持,,支持,Type-C，支持USB 2.0,5V/2A充电器,,支持,,,,3.5mm,支持,,支持,,,,,,虚拟导航按键,支持,500万像素，f/2.2光圈 备注：不同拍照模式的照片像素可能有差异，请以实际为准。,最大可支持1080*1920像素 备注：不同拍摄模式的视频像素可能有差异，请以实际为准。,最大可支持2592*1944像素 备注：不同拍照模式的照片像素可能有差异，请以实际为准。,最大支持1080*1920视频录制,1300万像素(主摄，f/1.8光圈) 备注：不同拍照模式的照片像素可能有差异，请以实际为准。,8倍数字变焦,最大可支持1080*1920像素 备注：不同拍摄模式的视频像素可能有差异，请以实际为准。,最大可支持4160*3120像素 备注：不同拍照模式的照片像素可能有差异，请以实际为准。,最大可支持1080*1920视频录制,延时摄影、人像模式(含美肤)、录像、水印等；,,,,,,,,,,,2*A76*2.2GHz+6*A55*1.9GHz 备注：实际运行频率因应用负载智能调整,高通骁龙 480 Plus,八核,Adreno 619,,,*.3gp、*.mp4、*.webm、*.mkv,,*.mp3、*.mid、*.amr、*.awb、*.3gp、*.mp4、*.m4a、*.aac、*.wav、*.ogg、*.flac、*.mkv,8.68mm,75.13mm,约194g（含电池） 备注：实际尺寸/重量依配置、制造工艺、测量方法的不同可能有所差异。,163.66mm,,,,720*1600像素,,,6.5英寸 备注：显示屏采用圆角设计，按照标准矩形测量时，屏幕的对角线长度是6.5英寸（实际可视区域略小）,,,TFT LCD,1670万色,多点触控，最多支持10点触控,,,,5000mAh（典型值） 备注：电池额定容量为4900mAh,锂离子聚合物电池,Magic UI 5.0 （基于Android R）,,,,,,支持 GPS/AGPS/GLONASS/北斗/伽利略,BT5.1
荣耀畅玩30M,畅玩系列,,honor-changwan-30m,https://www.honor.com/cn/phones/honor-changwan-30m/,51,,,,,,,,,,,,,,,802.11 a/b/g/n/ac,支持,支持,支持,2.4GHz和5GHz,,,,,,,,,,,,,,,,,,,,,,,,,,,,,,,,,,,,,,,,,,,,,,,,,,,,,,,,,,,,,,,,,,,,,,,,,,,,,,,,,,,,,,,,,,,,,,,,,,,,,,,,,,,,,,,,,,,,,,,,,,,,,,,,,,,,,,,,,,,,,支持,支持,支持,Type-C，支持USB 2.0,标配10W充电器,,支持,,,,3.5mm,支持,支持（运营商和第三方软件） 备注：运营商功能因不同国家或地区运营商的支持情况而异，详情请咨询网络运营商。,支持,,,,,电子书模式/换机克隆/智慧多窗/应用锁/应用分身/密码保险箱/备份和恢复/YOYO建议/运动健康/单手模式/玩机技巧,手势导航/屏幕内三键导航/悬浮导航,支持2D人脸识别,500万像素摄像头（f/2.2光圈） 备注：不同模式的照片和视频的像素可能有差异，请以实际为准。,最大可支持1080*1920像素 备注：不同拍摄模式的视频像素可能有差异，请以实际为准。,最大可支持 2592*1944像素 备注：不同拍照模式的照片像素可能有差异，请以实际为准。,最大可支持1080P视频录制,1300万像素高清主摄像头（f/1.8光圈）+200万景深摄像头（f/2.4光圈） 备注：不同模式的照片和视频的像素可能有差异，请以实际为准。,最大8倍数字变焦 备注：不同模式下可能有差异，请以实际为准。,最大可支持1080*1920像素 备注：不同拍摄模式的视频像素可能有差异，请以实际为准。,最大可支持4160*3120像素 备注：不同拍照模式的照片像素可能有差异，请以实际为准。,最大可支持1080P视频录制,前置摄像头：延时摄影、人像模式(含美肤)、录像、水印等,,,,,,,,,,,2*A76*2.2GHz+6*A55*1.9GHz 备注：实际运行频率因应用负载智能调整,高通骁龙 480 Plus,八核,Adreno 619,,,*.3gp、*.mp4、*.webm、*.mkv,HONOR Histen音效,*.mp3、*.mid、*.amr、*.awb、*.3gp、*.mp4、*.m4a、*.aac、*.wav、*.ogg、*.flac、*.mkv,8.68mm,75.13mm,约194g（含电池） 备注：实际尺寸/重量依配置、制造工艺、测量方法的不同可能有所差异。,163.66mm,,,,720*1600像素,最高支持60Hz,,6.5英寸 备注：显示屏采用圆角设计，按照标准矩形测量时，屏幕的对角线长度是6.5英寸（实际可视区域略小）,,,TFT LCD,1670万色,多点触控，最多支持10点触控,,,,5000mAh（典型值） 备注：电池额定容量为4900mAh。（内置不可拆卸）,锂聚合物电池,Magic UI 5.0 （基于Android R）,"支持联通/电信 5G/4G+/4G/3G/2G，移动5G/4G+/4G/2G 备注：
*卡槽1、2可以任意切换为默认移动数据卡。
*如果两张都是电信卡，副卡（非默认移动数据卡）必须开通电信VoLTE业务，才能同时使用电信双卡。
*实际网络使用，需要根据运营商网络和相关业务部署情况确定是否支持。",,,,,支持GPS、AGPS、北斗、Glonass,BT5.1
荣耀畅玩30 Plus,畅玩系列,,honor-changwan30-plus,https://www.honor.com/cn/phones/honor-changwan30-plus/,41,,,,支持,,,,,,,,,,,802.11 a/b/g/n/ac 备注: 需要相应的路由器支持,支持,支持,,2.4G和5G,,,,,,,,,,,,,,,,,,,,,,,,,,,,,,,,,,,,,,,,,,,,,,,,,,,,,,,,,,,,,,,,,,,,,,,,,,,,,,,,,,,,,,,,,,,,,,,,,,,,,,,,,,,,,,,,,,,,,,,,,,,,,,,,,,,,,,,,,,,,,支持,支持,支持,Type-C，支持USB 2.0,超级快充10V/2.25A充电器,,支持,,,,3.5mm,,支持（运营商和第三方软件）,支持,,,,,,,支持,500万像素（f/2.2光圈） 备注：不同拍照模式的照片像素可能有差异，请以实际为准。,最大可支持1920x1080像素 备注：不同拍照模式的照片像素可能有差异，请以实际为准。,最大可支持2592x1944像素 备注：不同拍照模式的照片像素可能有差异，请以实际为准。,,1300万像素（主摄，f/1.8光圈）+200万感光（景深，f/2.4光圈） 备注：不同拍照模式的照片像素可能有差异，请以实际为准。,,最大可支持1920x1080像素 备注：不同拍摄模式的视频像素可能有差异，请以实际为准。,最大可支持4160×3120像素 备注：不同拍照模式的照片像素可能有差异，请以实际为准。,,前置摄像头：人像模式、延时摄影、水印、滤镜、笑脸抓拍、自拍镜像、声控拍照、定时拍照、手势拍照等,,,,,,,,,,,2 x Cortex-A76 2.2GHz + 6 x Cortex-A55 2.0GHz,天玑700,八核,Mail-G57,,,,,,8.62mm,77.19mm,约198克（含电池） 备注：实际尺寸/重量依配置、制造工艺、测量方法的不同可能有所差异。,167.59mm,,,,1600x720像素,,,6.74英寸 备注：显示屏采用圆角设计，按照标准矩形测量时，屏幕的对角线长度是 6.74 英寸（实际可视区域略小）,,,TFT LCD,1670万色,多点触控触摸屏，最多支持10点触控,,,,5000mAh（典型值） 备注：电池额定容量为4900mAh。（内置不可拆卸）,锂离子聚合物电池,Magic UI 5.0 （基于Android 11）,"支持联通/电信 5G/4G+/4G/3G/2G，移动 5G/4G+/4G/2G，广电5G/4G+/4G 备注：
*卡槽1, 2可以任意切换为默认移动数据卡。
*如果两张都是电信卡，副卡（非默认移动数据卡）必须开通电信VoLTE业务，才能同时使用电信双卡。
*实际网络使用，需要根据运营商网络和相关业务部署情况确定是否支持。",,,,,支持GPS，Glonass，北斗，伽利略，AGPS,蓝牙5.1
荣耀畅玩20,畅玩系列,,honor-changwan20,https://www.honor.com/cn/phones/honor-changwan20/,44,,,,支持（反向供电时最大输出电流0.5A/5V）,,,,,,,,,,,802.11b/g/n 备注: 需要相应的路由器支持,支持,支持,支持,2.4G,,,,,,,,,,,,,,,,,,,,,,,,,,,,,,,,,,,,,,,,,,,,,,,,,,,,,,,,,,,,,,,,,,,,,,,,,,,,,,,,,,,,,,,,,,,,,,,,,,,,,,,,,,,,,,,,,,,,,,,,,,,,,,,,,,,,,,,,,,,,支持,支持,,支持,Type-C，支持USB 2.0 备注：标配数据线支持USB 2.0。,5V/2A,,支持,,,,3.5mm,支持,支持（运营商和第三方软件）,支持,,,,,,手势导航（默认）/屏幕内三键导航/悬浮导航,支持,500万像素（f/2.2光圈） 备注：不同模式的照片和视频的像素可能有差异，请以实际为准。,最大可支持1920×1080像素 备注：不同拍摄模式的视频像素可能有差异，请以实际为准。,最大可支持2592X1944像素 备注：不同拍照模式的照片像素可能有差异，请以实际为准。,,1300万像素主摄摄像头（f/1.8光圈）+200万景深摄像头（f/2.4光圈） 备注：不同模式的照片和视频的像素可能有差异，请以实际为准。,数字变焦,最大可支持1920×1080像素 备注：不同拍摄模式的视频像素可能有差异，请以实际为准。,最大可支持4160*3120像素 备注：不同拍照模式的照片像素可能有差异，请以实际为准。,,前置摄像头：人像模式/水印/笑脸抓拍/自拍镜像/声控拍照/定时拍照,,,,,,,,,,,2×CortexA75 1.8GHz+6×CortexA55 1.8GHz,Unisoc T610,八核,G52,,,,,,8.95mm,75.79mm,约198克（含电池） 备注：实际尺寸/重量依配置、制造工艺、测量方法的不同可能有所差异。,163.93mm,,,,1600*720 备注：该分辨率对应标准矩形，实际屏幕有效像素略少。,,,6.517英寸,,,TFT LCD,1670万色,电容触摸屏，多点触控，最多支持10点触控,,,,5000mAh（典型值） 备注：电池额定容量为4900mAh。（内置不可拆卸）,锂聚合物电池,Android 10（Q版本）,,,,,,支持GPS，北斗，伽利略，AGPS,BT5.0，支持BLE，支持SBC、AAC
荣耀畅玩20a,畅玩系列,,honor-changwan20-a,https://www.honor.com/cn/phones/honor-changwan20-a/,52,,,,支持（反向供电时最大输出电流0.5A/5V）,,支持,,,,,,,,,802.11b/g/n,支持,支持,支持,2.4GHz,,,,,,,,,,,,,,,,,,,,,,,,,,,,,,,,,,,,,,,,,,,,,,,,,,,,,,,,,,,,,,,,,,,,,,,,,,,,,,,,,,,,,,,,,,,,,,,,,,,,,,,,,,,,,,,,,,,,,,,,,,,,,,,,,,,,,,,,,,,,支持,支持,,支持,Type-C，支持USB 2.0,10W（5V/2A）充电器,,支持,,,,3.5mm,支持,支持（运营商和第三方软件） 备注：运营商功能因不同国家或地区运营商的支持情况而异，详情请咨询网络运营商。,支持,,,,,换机克隆/智慧多窗/智慧视觉/智慧识屏/AI 字幕/支付保护中心/应用锁/应用分身/密码保险箱/备份与恢复/深色模式/电子书模式/YOYO建议,手势导航/屏幕内三键导航/悬浮导航,支持2D人脸识别,500万像素摄像头（f/2.2光圈） 备注：不同模式的照片和视频的像素可能有差异，请以实际为准。,最大可支持1920x1080像素 备注：不同拍摄模式的视频像素可能有差异，请以实际为准。,最大可支持2592X1944像素 备注：不同拍照模式的照片像素可能有差异，请以实际为准,最高支持1080P 30fps视频录制,"13M (主摄，f/1.8光圈),2M（景深，f/2.4光圈） 备注：不同模式的照片和视频的像素可能有差异，请以实际为准。",最大10倍数字变焦 备注：不同模式下可能有差异，请以实际为准。,最大可支持1920x1080像素 备注：不同拍摄模式的视频像素可能有差异，请以实际为准。,最大可支持4160*3120像素 备注：不同拍照模式的照片像素可能有差异，请以实际为准。,最大可支持1080P视频录制,人像模式、延时摄影、滤镜、笑脸抓拍、自拍镜像、声控拍照、定时拍照等,,,,,,,,,,,2*A75@2.0GHz+6*A55@1.8GHz 备注：实际运行频率因应用负载智能调整。,MediaTek Helio G85（联发科 G85）,八核,Mali-G52 MC2,,,*.3gp、*.mp4、*.webm、*.mkv,HONOR Histen音效,*.mp3、*.mid、*.amr、*.awb、*.3gp、*.mp4、*.m4a、*.aac、*.wav、*.ogg、*.flac、*.mkv,8.95mm,75.79mm,约198克（含电池） 备注：实际尺寸/重量依配置、制造工艺、测量方法的不同可能有所差异,163.93mm,,,,1600×720像素,60Hz,,6.517英寸 备注：显示屏采用圆角设计，按照标准矩形测量时，屏幕的对角线长度是6.7英寸（实际可视区域略小）,,,TFT LCD（IPS）,1670万色,多点触控，最多支持10点触控,,,,5000mAh（典型值） 备注：电池额定容量为4900mAh。（内置不可拆卸）,锂聚合物电池,Magic UI6.1(基于Android12),,,,,,支持GPS、AGPS、北斗、Glonass,BT5.1
荣耀畅玩20 Pro,畅玩系列,,honor-changwan20-pro,https://www.honor.com/cn/phones/honor-changwan20-pro/,0,,,,,,,,,,,,,,,,,,,,,,,,,,,,,,,,,,,,,,,,,,,,,,,,,,,,,,,,,,,,,,,,,,,,,,,,,,,,,,,,,,,,,,,,,,,,,,,,,,,,,,,,,,,,,,,,,,,,,,,,,,,,,,,,,,,,,,,,,,,,,,,,,,,,,,,,,,,,,,,,,,,,,,,,,,,,,,,,,,,,,,,,,,,,,,,,,,,,,,,,,,,,,,,,,,,,,,,,,,,,,,,,,,,,,,,,,,,,,,
荣耀GT Pro,GT系列,,honor-gt-pro,https://www.honor.com/cn/phones/honor-gt-pro/,50,,"重力传感器、红外传感器、超声波指纹传感器、陀螺仪、指南针、环境光传感器、接近光传感器、加速度传感器、X轴线性马达

NFC
支持读/写模式、卡模拟模式（荣耀钱包，NFC-SIM，HCE） 备注：
1. NFC-SIM需放在SIM1卡槽使用。
2. NFC感应区在手机背部中上位置。",,,,,,,,,,,,,,,,,,,,,,,,,,,,,,,,,,,,,,,,,,,,,,,,,,,,,,,,,,,,,,,,,,,,,,,,,,,,,,,,,,,,,,,,,,,,,,,,,,,,,,,,,,,,,,,,,,,,,,,,,,,,,,,,,,,,,,,,,,,,,,,,,,,,,,,,,,,,,,,,,,,荣耀自研射频增强芯片C1+,,,,,,,,,,,,AI换脸检测、双TEE安全系统、手机盾、密码保险箱、模糊位置、隐私助手、平行空间、反诈防火墙、应用锁、支付保护中心、隐私时刻、应用跳转弹窗提醒,"YOYO智能体、AI换脸检测、AI翻译、魔方个性化、魔法形象、AI文档、AI笔记、灵动胶囊、魔法锁屏、荣耀任意门、全屏熄屏显示、智慧摆台、桌面大文件夹自定义、收藏空间、平行空间、个人事务中心、YOYO助理、个性化锁屏、反诈防火墙、智慧识码、隔空滑动屏幕、隔空截屏、智能旋转屏幕和辅助拍照、气息唤醒、YOYO建议、Magic 文本、OS Turbo X、GPU Turbo X、智慧互联、智慧运存、语音控制呼叫、多屏协同、电脑模式、智慧视觉、智慧识屏、全屏翻译、语音翻译、AI字幕、智慧多窗、深色模式、电子书模式、状态互动AOD、纯净文件管理、注视不熄屏、注视来电音量减弱、荣耀分享、快捷启动及手势、应用分身、换机克隆、名片扫描、备份与恢复、服务维修模式 备注：
1. 快捷启动及手势：含指关节截屏、双指关节录屏、拿起手机亮屏、双击亮屏、全局收藏、全局批注、翻转手机静音、拿起手机减弱音量、快速通话、电源键唤醒YOYO助理。
2. 智慧视觉：含智能抠图、文字提取、扫码、智能识别、翻译、文档扫描、卡证扫描。",手势导航（默认）、屏幕内三键导航、悬浮导航,支持2D人脸识别,5000万像素摄像头：ƒ/2.0光圈、最大90°视角 备注：相机参数来源于荣耀实验室，不同模式及场景下可能存有差异，请以实际为准。最高像素需进入“高像素”拍照模式体验，请以实际体验为准。,最大可支持3840x2160像素 备注：不同拍摄模式的视频像素可能有差异，请以实际为准。,最大可支持8192x6144像素 备注：不同拍照模式的照片像素可能有差异，请以实际为准。,"4K视频拍摄：30/60 FPS
1080P视频拍摄：30/60 FPS
720P视频拍摄：30/60 FPS
视频录制编码格式包括H.264
支持两焦段变焦（0.8x/1x）
支持EIS视频防抖
支持视频美肤
支持多镜录像
支持立体声收音
支持蓝牙耳机收音","5000万像素广角摄像头：1/1.56英寸大底感光元件、ƒ/1.95光圈、支持OIS光学防抖
5000万像素超广角摄像头：ƒ/2.0光圈、最大122°超广视角、2.5cm高清微距摄影
5000万像素长焦摄像头：3x光学变焦、ƒ/2.4光圈、支持OIS光学防抖、最高可达50倍数字变焦 备注：相机参数来源于荣耀实验室，不同模式及场景下可能存有差异，请以实际为准。最高像素需进入“高像素”拍照模式体验，请以实际体验为准。",最大50倍数字变焦 备注：不同模式下可能有差异，请以实际为准。,最大可支持3840x2160像素 备注：不同拍摄模式的视频像素可能有差异，请以实际为准。,最大可支持8192x6144像素 备注：不同拍照模式的照片像素可能有差异，请以实际为准。,"4K视频拍摄：30/60 FPS
1080P视频拍摄：30/60 FPS
720P视频拍摄：30/60 FPS
4K夜景录像模式：24FPS
1080P夜景录像模式：24FPS
1080P慢动作视频：120/240FPS
视频录制编码格式包括H.264和HEVC
变焦范围最高可达0.5x-10x
广角主摄像头支持OIS视频防抖
长焦摄像头支持OIS视频防抖
超广角摄像头支持EIS视频防抖
支持视频美肤
支持立体声收音
支持蓝牙耳机收音
电影模式：HDR Vivid最高可达4K 30FPS
延时摄影模式最高可达4K","人像模式、滤镜、笑脸抓拍、自拍镜像、声控拍照、定时拍摄、手势拍照、夜景模式、水印模式、自拍环形补光、高像素模式、多镜录像

图库功能：AI消除、AI风格、AI扩图、人脸修复、智能美颜、智慧成片、图库语义搜索、精彩时刻、一键大片、荣耀剪辑",电子防抖、光学防抖,,,,,,,,,,2×Prime 4.47GHz+6×Performance 3.53GHz 备注：实际运行频率因应用负载智能调整。,骁龙8至尊领先版移动平台,八核,Adreno 830,VoIP/CS通话AI双向降噪、蓝牙耳机远程录音 备注：VoIP通话AI双向降噪和蓝牙耳机远程录音功能需配合相应的应用使用，请以实际体验为准。,支持,3gp、mp4,荣耀环绕低音炮、DTS:X® Ultra音效,mp3、mp4、3gp、ogg、amr、aac、flac、wav,8.58mm,75.7mm,约212g（含电池） 备注：实际尺寸/重量依配置、制造工艺、测量方法的不同可能有所差异。,162.1mm,"HDR峰值亮度：6000nits
全局峰值亮度：1600nits",荣耀巨犀玻璃,,FHD+ 1264x2800像素 备注：该分辨率对应标准矩形，实际屏幕有效像素略少。,,,6.78英寸 备注：显示屏采用圆角设计，按照标准矩形测量时，屏幕的对角线长度是6.80英寸（实际可视区域略小）。,"圆偏振光护眼、4320Hz PWM零风险调光、类自然光护眼、硬件级低蓝光、自然色彩显示、AI助眠显示、AI离焦护眼、AI干眼友好 备注：
1. 本产品非医疗器械，不具有治疗功能。
2. 屏幕最高支持4320Hz超高频PWM调光，在低亮度场景下生效，通过德国莱茵TÜV无频闪认证，达到零风险调光级别。德国莱茵TÜV无频闪认证的测试标准参考IEEE（电气电子工程师学会）Std 1789-2015标准中频闪风险等级与闪烁频率相关性定义：当调光频率高于3125Hz时，达到无频闪危害等级。本产品非医疗器械，不具有治疗功能。","HDR显示（图片和视频）、超动态显示、臻彩显示、1~144Hz LTPO自适应动态刷新率、屏幕聚光技术
显示认证：
德国莱茵TÜV圆偏振显示认证
德国莱茵TÜV全局护眼4.0认证
德国莱茵TÜV无频闪认证
HDR Vivid认证
帧享超高清认证 备注：屏幕支持1/10/30/60/90/120/144Hz，不同应用界面及游戏画面下，屏幕刷新率可能略有不同，请以实际体验为准。",OLED,真10.7亿色，DCI-P3广色域,多点触控，最多支持10点触控,,支持,90W荣耀超级快充 备注：此功率为支持的最大充电功率，有线超级快充需搭配原装有线超级快充充电器与充电线使用。实际充电功率会随不同场景智能变化，请以实际使用情况为准。,7200mAh（典型值） 备注：电池额定容量为7030mAh（内置不可拆卸）。,"锂离子聚合物电池（第三代青海湖电池）
支持自研能效增强芯片HONOR E2",MagicOS 9.0（基于Android 15）,"支持移动5GA/5G/4G+/4G/2G，电信 5GA/5G/4G+/4G，联通5GA/5G/4G+/4G/3G/2G，广电5GA/5G/4G+/4G
支持 4×4 MIMO天线技术/载波聚合技术/HPUE/HO RxD
支持双卡双通 备注：
1. 主卡指SIM卡管理中开通默认移动数据的卡。
2. 卡槽1、2可以任意切换为默认移动数据卡。
3. 如果两张都是电信卡，副卡（非默认移动数据卡）必须开通电信VoLTE业务，才能同时使用电信双卡。
4. 5G/4G网络使用，需要根据运营商网络和相关业务部署情况确定是否支持。
5. 双卡双通功能跟频段组合和网络覆盖相关。",荣耀优速通、环球行、智慧选网、Link Turbo X网络加速 备注：荣耀优速通功能在网络拥塞下根据使用场景智能生效，且限期免费使用，该功能实现与运营商业务部署相关，请以实际体验为准。,,"支持Wi-Fi 7（802.11 be），Wi-Fi 6 （802.11 ax）和 802.11 a/b/g/n/ac
支持2x2 MIMO，MLO，4096 QAM，160MHz，MU-MIMO，2.4G&5G双路并发 备注：需要搭配相应的Wi-Fi7路由器使用。","无线投屏
红外遥控
PC数据同步
视频通话（运营商和第三方软件）
OTG（反向供电时最大输出电流1A/5V）
数据线接口：USB Type-C
耳机接口：USB Type-C 备注：
1. 红外遥控支持遥控发射，不支持自学习功能。
2. 运营商视频通话功能因不同国家或地区运营商的支持情况而异，详情请咨询网络运营商。","北斗（B1I+B1C+B2a三频）、双频GPS（L1+L5）、Glonass（G1）、伽利略（E1 + E5a双频）、QZSS（L1+L5双频）、NavIC（L1+L5双频）、A-GNSS
支持蜂窝网络定位、WLAN网络定位 备注：NavIC需要插入印度运营商SIM卡使用。","BT5.4
支持低功耗蓝牙(BLE)
支持SBC、AAC、LDAC、aptX、aptX HD、aptX Adaptive"
荣耀GT,GT系列,,honor-gt,https://www.honor.com/cn/phones/honor-gt/,46,,"重力传感器、红外传感器、指纹传感器、陀螺仪、指南针、环境光传感器、接近光传感器（非实体器件，使用超声代替）、加速度传感器、线性马达

NFC
支持读/写模式、卡模拟模式（荣耀钱包，NFC-SIM，HCE） 备注：
1. NFC-SIM需放在SIM1卡槽使用。
2. NFC感应区在手机背部摄像头旁边位置。
3. 荣耀钱包OTA升级支持。",,,,,,,,,,,,,,,,,,,,,,,,,,,,,,,,,,,,,,,,,,,,,,,,,,,,,,,,,,,,,,,,,,,,,,,,,,,,,,,,,,,,,,,,,,,,,,,,,,,,,,,,,,,,,,,,,,,,,,,,,,,,,,,,,,,,,,,,,,,,,,,,,,,,,,,,,,,,,,,,,,,,,,,,,,,,,,,AI换脸检测、密码保险箱、模糊位置、隐私助手、平行空间、反诈防火墙、应用锁、支付保护中心、隐私时刻、工信部安全一级（提供了骚扰拦截、病毒查杀、权限管理等功能） 备注：仅支持视频通话场景AI换脸识别，不支持直播场景AI换脸识别。,"YOYO智能体、AI换脸识别、AI翻译、魔方个性化、魔法形象、AI文档、AI笔记、灵动胶囊、魔法锁屏、荣耀任意门、晕动舒缓显示、全屏熄屏显示、桌面大文件夹自定义、收藏空间、平行空间、个人事务中心、YOYO助理、个性化锁屏、反诈防火墙、智慧识码、气息唤醒、YOYO建议、Magic 文本、OS Turbo X、GPU Turbo X、智慧互联、智慧运存、语音控制呼叫、多屏协同、电脑模式、智慧视觉、智慧识屏、全屏翻译、语音翻译、AI字幕、智慧多窗、深色模式、电子书模式、纯净文件管理、荣耀分享、快捷启动及手势、应用分身、换机克隆、名片扫描、备份与恢复、服务维修模式 备注：1. 快捷启动及手势：含指关节截屏、双指关节录屏、拿起手机亮屏、双击亮屏、全局收藏、全局批注、翻转手机静音、拿起手机减弱音量。
2. 智慧视觉：含智能抠图、文字提取、扫码、智能识别、翻译、文档扫描、卡证扫描。
3. YOYO智能体、晕动舒缓显示、魔法形象等需OTA升级支持。",手势导航（默认）、屏幕内三键导航、悬浮导航,支持2D人脸识别,1600万像素广角摄像头（f/2.45光圈） 备注：不同拍照模式的照片像素可能有差异，请以实际为准。,最大可支持2520×1080像素 备注：不同拍摄模式的视频像素可能有差异，请以实际为准。,最大可支持4608×3456像素 备注：不同拍照模式的照片像素可能有差异，请以实际为准。,最大支持1080P（2520×1080）视频录制，支持EIS视频防抖,"5000万像素广角摄像头(f/1.95光圈，支持OIS光学防抖)
1200万像素超广角微距摄像头(f/2.2光圈)，支持自动对焦 备注：不同拍照模式的照片像素可能有差异，最高像素需进入“高像素”拍照模式体验，请以实际为准。",最大10倍数字变焦 备注：不同模式下可能有差异，请以实际为准。,最大可支持3840x2160像素 备注：不同拍摄模式的视频像素可能有差异，请以实际为准。,最大可支持8192x6144像素 备注：不同拍照模式的照片像素可能有差异，请以实际为准。,最大可支持4K（3840x2160）像素,动态照片、人像模式、滤镜、笑脸抓拍、自拍镜像、声控拍照、定时拍摄、手势拍照、夜景模式、水印模式、高像素模式,电子防抖、光学防抖,,,,,,,,,,1×Cortex-X4 3.3GHz+3×Cortex-A720 3.2GHz+2×Cortex-A720 3.0GHz+2×Cortex-A520 2.3GHz 备注：实际运行频率因应用负载智能调整。,第三代骁龙8移动平台,八核,Adreno™750,,支持,3gp、mp4,HONOR Histen 7.3,mp3、mp4、3gp、ogg、amr、aac、flac、wav、midi,7.7 mm,74.2 mm,约196g（含电池） 备注：实际尺寸/重量依配置、制造工艺、测量方法的不同可能有所差异。,161 mm,"局部峰值亮度：4000nits
全局峰值亮度：1200nits",,,FHD+ 2664*1200像素 备注：该分辨率对应标准矩形，实际屏幕有效像素略少。,,,6.7英寸 备注：显示屏采用圆角设计，按照标准矩形测量时，屏幕的对角线长度是6.7英寸（实际可视区域略小）。,3840Hz PWM零风险调光、类自然光护眼、硬件级低蓝光、AI助眠显示、AI离焦护眼、360°自适应调光 备注：本产品非医疗器械，不具有治疗功能。,"显示技术：
HDR显示（图片和视频）、超动态显示、臻彩显示
显示认证：
支持德国莱茵TÜV无频闪认证
帧享超高清认证 备注：该功能需要配合相应视频资源使用，请以实际体验为准。",AMOLED,真10.7亿色，DCI-P3广色域,多点触控，最多支持10点触控,,支持,100W荣耀超级快充 备注：最大支持100W有线超级快充，需搭配原装有线超级快充充电器及原装充电线缆使用。实际充电功率会随不同场景智能变化，请以实际使用情况为准。,5300mAh（典型值） 备注：电池额定容量为5170mAh（内置不可拆卸）。,锂离子聚合物电池（荣耀青海湖电池）,MagicOS 9.0（基于Android 15）,"支持移动 5G/4G+/4G/2G，电信 5G/4G+/4G，联通5G/4G+/4G/3G/2G，广电5G/4G+/4G 备注：
1. 主卡指SIM卡管理中开通默认移动数据的卡。
2. 卡槽1、2可以任意切换为默认移动数据卡。
3. 如果两张都是电信卡，副卡（非默认移动数据卡）必须开通电信VoLTE业务，才能同时使用电信双卡。
4. 5G/4G网络使用，需要根据运营商网络和相关业务部署情况确定是否支持。",,,"支持802.11 a/b/g/n/ac/ax/be，2x2 MIMO
支持2.4GHz和5GHz WLAN
支持WLAN热点、WLAN直连 备注：需要搭配相应的Wi-Fi7路由器使用。","无线投屏
红外遥控
PC数据同步
视频通话（运营商和第三方软件）
OTG（反向供电时最大输出电流1A/5V）
数据线接口：USB Type-C，USB 2.0
耳机接口：USB Type-C 备注：
1. 红外遥控支持遥控发射，不支持自学习功能。
2. 运营商视频通话功能因不同国家或地区运营商的支持情况而异，详情请咨询网络运营商。
3. 标配数据线支持USB 2.0。
4. 仅支持Type-C数字耳机。","支持北斗（B1I+B1C双频）、GPS、AGPS、Glonass、伽利略
支持蜂窝网络定位、WLAN网络定位",BT5.3，支持BLE、SBC、AAC、LDAC、APTX、APTX HD
荣耀V Purse,V系列,,honor-v-purse,https://www.honor.com/cn/phones/honor-v-purse/,59,"支持读卡器模式, 卡模拟模式（钱包支付，SIM卡支付*，HCE支付） 备注： SIM卡支付所使用的SIM卡只能放在SIM1卡槽。",,,支持（反向供电时最大输出电流1A/5V）,,支持,,,,,,,,,802.11 a/b/g/n/ac/ax 2x2 MIMO,支持,支持,支持,2.4GHz和5GHz,,,,,,,,,,,,,,,,,,,,,,,,,,,,,,,,,,,,,,,,,,,,,,,,,,,,,,,,,,,,,,,,,,,,,,,,,,,,,,,,,,,,,,,,,,,,,,,,,,,,,,,,,,,,,,,,,,,,,,,,,,,,,,,,,,,,,,,,,,,,支持,支持,支持（侧边指纹），支持指纹解锁,支持 备注：超声替代接近光,Type-C，USB 2.0,荣耀11V/3.2A快充充电器,,支持,,,,USB Type-C 备注：支持 Type-C 数字耳机。,支持,支持,支持,支持,,,,荣耀笔记/文档模式/Magic Text/超级终端/个人事务中心/纯净文件管理/多屏协同/无线投屏/荣耀分享/换机克隆/智慧多窗/YOYO智慧语音/智慧视觉/智慧识屏/情景智能/AI 字幕/支付保护中心/应用权限最小化/应用锁/应用分身/密码保险箱/备份与恢复/服务维修模式/深色模式/电子书模式,手势导航（默认）、屏幕内三键导航、悬浮导航,支持2D人脸识别,800万像素摄像头（f/2.0光圈） 备注：不同拍照模式的照片像素可能有差异，请以实际为准。,最大可支持2520×1080像素 备注：不同拍摄模式的视频像素可能有差异，请以实际为准。,最大可支持3264×2448像素 备注：不同拍照模式的照片像素可能有差异，请以实际为准。,最大支持1080P视频录制,"5000万像素主摄摄像头（f/1.9光圈）
1200万超广角摄像头（f/2.2光圈） 备注：不同拍照模式的照片像素可能有差异，请以实际为准。",最大10倍数字变焦 备注：不同模式下可能有差异，请以实际为准。,最大可支持3840×2160像素 备注：不同拍摄模式的视频像素可能有差异，请以实际为准。,最大可支持8192×6144像素 备注：不同拍照模式的照片像素可能有差异，请以实际为准。,最大支持4K（3840×2160）视频录制，支持防抖,人像模式、滤镜、笑脸抓拍、自拍镜像、声控拍照、定时拍摄、手势拍照。,支持,,,,,,,,,,4 × Cortex-A78 2.4GHz + 4 × Cortex-A55 1.8GHz,高通骁龙778G,八核,Adreno™ 642L,,支持,3gp/mp4/webm/mkv,HONOR Histen 7.1,mp3/mid/amr/awb/3gp/mp4/m4a/aac/wav/ogg/flac/mkv,折叠态：8.6 mm；展开态：4.3 mm,折叠态：74.7 mm；展开态：135.6 mm,约214克（含电池） 备注：数据源自荣耀实验室，整机重量不包含保护膜的重量；整机尺寸不包含保护膜的厚度以及摄像头凸起部分：受产品配置和制造工艺、测量方法的影响，实际产品重量和尺寸可能有所差异，请以实物为准。,156.5 mm,1600nit 峰值亮度,,,"展开态：2348x2016像素
折叠态：2348x1088像素 备注：该分辨率对应标准矩形，实际屏幕有效像素略少。",,,"展开态：7.71英寸
折叠态：6.45英寸 备注：显示屏采用圆角设计，按照标准矩形测量时，展开态屏幕的对角线长度是 7.71 英寸（实际可视区域略小），折叠态屏幕的对角线长度是 6.45 英寸（实际可视区域略小）。",,,柔性OLED屏,10.7亿色，DCI-P3广色域,多点触控，最多支持10点触控,,,35W有线快充 备注：最大支持35W有线快充，需搭配原装超级快充充电器使用。实际充电功率会随不同场景智能变化，请以实际为准。,4500mAh（典型值） 备注：电池额定容量为4400mAh（内置不可拆卸）。,锂聚合物电池,MagicOS 7.2（基于Android T）,支持联通/电信 5G/4G+/4G/3G/2G，移动5G/4G+/4G/2G，广电5G/4G+/4G,,,,,支持北斗/GPS/AGPS/Glonass/伽利略,蓝牙5.2，支持BLE，支持SBC、AAC，支持LDAC高清音频，支持aptX，aptX HD
